T0 [7, 1, 0, 0, 0, 0, 0, 3, 3, 0] [1, 0, 0, 0, 0, 0, 0, 0, 0, 0] Thread-0 22
T0 [6, 2, 0, 0, 0, 0, 0, 3, 3, 0] [2, 0, 0, 0, 0, 0, 0, 0, 0, 0] Thread-1 23
T0 [5, 3, 0, 0, 0, 0, 0, 3, 3, 0] [3, 0, 0, 0, 0, 0, 0, 0, 0, 0] Thread-2 24
T1 [5, 2, 1, 0, 0, 0, 0, 2, 3, 0] [3, 1, 0, 0, 0, 0, 0, 0, 0, 0] Thread-3 24
T0 [4, 3, 1, 0, 0, 0, 0, 2, 3, 0] [4, 1, 0, 0, 0, 0, 0, 0, 0, 0] Thread-0 25
T1 [4, 2, 2, 0, 0, 0, 0, 1, 3, 0] [4, 2, 0, 0, 0, 0, 0, 0, 0, 0] Thread-4 26
T4 [4, 1, 2, 0, 1, 0, 0, 0, 2, 0] [4, 2, 0, 0, 1, 0, 0, 0, 0, 0] Thread-5 26
T0 [3, 2, 2, 0, 1, 0, 0, 0, 2, 0] [5, 2, 0, 0, 1, 0, 0, 0, 0, 0] Thread-1 27
T6 [3, 1, 2, 0, 1, 1, 0, 0, 1, 0] [5, 2, 0, 0, 1, 0, 1, 0, 0, 0] Thread-7 27
T0 [2, 2, 2, 0, 1, 1, 0, 0, 1, 0] [6, 2, 0, 0, 1, 0, 1, 0, 0, 0] Thread-2 28
T6 [2, 1, 2, 0, 1, 2, 0, 0, 0, 0] [6, 2, 0, 0, 1, 0, 2, 0, 0, 0] Thread-8 29
T0 [1, 2, 2, 0, 1, 2, 0, 0, 0, 0] [7, 2, 0, 0, 1, 0, 2, 0, 0, 0] Thread-0 29
T0 [0, 3, 2, 0, 1, 2, 0, 0, 0, 0] [8, 2, 0, 0, 1, 0, 2, 0, 0, 0] Thread-1 30
T2 [0, 3, 1, 1, 1, 2, 0, 0, 0, 0] [8, 2, 1, 0, 1, 0, 2, 0, 0, 0] Thread-3 35
T2 [0, 3, 0, 2, 1, 2, 0, 0, 0, 0] [8, 2, 2, 0, 1, 0, 2, 0, 0, 0] Thread-4 46
T7 [0, 3, 0, 2, 1, 1, 1, 0, 0, 0] [8, 2, 2, 0, 1, 0, 2, 1, 0, 0] Thread-7 48
T8 [0, 3, 0, 2, 1, 1, 0, 0, 1, 1] [8, 2, 2, 0, 1, 0, 2, 1, 1, 0] Thread-7 65
T9 [1, 3, 0, 2, 1, 1, 0, 0, 1, 0] [8, 2, 2, 0, 1, 0, 2, 1, 1, 1] Thread-9 66
T0 [0, 4, 0, 2, 1, 1, 0, 0, 1, 0] [9, 2, 2, 0, 1, 0, 2, 1, 1, 1] Thread-2 66
T6 [0, 3, 0, 2, 1, 2, 0, 0, 0, 0] [9, 2, 2, 0, 1, 0, 3, 1, 1, 1] Thread-7 67
T5 [0, 3, 0, 2, 0, 2, 0, 1, 1, 1] [9, 2, 2, 0, 1, 1, 3, 1, 1, 1] Thread-5 67
T4 [0, 2, 0, 2, 1, 2, 0, 0, 0, 1] [9, 2, 2, 0, 2, 1, 3, 1, 1, 1] Thread-6 68
T9 [1, 2, 0, 2, 1, 2, 0, 0, 0, 0] [9, 2, 2, 0, 2, 1, 3, 1, 1, 2] Thread-10 68
T0 [0, 3, 0, 2, 1, 2, 0, 0, 0, 0] [10, 2, 2, 0, 2, 1, 3, 1, 1, 2] Thread-0 69
T7 [0, 3, 0, 2, 1, 1, 1, 0, 0, 0] [10, 2, 2, 0, 2, 1, 3, 2, 1, 2] Thread-7 70
T8 [0, 3, 0, 2, 1, 1, 0, 0, 1, 1] [10, 2, 2, 0, 2, 1, 3, 2, 2, 2] Thread-7 86
T9 [1, 3, 0, 2, 1, 1, 0, 0, 1, 0] [10, 2, 2, 0, 2, 1, 3, 2, 2, 3] Thread-11 87
T0 [0, 4, 0, 2, 1, 1, 0, 0, 1, 0] [11, 2, 2, 0, 2, 1, 3, 2, 2, 3] Thread-1 87
T6 [0, 3, 0, 2, 1, 2, 0, 0, 0, 0] [11, 2, 2, 0, 2, 1, 4, 2, 2, 3] Thread-7 88
T7 [0, 3, 0, 2, 1, 1, 1, 0, 0, 0] [11, 2, 2, 0, 2, 1, 4, 3, 2, 3] Thread-7 90
T8 [0, 3, 0, 2, 1, 1, 0, 0, 1, 1] [11, 2, 2, 0, 2, 1, 4, 3, 3, 3] Thread-7 107
T9 [1, 3, 0, 2, 1, 1, 0, 0, 1, 0] [11, 2, 2, 0, 2, 1, 4, 3, 3, 4] Thread-9 108
T0 [0, 4, 0, 2, 1, 1, 0, 0, 1, 0] [12, 2, 2, 0, 2, 1, 4, 3, 3, 4] Thread-2 108
T6 [0, 3, 0, 2, 1, 2, 0, 0, 0, 0] [12, 2, 2, 0, 2, 1, 5, 3, 3, 4] Thread-7 109
T5 [0, 3, 0, 2, 0, 2, 0, 1, 1, 1] [12, 2, 2, 0, 2, 2, 5, 3, 3, 4] Thread-6 110
T4 [0, 2, 0, 2, 1, 2, 0, 0, 0, 1] [12, 2, 2, 0, 3, 2, 5, 3, 3, 4] Thread-5 110
T9 [1, 2, 0, 2, 1, 2, 0, 0, 0, 0] [12, 2, 2, 0, 3, 2, 5, 3, 3, 5] Thread-10 110
T0 [0, 3, 0, 2, 1, 2, 0, 0, 0, 0] [13, 2, 2, 0, 3, 2, 5, 3, 3, 5] Thread-0 111
T7 [0, 3, 0, 2, 1, 1, 1, 0, 0, 0] [13, 2, 2, 0, 3, 2, 5, 4, 3, 5] Thread-7 112
T3 [0, 3, 0, 1, 1, 1, 1, 1, 0, 1] [13, 2, 2, 1, 3, 2, 5, 4, 3, 5] Thread-4 117
T9 [1, 3, 0, 1, 1, 1, 1, 1, 0, 0] [13, 2, 2, 1, 3, 2, 5, 4, 3, 6] Thread-11 117
T0 [0, 4, 0, 1, 1, 1, 1, 1, 0, 0] [14, 2, 2, 1, 3, 2, 5, 4, 3, 6] Thread-1 118
T1 [0, 3, 1, 1, 1, 1, 1, 0, 0, 0] [14, 3, 2, 1, 3, 2, 5, 4, 3, 6] Thread-4 118
T8 [0, 3, 1, 1, 1, 1, 0, 0, 1, 1] [14, 3, 2, 1, 3, 2, 5, 4, 4, 6] Thread-7 128
T9 [1, 3, 1, 1, 1, 1, 0, 0, 1, 0] [14, 3, 2, 1, 3, 2, 5, 4, 4, 7] Thread-9 129
T0 [0, 4, 1, 1, 1, 1, 0, 0, 1, 0] [15, 3, 2, 1, 3, 2, 5, 4, 4, 7] Thread-2 129
T6 [0, 3, 1, 1, 1, 2, 0, 0, 0, 0] [15, 3, 2, 1, 3, 2, 6, 4, 4, 7] Thread-7 130
T2 [0, 3, 0, 2, 1, 2, 0, 0, 0, 0] [15, 3, 3, 1, 3, 2, 6, 4, 4, 7] Thread-4 130
T7 [0, 3, 0, 2, 1, 1, 1, 0, 0, 0] [15, 3, 3, 1, 3, 2, 6, 5, 4, 7] Thread-7 132
T8 [0, 3, 0, 2, 1, 1, 0, 0, 1, 1] [15, 3, 3, 1, 3, 2, 6, 5, 5, 7] Thread-7 149
T9 [1, 3, 0, 2, 1, 1, 0, 0, 1, 0] [15, 3, 3, 1, 3, 2, 6, 5, 5, 8] Thread-10 150
T0 [0, 4, 0, 2, 1, 1, 0, 0, 1, 0] [16, 3, 3, 1, 3, 2, 6, 5, 5, 8] Thread-0 150
T6 [0, 3, 0, 2, 1, 2, 0, 0, 0, 0] [16, 3, 3, 1, 3, 2, 7, 5, 5, 8] Thread-7 151
T5 [0, 3, 0, 2, 0, 2, 0, 1, 1, 1] [16, 3, 3, 1, 3, 3, 7, 5, 5, 8] Thread-5 151
T4 [0, 2, 0, 2, 1, 2, 0, 0, 0, 1] [16, 3, 3, 1, 4, 3, 7, 5, 5, 8] Thread-6 152
T9 [1, 2, 0, 2, 1, 2, 0, 0, 0, 0] [16, 3, 3, 1, 4, 3, 7, 5, 5, 9] Thread-11 152
T0 [0, 3, 0, 2, 1, 2, 0, 0, 0, 0] [17, 3, 3, 1, 4, 3, 7, 5, 5, 9] Thread-1 153
T7 [0, 3, 0, 2, 1, 1, 1, 0, 0, 0] [17, 3, 3, 1, 4, 3, 7, 6, 5, 9] Thread-7 153
T8 [0, 3, 0, 2, 1, 1, 0, 0, 1, 1] [17, 3, 3, 1, 4, 3, 7, 6, 6, 9] Thread-7 169
T9 [1, 3, 0, 2, 1, 1, 0, 0, 1, 0] [17, 3, 3, 1, 4, 3, 7, 6, 6, 10] Thread-9 170
T0 [0, 4, 0, 2, 1, 1, 0, 0, 1, 0] [18, 3, 3, 1, 4, 3, 7, 6, 6, 10] Thread-2 170
T6 [0, 3, 0, 2, 1, 2, 0, 0, 0, 0] [18, 3, 3, 1, 4, 3, 8, 6, 6, 10] Thread-7 171
T7 [0, 3, 0, 2, 1, 1, 1, 0, 0, 0] [18, 3, 3, 1, 4, 3, 8, 7, 6, 10] Thread-8 173
T8 [0, 3, 0, 2, 1, 1, 0, 0, 1, 1] [18, 3, 3, 1, 4, 3, 8, 7, 7, 10] Thread-8 190
T9 [1, 3, 0, 2, 1, 1, 0, 0, 1, 0] [18, 3, 3, 1, 4, 3, 8, 7, 7, 11] Thread-10 191
T0 [0, 4, 0, 2, 1, 1, 0, 0, 1, 0] [19, 3, 3, 1, 4, 3, 8, 7, 7, 11] Thread-0 191
T6 [0, 3, 0, 2, 1, 2, 0, 0, 0, 0] [19, 3, 3, 1, 4, 3, 9, 7, 7, 11] Thread-8 192
T5 [0, 3, 0, 2, 0, 2, 0, 1, 1, 1] [19, 3, 3, 1, 4, 4, 9, 7, 7, 11] Thread-6 193
T4 [0, 2, 0, 2, 1, 2, 0, 0, 0, 1] [19, 3, 3, 1, 5, 4, 9, 7, 7, 11] Thread-5 193
T9 [1, 2, 0, 2, 1, 2, 0, 0, 0, 0] [19, 3, 3, 1, 5, 4, 9, 7, 7, 12] Thread-11 194
T0 [0, 3, 0, 2, 1, 2, 0, 0, 0, 0] [20, 3, 3, 1, 5, 4, 9, 7, 7, 12] Thread-1 195
T7 [0, 3, 0, 2, 1, 1, 1, 0, 0, 0] [20, 3, 3, 1, 5, 4, 9, 8, 7, 12] Thread-8 195
T3 [0, 3, 0, 1, 1, 1, 1, 1, 0, 1] [20, 3, 3, 2, 5, 4, 9, 8, 7, 12] Thread-3 198
T9 [1, 3, 0, 1, 1, 1, 1, 1, 0, 0] [20, 3, 3, 2, 5, 4, 9, 8, 7, 13] Thread-9 199
T0 [0, 4, 0, 1, 1, 1, 1, 1, 0, 0] [21, 3, 3, 2, 5, 4, 9, 8, 7, 13] Thread-2 199
T1 [0, 3, 1, 1, 1, 1, 1, 0, 0, 0] [21, 4, 3, 2, 5, 4, 9, 8, 7, 13] Thread-3 200
T2 [0, 3, 0, 2, 1, 1, 1, 0, 0, 0] [21, 4, 4, 2, 5, 4, 9, 8, 7, 13] Thread-3 210
T8 [0, 3, 0, 2, 1, 1, 0, 0, 1, 1] [21, 4, 4, 2, 5, 4, 9, 8, 8, 13] Thread-8 212
T9 [1, 3, 0, 2, 1, 1, 0, 0, 1, 0] [21, 4, 4, 2, 5, 4, 9, 8, 8, 14] Thread-10 212
T0 [0, 4, 0, 2, 1, 1, 0, 0, 1, 0] [22, 4, 4, 2, 5, 4, 9, 8, 8, 14] Thread-0 213
T6 [0, 3, 0, 2, 1, 2, 0, 0, 0, 0] [22, 4, 4, 2, 5, 4, 10, 8, 8, 14] Thread-8 214
T7 [0, 3, 0, 2, 1, 1, 1, 0, 0, 0] [22, 4, 4, 2, 5, 4, 10, 9, 8, 14] Thread-7 216
T8 [0, 3, 0, 2, 1, 1, 0, 0, 1, 1] [22, 4, 4, 2, 5, 4, 10, 9, 9, 14] Thread-7 233
T9 [1, 3, 0, 2, 1, 1, 0, 0, 1, 0] [22, 4, 4, 2, 5, 4, 10, 9, 9, 15] Thread-11 234
T0 [0, 4, 0, 2, 1, 1, 0, 0, 1, 0] [23, 4, 4, 2, 5, 4, 10, 9, 9, 15] Thread-1 234
T6 [0, 3, 0, 2, 1, 2, 0, 0, 0, 0] [23, 4, 4, 2, 5, 4, 11, 9, 9, 15] Thread-7 235
T5 [0, 3, 0, 2, 0, 2, 0, 1, 1, 1] [23, 4, 4, 2, 5, 5, 11, 9, 9, 15] Thread-5 235
T4 [0, 2, 0, 2, 1, 2, 0, 0, 0, 1] [23, 4, 4, 2, 6, 5, 11, 9, 9, 15] Thread-6 236
T9 [1, 2, 0, 2, 1, 2, 0, 0, 0, 0] [23, 4, 4, 2, 6, 5, 11, 9, 9, 16] Thread-9 236
T0 [0, 3, 0, 2, 1, 2, 0, 0, 0, 0] [24, 4, 4, 2, 6, 5, 11, 9, 9, 16] Thread-2 237
T7 [0, 3, 0, 2, 1, 1, 1, 0, 0, 0] [24, 4, 4, 2, 6, 5, 11, 10, 9, 16] Thread-7 237
T8 [0, 3, 0, 2, 1, 1, 0, 0, 1, 1] [24, 4, 4, 2, 6, 5, 11, 10, 10, 16] Thread-7 255
T9 [1, 3, 0, 2, 1, 1, 0, 0, 1, 0] [24, 4, 4, 2, 6, 5, 11, 10, 10, 17] Thread-10 256
T0 [0, 4, 0, 2, 1, 1, 0, 0, 1, 0] [25, 4, 4, 2, 6, 5, 11, 10, 10, 17] Thread-0 256
T6 [0, 3, 0, 2, 1, 2, 0, 0, 0, 0] [25, 4, 4, 2, 6, 5, 12, 10, 10, 17] Thread-7 257
T7 [0, 3, 0, 2, 1, 1, 1, 0, 0, 0] [25, 4, 4, 2, 6, 5, 12, 11, 10, 17] Thread-7 257
T8 [0, 3, 0, 2, 1, 1, 0, 0, 1, 1] [25, 4, 4, 2, 6, 5, 12, 11, 11, 17] Thread-7 275
T9 [1, 3, 0, 2, 1, 1, 0, 0, 1, 0] [25, 4, 4, 2, 6, 5, 12, 11, 11, 18] Thread-11 275
T0 [0, 4, 0, 2, 1, 1, 0, 0, 1, 0] [26, 4, 4, 2, 6, 5, 12, 11, 11, 18] Thread-1 276
T6 [0, 3, 0, 2, 1, 2, 0, 0, 0, 0] [26, 4, 4, 2, 6, 5, 13, 11, 11, 18] Thread-7 276
T5 [0, 3, 0, 2, 0, 2, 0, 1, 1, 1] [26, 4, 4, 2, 6, 6, 13, 11, 11, 18] Thread-6 277
T4 [0, 2, 0, 2, 1, 2, 0, 0, 0, 1] [26, 4, 4, 2, 7, 6, 13, 11, 11, 18] Thread-5 277
T9 [1, 2, 0, 2, 1, 2, 0, 0, 0, 0] [26, 4, 4, 2, 7, 6, 13, 11, 11, 19] Thread-9 278
T0 [0, 3, 0, 2, 1, 2, 0, 0, 0, 0] [27, 4, 4, 2, 7, 6, 13, 11, 11, 19] Thread-2 278
T7 [0, 3, 0, 2, 1, 1, 1, 0, 0, 0] [27, 4, 4, 2, 7, 6, 13, 12, 11, 19] Thread-8 279
T3 [0, 3, 0, 1, 1, 1, 1, 1, 0, 1] [27, 4, 4, 3, 7, 6, 13, 12, 11, 19] Thread-4 280
T9 [1, 3, 0, 1, 1, 1, 1, 1, 0, 0] [27, 4, 4, 3, 7, 6, 13, 12, 11, 20] Thread-10 280
T0 [0, 4, 0, 1, 1, 1, 1, 1, 0, 0] [28, 4, 4, 3, 7, 6, 13, 12, 11, 20] Thread-0 281
T1 [0, 3, 1, 1, 1, 1, 1, 0, 0, 0] [28, 5, 4, 3, 7, 6, 13, 12, 11, 20] Thread-4 282
T2 [0, 3, 0, 2, 1, 1, 1, 0, 0, 0] [28, 5, 5, 3, 7, 6, 13, 12, 11, 20] Thread-4 292
T8 [0, 3, 0, 2, 1, 1, 0, 0, 1, 1] [28, 5, 5, 3, 7, 6, 13, 12, 12, 20] Thread-8 296
T9 [1, 3, 0, 2, 1, 1, 0, 0, 1, 0] [28, 5, 5, 3, 7, 6, 13, 12, 12, 21] Thread-11 296
T0 [0, 4, 0, 2, 1, 1, 0, 0, 1, 0] [29, 5, 5, 3, 7, 6, 13, 12, 12, 21] Thread-1 297
T6 [0, 3, 0, 2, 1, 2, 0, 0, 0, 0] [29, 5, 5, 3, 7, 6, 14, 12, 12, 21] Thread-8 297
T7 [0, 3, 0, 2, 1, 1, 1, 0, 0, 0] [29, 5, 5, 3, 7, 6, 14, 13, 12, 21] Thread-8 300
T8 [0, 3, 0, 2, 1, 1, 0, 0, 1, 1] [29, 5, 5, 3, 7, 6, 14, 13, 13, 21] Thread-8 317
T9 [1, 3, 0, 2, 1, 1, 0, 0, 1, 0] [29, 5, 5, 3, 7, 6, 14, 13, 13, 22] Thread-9 317
T0 [0, 4, 0, 2, 1, 1, 0, 0, 1, 0] [30, 5, 5, 3, 7, 6, 14, 13, 13, 22] Thread-2 318
T6 [0, 3, 0, 2, 1, 2, 0, 0, 0, 0] [30, 5, 5, 3, 7, 6, 15, 13, 13, 22] Thread-8 318
T5 [0, 3, 0, 2, 0, 2, 0, 1, 1, 1] [30, 5, 5, 3, 7, 7, 15, 13, 13, 22] Thread-5 319
T4 [0, 2, 0, 2, 1, 2, 0, 0, 0, 1] [30, 5, 5, 3, 8, 7, 15, 13, 13, 22] Thread-6 319
T9 [1, 2, 0, 2, 1, 2, 0, 0, 0, 0] [30, 5, 5, 3, 8, 7, 15, 13, 13, 23] Thread-10 320
T0 [0, 3, 0, 2, 1, 2, 0, 0, 0, 0] [31, 5, 5, 3, 8, 7, 15, 13, 13, 23] Thread-0 320
T7 [0, 3, 0, 2, 1, 1, 1, 0, 0, 0] [31, 5, 5, 3, 8, 7, 15, 14, 13, 23] Thread-8 321
T8 [0, 3, 0, 2, 1, 1, 0, 0, 1, 1] [31, 5, 5, 3, 8, 7, 15, 14, 14, 23] Thread-8 338
T9 [1, 3, 0, 2, 1, 1, 0, 0, 1, 0] [31, 5, 5, 3, 8, 7, 15, 14, 14, 24] Thread-11 338
T0 [0, 4, 0, 2, 1, 1, 0, 0, 1, 0] [32, 5, 5, 3, 8, 7, 15, 14, 14, 24] Thread-1 339
T6 [0, 3, 0, 2, 1, 2, 0, 0, 0, 0] [32, 5, 5, 3, 8, 7, 16, 14, 14, 24] Thread-8 340
T7 [0, 3, 0, 2, 1, 1, 1, 0, 0, 0] [32, 5, 5, 3, 8, 7, 16, 15, 14, 24] Thread-8 340
T8 [0, 3, 0, 2, 1, 1, 0, 0, 1, 1] [32, 5, 5, 3, 8, 7, 16, 15, 15, 24] Thread-8 358
T9 [1, 3, 0, 2, 1, 1, 0, 0, 1, 0] [32, 5, 5, 3, 8, 7, 16, 15, 15, 25] Thread-9 358
T0 [0, 4, 0, 2, 1, 1, 0, 0, 1, 0] [33, 5, 5, 3, 8, 7, 16, 15, 15, 25] Thread-2 359
T6 [0, 3, 0, 2, 1, 2, 0, 0, 0, 0] [33, 5, 5, 3, 8, 7, 17, 15, 15, 25] Thread-8 359
T7 [0, 3, 0, 2, 1, 1, 1, 0, 0, 0] [33, 5, 5, 3, 8, 7, 17, 16, 15, 25] Thread-7 360
T3 [0, 3, 0, 1, 1, 1, 1, 1, 0, 1] [33, 5, 5, 4, 8, 7, 17, 16, 15, 25] Thread-3 361
T9 [1, 3, 0, 1, 1, 1, 1, 1, 0, 0] [33, 5, 5, 4, 8, 7, 17, 16, 15, 26] Thread-10 361
T0 [0, 4, 0, 1, 1, 1, 1, 1, 0, 0] [34, 5, 5, 4, 8, 7, 17, 16, 15, 26] Thread-0 362
T5 [0, 4, 0, 1, 0, 1, 1, 2, 1, 1] [34, 5, 5, 4, 8, 8, 17, 16, 15, 26] Thread-6 362
T4 [0, 3, 0, 1, 1, 1, 1, 1, 0, 1] [34, 5, 5, 4, 9, 8, 17, 16, 15, 26] Thread-5 363
T9 [1, 3, 0, 1, 1, 1, 1, 1, 0, 0] [34, 5, 5, 4, 9, 8, 17, 16, 15, 27] Thread-11 363
T0 [0, 4, 0, 1, 1, 1, 1, 1, 0, 0] [35, 5, 5, 4, 9, 8, 17, 16, 15, 27] Thread-1 364
T1 [0, 3, 1, 1, 1, 1, 1, 0, 0, 0] [35, 6, 5, 4, 9, 8, 17, 16, 15, 27] Thread-3 364
T2 [0, 3, 0, 2, 1, 1, 1, 0, 0, 0] [35, 6, 6, 4, 9, 8, 17, 16, 15, 27] Thread-3 375
T8 [0, 3, 0, 2, 1, 1, 0, 0, 1, 1] [35, 6, 6, 4, 9, 8, 17, 16, 16, 27] Thread-7 377
T9 [1, 3, 0, 2, 1, 1, 0, 0, 1, 0] [35, 6, 6, 4, 9, 8, 17, 16, 16, 28] Thread-9 377
T0 [0, 4, 0, 2, 1, 1, 0, 0, 1, 0] [36, 6, 6, 4, 9, 8, 17, 16, 16, 28] Thread-2 378
T6 [0, 3, 0, 2, 1, 2, 0, 0, 0, 0] [36, 6, 6, 4, 9, 8, 18, 16, 16, 28] Thread-7 378
T7 [0, 3, 0, 2, 1, 1, 1, 0, 0, 0] [36, 6, 6, 4, 9, 8, 18, 17, 16, 28] Thread-8 381
T8 [0, 3, 0, 2, 1, 1, 0, 0, 1, 1] [36, 6, 6, 4, 9, 8, 18, 17, 17, 28] Thread-8 398
T9 [1, 3, 0, 2, 1, 1, 0, 0, 1, 0] [36, 6, 6, 4, 9, 8, 18, 17, 17, 29] Thread-10 399
T0 [0, 4, 0, 2, 1, 1, 0, 0, 1, 0] [37, 6, 6, 4, 9, 8, 18, 17, 17, 29] Thread-0 399
T6 [0, 3, 0, 2, 1, 2, 0, 0, 0, 0] [37, 6, 6, 4, 9, 8, 19, 17, 17, 29] Thread-8 400
T7 [0, 3, 0, 2, 1, 1, 1, 0, 0, 0] [37, 6, 6, 4, 9, 8, 19, 18, 17, 29] Thread-7 401
T5 [0, 3, 0, 2, 0, 1, 1, 1, 1, 1] [37, 6, 6, 4, 9, 9, 19, 18, 17, 29] Thread-5 404
T4 [0, 2, 0, 2, 1, 1, 1, 0, 0, 1] [37, 6, 6, 4, 10, 9, 19, 18, 17, 29] Thread-6 404
T9 [1, 2, 0, 2, 1, 1, 1, 0, 0, 0] [37, 6, 6, 4, 10, 9, 19, 18, 17, 30] Thread-11 405
T0 [0, 3, 0, 2, 1, 1, 1, 0, 0, 0] [38, 6, 6, 4, 10, 9, 19, 18, 17, 30] Thread-1 406
T8 [0, 3, 0, 2, 1, 1, 0, 0, 1, 1] [38, 6, 6, 4, 10, 9, 19, 18, 18, 30] Thread-7 418
T9 [1, 3, 0, 2, 1, 1, 0, 0, 1, 0] [38, 6, 6, 4, 10, 9, 19, 18, 18, 31] Thread-9 418
T0 [0, 4, 0, 2, 1, 1, 0, 0, 1, 0] [39, 6, 6, 4, 10, 9, 19, 18, 18, 31] Thread-2 419
T6 [0, 3, 0, 2, 1, 2, 0, 0, 0, 0] [39, 6, 6, 4, 10, 9, 20, 18, 18, 31] Thread-7 419
T7 [0, 3, 0, 2, 1, 1, 1, 0, 0, 0] [39, 6, 6, 4, 10, 9, 20, 19, 18, 31] Thread-8 421
T8 [0, 3, 0, 2, 1, 1, 0, 0, 1, 1] [39, 6, 6, 4, 10, 9, 20, 19, 19, 31] Thread-8 438
T9 [1, 3, 0, 2, 1, 1, 0, 0, 1, 0] [39, 6, 6, 4, 10, 9, 20, 19, 19, 32] Thread-10 439
T0 [0, 4, 0, 2, 1, 1, 0, 0, 1, 0] [40, 6, 6, 4, 10, 9, 20, 19, 19, 32] Thread-0 439
T6 [0, 3, 0, 2, 1, 2, 0, 0, 0, 0] [40, 6, 6, 4, 10, 9, 21, 19, 19, 32] Thread-8 440
T7 [0, 3, 0, 2, 1, 1, 1, 0, 0, 0] [40, 6, 6, 4, 10, 9, 21, 20, 19, 32] Thread-7 442
T3 [0, 3, 0, 1, 1, 1, 1, 1, 0, 1] [40, 6, 6, 5, 10, 9, 21, 20, 19, 32] Thread-3 443
T9 [1, 3, 0, 1, 1, 1, 1, 1, 0, 0] [40, 6, 6, 5, 10, 9, 21, 20, 19, 33] Thread-11 443
T0 [0, 4, 0, 1, 1, 1, 1, 1, 0, 0] [41, 6, 6, 5, 10, 9, 21, 20, 19, 33] Thread-1 444
T1 [0, 3, 1, 1, 1, 1, 1, 0, 0, 0] [41, 7, 6, 5, 10, 9, 21, 20, 19, 33] Thread-3 444
T5 [0, 3, 1, 1, 0, 1, 1, 1, 1, 1] [41, 7, 6, 5, 10, 10, 21, 20, 19, 33] Thread-6 445
T4 [0, 2, 1, 1, 1, 1, 1, 0, 0, 1] [41, 7, 6, 5, 11, 10, 21, 20, 19, 33] Thread-5 445
T9 [1, 2, 1, 1, 1, 1, 1, 0, 0, 0] [41, 7, 6, 5, 11, 10, 21, 20, 19, 34] Thread-9 446
T0 [0, 3, 1, 1, 1, 1, 1, 0, 0, 0] [42, 7, 6, 5, 11, 10, 21, 20, 19, 34] Thread-2 446
T2 [0, 3, 0, 2, 1, 1, 1, 0, 0, 0] [42, 7, 7, 5, 11, 10, 21, 20, 19, 34] Thread-3 455
T8 [0, 3, 0, 2, 1, 1, 0, 0, 1, 1] [42, 7, 7, 5, 11, 10, 21, 20, 20, 34] Thread-7 459
T9 [1, 3, 0, 2, 1, 1, 0, 0, 1, 0] [42, 7, 7, 5, 11, 10, 21, 20, 20, 35] Thread-10 459
T0 [0, 4, 0, 2, 1, 1, 0, 0, 1, 0] [43, 7, 7, 5, 11, 10, 21, 20, 20, 35] Thread-0 460
T6 [0, 3, 0, 2, 1, 2, 0, 0, 0, 0] [43, 7, 7, 5, 11, 10, 22, 20, 20, 35] Thread-7 460
T7 [0, 3, 0, 2, 1, 1, 1, 0, 0, 0] [43, 7, 7, 5, 11, 10, 22, 21, 20, 35] Thread-7 463
T8 [0, 3, 0, 2, 1, 1, 0, 0, 1, 1] [43, 7, 7, 5, 11, 10, 22, 21, 21, 35] Thread-7 480
T9 [1, 3, 0, 2, 1, 1, 0, 0, 1, 0] [43, 7, 7, 5, 11, 10, 22, 21, 21, 36] Thread-11 481
T0 [0, 4, 0, 2, 1, 1, 0, 0, 1, 0] [44, 7, 7, 5, 11, 10, 22, 21, 21, 36] Thread-1 481
T6 [0, 3, 0, 2, 1, 2, 0, 0, 0, 0] [44, 7, 7, 5, 11, 10, 23, 21, 21, 36] Thread-7 481
T7 [0, 3, 0, 2, 1, 1, 1, 0, 0, 0] [44, 7, 7, 5, 11, 10, 23, 22, 21, 36] Thread-7 484
T5 [0, 3, 0, 2, 0, 1, 1, 1, 1, 1] [44, 7, 7, 5, 11, 11, 23, 22, 21, 36] Thread-5 486
T4 [0, 2, 0, 2, 1, 1, 1, 0, 0, 1] [44, 7, 7, 5, 12, 11, 23, 22, 21, 36] Thread-6 486
T9 [1, 2, 0, 2, 1, 1, 1, 0, 0, 0] [44, 7, 7, 5, 12, 11, 23, 22, 21, 37] Thread-9 487
T0 [0, 3, 0, 2, 1, 1, 1, 0, 0, 0] [45, 7, 7, 5, 12, 11, 23, 22, 21, 37] Thread-2 487
T8 [0, 3, 0, 2, 1, 1, 0, 0, 1, 1] [45, 7, 7, 5, 12, 11, 23, 22, 22, 37] Thread-7 501
T9 [1, 3, 0, 2, 1, 1, 0, 0, 1, 0] [45, 7, 7, 5, 12, 11, 23, 22, 22, 38] Thread-10 501
T0 [0, 4, 0, 2, 1, 1, 0, 0, 1, 0] [46, 7, 7, 5, 12, 11, 23, 22, 22, 38] Thread-0 502
T6 [0, 3, 0, 2, 1, 2, 0, 0, 0, 0] [46, 7, 7, 5, 12, 11, 24, 22, 22, 38] Thread-7 502
T7 [0, 3, 0, 2, 1, 1, 1, 0, 0, 0] [46, 7, 7, 5, 12, 11, 24, 23, 22, 38] Thread-7 505
T8 [0, 3, 0, 2, 1, 1, 0, 0, 1, 1] [46, 7, 7, 5, 12, 11, 24, 23, 23, 38] Thread-7 522
T9 [1, 3, 0, 2, 1, 1, 0, 0, 1, 0] [46, 7, 7, 5, 12, 11, 24, 23, 23, 39] Thread-11 523
T0 [0, 4, 0, 2, 1, 1, 0, 0, 1, 0] [47, 7, 7, 5, 12, 11, 24, 23, 23, 39] Thread-1 523
T6 [0, 3, 0, 2, 1, 2, 0, 0, 0, 0] [47, 7, 7, 5, 12, 11, 25, 23, 23, 39] Thread-7 523
T3 [0, 3, 0, 1, 1, 2, 0, 1, 0, 1] [47, 7, 7, 6, 12, 11, 25, 23, 23, 39] Thread-4 524
T9 [1, 3, 0, 1, 1, 2, 0, 1, 0, 0] [47, 7, 7, 6, 12, 11, 25, 23, 23, 40] Thread-9 524
T0 [0, 4, 0, 1, 1, 2, 0, 1, 0, 0] [48, 7, 7, 6, 12, 11, 25, 23, 23, 40] Thread-2 525
T7 [0, 4, 0, 1, 1, 1, 1, 1, 0, 0] [48, 7, 7, 6, 12, 11, 25, 24, 23, 40] Thread-7 525
T1 [0, 3, 1, 1, 1, 1, 1, 0, 0, 0] [48, 8, 7, 6, 12, 11, 25, 24, 23, 40] Thread-4 525
T5 [0, 3, 1, 1, 0, 1, 1, 1, 1, 1] [48, 8, 7, 6, 12, 12, 25, 24, 23, 40] Thread-6 527
T4 [0, 2, 1, 1, 1, 1, 1, 0, 0, 1] [48, 8, 7, 6, 13, 12, 25, 24, 23, 40] Thread-5 527
T9 [1, 2, 1, 1, 1, 1, 1, 0, 0, 0] [48, 8, 7, 6, 13, 12, 25, 24, 23, 41] Thread-10 528
T0 [0, 3, 1, 1, 1, 1, 1, 0, 0, 0] [49, 8, 7, 6, 13, 12, 25, 24, 23, 41] Thread-0 528
T2 [0, 3, 0, 2, 1, 1, 1, 0, 0, 0] [49, 8, 8, 6, 13, 12, 25, 24, 23, 41] Thread-4 536
T8 [0, 3, 0, 2, 1, 1, 0, 0, 1, 1] [49, 8, 8, 6, 13, 12, 25, 24, 24, 41] Thread-7 542
T9 [1, 3, 0, 2, 1, 1, 0, 0, 1, 0] [49, 8, 8, 6, 13, 12, 25, 24, 24, 42] Thread-11 542
T0 [0, 4, 0, 2, 1, 1, 0, 0, 1, 0] [50, 8, 8, 6, 13, 12, 25, 24, 24, 42] Thread-1 543
T6 [0, 3, 0, 2, 1, 2, 0, 0, 0, 0] [50, 8, 8, 6, 13, 12, 26, 24, 24, 42] Thread-7 543
T7 [0, 3, 0, 2, 1, 1, 1, 0, 0, 0] [50, 8, 8, 6, 13, 12, 26, 25, 24, 42] Thread-7 546
T8 [0, 3, 0, 2, 1, 1, 0, 0, 1, 1] [50, 8, 8, 6, 13, 12, 26, 25, 25, 42] Thread-7 563
T9 [1, 3, 0, 2, 1, 1, 0, 0, 1, 0] [50, 8, 8, 6, 13, 12, 26, 25, 25, 43] Thread-9 563
T0 [0, 4, 0, 2, 1, 1, 0, 0, 1, 0] [51, 8, 8, 6, 13, 12, 26, 25, 25, 43] Thread-2 564
T6 [0, 3, 0, 2, 1, 2, 0, 0, 0, 0] [51, 8, 8, 6, 13, 12, 27, 25, 25, 43] Thread-7 564
T7 [0, 3, 0, 2, 1, 1, 1, 0, 0, 0] [51, 8, 8, 6, 13, 12, 27, 26, 25, 43] Thread-8 567
T5 [0, 3, 0, 2, 0, 1, 1, 1, 1, 1] [51, 8, 8, 6, 13, 13, 27, 26, 25, 43] Thread-5 568
T4 [0, 2, 0, 2, 1, 1, 1, 0, 0, 1] [51, 8, 8, 6, 14, 13, 27, 26, 25, 43] Thread-6 568
T9 [1, 2, 0, 2, 1, 1, 1, 0, 0, 0] [51, 8, 8, 6, 14, 13, 27, 26, 25, 44] Thread-10 569
T0 [0, 3, 0, 2, 1, 1, 1, 0, 0, 0] [52, 8, 8, 6, 14, 13, 27, 26, 25, 44] Thread-0 569
T8 [0, 3, 0, 2, 1, 1, 0, 0, 1, 1] [52, 8, 8, 6, 14, 13, 27, 26, 26, 44] Thread-8 584
T9 [1, 3, 0, 2, 1, 1, 0, 0, 1, 0] [52, 8, 8, 6, 14, 13, 27, 26, 26, 45] Thread-11 584
T0 [0, 4, 0, 2, 1, 1, 0, 0, 1, 0] [53, 8, 8, 6, 14, 13, 27, 26, 26, 45] Thread-1 585
T6 [0, 3, 0, 2, 1, 2, 0, 0, 0, 0] [53, 8, 8, 6, 14, 13, 28, 26, 26, 45] Thread-8 585
T7 [0, 3, 0, 2, 1, 1, 1, 0, 0, 0] [53, 8, 8, 6, 14, 13, 28, 27, 26, 45] Thread-8 588
T8 [0, 3, 0, 2, 1, 1, 0, 0, 1, 1] [53, 8, 8, 6, 14, 13, 28, 27, 27, 45] Thread-8 605
T9 [1, 3, 0, 2, 1, 1, 0, 0, 1, 0] [53, 8, 8, 6, 14, 13, 28, 27, 27, 46] Thread-9 606
T0 [0, 4, 0, 2, 1, 1, 0, 0, 1, 0] [54, 8, 8, 6, 14, 13, 28, 27, 27, 46] Thread-2 606
T3 [0, 4, 0, 1, 1, 1, 0, 1, 1, 1] [54, 8, 8, 7, 14, 13, 28, 27, 27, 46] Thread-3 607
T4 [0, 3, 0, 1, 2, 1, 0, 0, 0, 1] [54, 8, 8, 7, 15, 13, 28, 27, 27, 46] Thread-5 607
T9 [1, 3, 0, 1, 2, 1, 0, 0, 0, 0] [54, 8, 8, 7, 15, 13, 28, 27, 27, 47] Thread-10 607
T0 [0, 4, 0, 1, 2, 1, 0, 0, 0, 0] [55, 8, 8, 7, 15, 13, 28, 27, 27, 47] Thread-0 608
T5 [0, 4, 0, 1, 1, 1, 0, 1, 1, 1] [55, 8, 8, 7, 15, 14, 28, 27, 27, 47] Thread-5 608
T9 [1, 4, 0, 1, 1, 1, 0, 1, 1, 0] [55, 8, 8, 7, 15, 14, 28, 27, 27, 48] Thread-11 609
T6 [1, 3, 0, 1, 1, 2, 0, 1, 0, 0] [55, 8, 8, 7, 15, 14, 29, 27, 27, 48] Thread-8 609
T1 [1, 2, 1, 1, 1, 2, 0, 0, 0, 0] [55, 9, 8, 7, 15, 14, 29, 27, 27, 48] Thread-3 609
T0 [0, 3, 1, 1, 1, 2, 0, 0, 0, 0] [56, 9, 8, 7, 15, 14, 29, 27, 27, 48] Thread-1 610
T7 [0, 3, 1, 1, 1, 1, 1, 0, 0, 0] [56, 9, 8, 7, 15, 14, 29, 28, 27, 48] Thread-7 610
T2 [0, 3, 0, 2, 1, 1, 1, 0, 0, 0] [56, 9, 9, 7, 15, 14, 29, 28, 27, 48] Thread-3 620
T8 [0, 3, 0, 2, 1, 1, 0, 0, 1, 1] [56, 9, 9, 7, 15, 14, 29, 28, 28, 48] Thread-7 628
T9 [1, 3, 0, 2, 1, 1, 0, 0, 1, 0] [56, 9, 9, 7, 15, 14, 29, 28, 28, 49] Thread-9 628
T0 [0, 4, 0, 2, 1, 1, 0, 0, 1, 0] [57, 9, 9, 7, 15, 14, 29, 28, 28, 49] Thread-2 629
T6 [0, 3, 0, 2, 1, 2, 0, 0, 0, 0] [57, 9, 9, 7, 15, 14, 30, 28, 28, 49] Thread-7 629
T7 [0, 3, 0, 2, 1, 1, 1, 0, 0, 0] [57, 9, 9, 7, 15, 14, 30, 29, 28, 49] Thread-7 631
T8 [0, 3, 0, 2, 1, 1, 0, 0, 1, 1] [57, 9, 9, 7, 15, 14, 30, 29, 29, 49] Thread-7 649
T9 [1, 3, 0, 2, 1, 1, 0, 0, 1, 0] [57, 9, 9, 7, 15, 14, 30, 29, 29, 50] Thread-10 649
T0 [0, 4, 0, 2, 1, 1, 0, 0, 1, 0] [58, 9, 9, 7, 15, 14, 30, 29, 29, 50] Thread-0 650
T6 [0, 3, 0, 2, 1, 2, 0, 0, 0, 0] [58, 9, 9, 7, 15, 14, 31, 29, 29, 50] Thread-7 650
T5 [0, 3, 0, 2, 0, 2, 0, 1, 1, 1] [58, 9, 9, 7, 15, 15, 31, 29, 29, 50] Thread-6 651
T4 [0, 2, 0, 2, 1, 2, 0, 0, 0, 1] [58, 9, 9, 7, 16, 15, 31, 29, 29, 50] Thread-5 651
T9 [1, 2, 0, 2, 1, 2, 0, 0, 0, 0] [58, 9, 9, 7, 16, 15, 31, 29, 29, 51] Thread-11 651
T0 [0, 3, 0, 2, 1, 2, 0, 0, 0, 0] [59, 9, 9, 7, 16, 15, 31, 29, 29, 51] Thread-1 652
T7 [0, 3, 0, 2, 1, 1, 1, 0, 0, 0] [59, 9, 9, 7, 16, 15, 31, 30, 29, 51] Thread-7 652
T8 [0, 3, 0, 2, 1, 1, 0, 0, 1, 1] [59, 9, 9, 7, 16, 15, 31, 30, 30, 51] Thread-7 670
T9 [1, 3, 0, 2, 1, 1, 0, 0, 1, 0] [59, 9, 9, 7, 16, 15, 31, 30, 30, 52] Thread-9 670
T0 [0, 4, 0, 2, 1, 1, 0, 0, 1, 0] [60, 9, 9, 7, 16, 15, 31, 30, 30, 52] Thread-2 671
T6 [0, 3, 0, 2, 1, 2, 0, 0, 0, 0] [60, 9, 9, 7, 16, 15, 32, 30, 30, 52] Thread-7 671
T7 [0, 3, 0, 2, 1, 1, 1, 0, 0, 0] [60, 9, 9, 7, 16, 15, 32, 31, 30, 52] Thread-7 673
T3 [0, 3, 0, 1, 1, 1, 1, 1, 0, 1] [60, 9, 9, 8, 16, 15, 32, 31, 30, 52] Thread-4 687
T9 [1, 3, 0, 1, 1, 1, 1, 1, 0, 0] [60, 9, 9, 8, 16, 15, 32, 31, 30, 53] Thread-10 688
T0 [0, 4, 0, 1, 1, 1, 1, 1, 0, 0] [61, 9, 9, 8, 16, 15, 32, 31, 30, 53] Thread-0 688
T1 [0, 3, 1, 1, 1, 1, 1, 0, 0, 0] [61, 10, 9, 8, 16, 15, 32, 31, 30, 53] Thread-4 689
T8 [0, 3, 1, 1, 1, 1, 0, 0, 1, 1] [61, 10, 9, 8, 16, 15, 32, 31, 31, 53] Thread-7 690
T9 [1, 3, 1, 1, 1, 1, 0, 0, 1, 0] [61, 10, 9, 8, 16, 15, 32, 31, 31, 54] Thread-11 690
T0 [0, 4, 1, 1, 1, 1, 0, 0, 1, 0] [62, 10, 9, 8, 16, 15, 32, 31, 31, 54] Thread-1 691
T6 [0, 3, 1, 1, 1, 2, 0, 0, 0, 0] [62, 10, 9, 8, 16, 15, 33, 31, 31, 54] Thread-7 691
T5 [0, 3, 1, 1, 0, 2, 0, 1, 1, 1] [62, 10, 9, 8, 16, 16, 33, 31, 31, 54] Thread-5 692
T4 [0, 2, 1, 1, 1, 2, 0, 0, 0, 1] [62, 10, 9, 8, 17, 16, 33, 31, 31, 54] Thread-6 692
T9 [1, 2, 1, 1, 1, 2, 0, 0, 0, 0] [62, 10, 9, 8, 17, 16, 33, 31, 31, 55] Thread-9 693
T0 [0, 3, 1, 1, 1, 2, 0, 0, 0, 0] [63, 10, 9, 8, 17, 16, 33, 31, 31, 55] Thread-2 693
T7 [0, 3, 1, 1, 1, 1, 1, 0, 0, 0] [63, 10, 9, 8, 17, 16, 33, 32, 31, 55] Thread-8 694
T2 [0, 3, 0, 2, 1, 1, 1, 0, 0, 0] [63, 10, 10, 8, 17, 16, 33, 32, 31, 55] Thread-4 698
T8 [0, 3, 0, 2, 1, 1, 0, 0, 1, 1] [63, 10, 10, 8, 17, 16, 33, 32, 32, 55] Thread-8 709
T9 [1, 3, 0, 2, 1, 1, 0, 0, 1, 0] [63, 10, 10, 8, 17, 16, 33, 32, 32, 56] Thread-10 710
T0 [0, 4, 0, 2, 1, 1, 0, 0, 1, 0] [64, 10, 10, 8, 17, 16, 33, 32, 32, 56] Thread-0 710
T6 [0, 3, 0, 2, 1, 2, 0, 0, 0, 0] [64, 10, 10, 8, 17, 16, 34, 32, 32, 56] Thread-8 710
T7 [0, 3, 0, 2, 1, 1, 1, 0, 0, 0] [64, 10, 10, 8, 17, 16, 34, 33, 32, 56] Thread-7 714
T8 [0, 3, 0, 2, 1, 1, 0, 0, 1, 1] [64, 10, 10, 8, 17, 16, 34, 33, 33, 56] Thread-7 731
T9 [1, 3, 0, 2, 1, 1, 0, 0, 1, 0] [64, 10, 10, 8, 17, 16, 34, 33, 33, 57] Thread-11 732
T0 [0, 4, 0, 2, 1, 1, 0, 0, 1, 0] [65, 10, 10, 8, 17, 16, 34, 33, 33, 57] Thread-1 732
T6 [0, 3, 0, 2, 1, 2, 0, 0, 0, 0] [65, 10, 10, 8, 17, 16, 35, 33, 33, 57] Thread-7 733
T5 [0, 3, 0, 2, 0, 2, 0, 1, 1, 1] [65, 10, 10, 8, 17, 17, 35, 33, 33, 57] Thread-6 733
T4 [0, 2, 0, 2, 1, 2, 0, 0, 0, 1] [65, 10, 10, 8, 18, 17, 35, 33, 33, 57] Thread-5 734
T9 [1, 2, 0, 2, 1, 2, 0, 0, 0, 0] [65, 10, 10, 8, 18, 17, 35, 33, 33, 58] Thread-9 734
T0 [0, 3, 0, 2, 1, 2, 0, 0, 0, 0] [66, 10, 10, 8, 18, 17, 35, 33, 33, 58] Thread-2 735
T7 [0, 3, 0, 2, 1, 1, 1, 0, 0, 0] [66, 10, 10, 8, 18, 17, 35, 34, 33, 58] Thread-7 735
T8 [0, 3, 0, 2, 1, 1, 0, 0, 1, 1] [66, 10, 10, 8, 18, 17, 35, 34, 34, 58] Thread-7 752
T9 [1, 3, 0, 2, 1, 1, 0, 0, 1, 0] [66, 10, 10, 8, 18, 17, 35, 34, 34, 59] Thread-10 753
T0 [0, 4, 0, 2, 1, 1, 0, 0, 1, 0] [67, 10, 10, 8, 18, 17, 35, 34, 34, 59] Thread-0 753
T6 [0, 3, 0, 2, 1, 2, 0, 0, 0, 0] [67, 10, 10, 8, 18, 17, 36, 34, 34, 59] Thread-7 755
T7 [0, 3, 0, 2, 1, 1, 1, 0, 0, 0] [67, 10, 10, 8, 18, 17, 36, 35, 34, 59] Thread-7 755
T3 [0, 3, 0, 1, 1, 1, 1, 1, 0, 1] [67, 10, 10, 9, 18, 17, 36, 35, 34, 59] Thread-4 768
T9 [1, 3, 0, 1, 1, 1, 1, 1, 0, 0] [67, 10, 10, 9, 18, 17, 36, 35, 34, 60] Thread-11 768
T0 [0, 4, 0, 1, 1, 1, 1, 1, 0, 0] [68, 10, 10, 9, 18, 17, 36, 35, 34, 60] Thread-1 769
T1 [0, 3, 1, 1, 1, 1, 1, 0, 0, 0] [68, 11, 10, 9, 18, 17, 36, 35, 34, 60] Thread-4 769
T8 [0, 3, 1, 1, 1, 1, 0, 0, 1, 1] [68, 11, 10, 9, 18, 17, 36, 35, 35, 60] Thread-7 771
T9 [1, 3, 1, 1, 1, 1, 0, 0, 1, 0] [68, 11, 10, 9, 18, 17, 36, 35, 35, 61] Thread-9 771
T0 [0, 4, 1, 1, 1, 1, 0, 0, 1, 0] [69, 11, 10, 9, 18, 17, 36, 35, 35, 61] Thread-2 773
T6 [0, 3, 1, 1, 1, 2, 0, 0, 0, 0] [69, 11, 10, 9, 18, 17, 37, 35, 35, 61] Thread-7 773
T5 [0, 3, 1, 1, 0, 2, 0, 1, 1, 1] [69, 11, 10, 9, 18, 18, 37, 35, 35, 61] Thread-5 775
T4 [0, 2, 1, 1, 1, 2, 0, 0, 0, 1] [69, 11, 10, 9, 19, 18, 37, 35, 35, 61] Thread-6 775
T9 [1, 2, 1, 1, 1, 2, 0, 0, 0, 0] [69, 11, 10, 9, 19, 18, 37, 35, 35, 62] Thread-10 776
T0 [0, 3, 1, 1, 1, 2, 0, 0, 0, 0] [70, 11, 10, 9, 19, 18, 37, 35, 35, 62] Thread-0 776
T7 [0, 3, 1, 1, 1, 1, 1, 0, 0, 0] [70, 11, 10, 9, 19, 18, 37, 36, 35, 62] Thread-7 777
T2 [0, 3, 0, 2, 1, 1, 1, 0, 0, 0] [70, 11, 11, 9, 19, 18, 37, 36, 35, 62] Thread-4 781
T8 [0, 3, 0, 2, 1, 1, 0, 0, 1, 1] [70, 11, 11, 9, 19, 18, 37, 36, 36, 62] Thread-7 792
T9 [1, 3, 0, 2, 1, 1, 0, 0, 1, 0] [70, 11, 11, 9, 19, 18, 37, 36, 36, 63] Thread-11 792
T0 [0, 4, 0, 2, 1, 1, 0, 0, 1, 0] [71, 11, 11, 9, 19, 18, 37, 36, 36, 63] Thread-1 793
T6 [0, 3, 0, 2, 1, 2, 0, 0, 0, 0] [71, 11, 11, 9, 19, 18, 38, 36, 36, 63] Thread-7 793
T7 [0, 3, 0, 2, 1, 1, 1, 0, 0, 0] [71, 11, 11, 9, 19, 18, 38, 37, 36, 63] Thread-8 796
T8 [0, 3, 0, 2, 1, 1, 0, 0, 1, 1] [71, 11, 11, 9, 19, 18, 38, 37, 37, 63] Thread-8 813
T9 [1, 3, 0, 2, 1, 1, 0, 0, 1, 0] [71, 11, 11, 9, 19, 18, 38, 37, 37, 64] Thread-9 813
T0 [0, 4, 0, 2, 1, 1, 0, 0, 1, 0] [72, 11, 11, 9, 19, 18, 38, 37, 37, 64] Thread-2 814
T6 [0, 3, 0, 2, 1, 2, 0, 0, 0, 0] [72, 11, 11, 9, 19, 18, 39, 37, 37, 64] Thread-8 814
T5 [0, 3, 0, 2, 0, 2, 0, 1, 1, 1] [72, 11, 11, 9, 19, 19, 39, 37, 37, 64] Thread-6 816
T4 [0, 2, 0, 2, 1, 2, 0, 0, 0, 1] [72, 11, 11, 9, 20, 19, 39, 37, 37, 64] Thread-5 816
T9 [1, 2, 0, 2, 1, 2, 0, 0, 0, 0] [72, 11, 11, 9, 20, 19, 39, 37, 37, 65] Thread-10 817
T0 [0, 3, 0, 2, 1, 2, 0, 0, 0, 0] [73, 11, 11, 9, 20, 19, 39, 37, 37, 65] Thread-0 817
T7 [0, 3, 0, 2, 1, 1, 1, 0, 0, 0] [73, 11, 11, 9, 20, 19, 39, 38, 37, 65] Thread-8 818
T8 [0, 3, 0, 2, 1, 1, 0, 0, 1, 1] [73, 11, 11, 9, 20, 19, 39, 38, 38, 65] Thread-8 834
T9 [1, 3, 0, 2, 1, 1, 0, 0, 1, 0] [73, 11, 11, 9, 20, 19, 39, 38, 38, 66] Thread-11 834
T0 [0, 4, 0, 2, 1, 1, 0, 0, 1, 0] [74, 11, 11, 9, 20, 19, 39, 38, 38, 66] Thread-1 835
T6 [0, 3, 0, 2, 1, 2, 0, 0, 0, 0] [74, 11, 11, 9, 20, 19, 40, 38, 38, 66] Thread-8 835
T7 [0, 3, 0, 2, 1, 1, 1, 0, 0, 0] [74, 11, 11, 9, 20, 19, 40, 39, 38, 66] Thread-8 838
T3 [0, 3, 0, 1, 1, 1, 1, 1, 0, 1] [74, 11, 11, 10, 20, 19, 40, 39, 38, 66] Thread-4 849
T9 [1, 3, 0, 1, 1, 1, 1, 1, 0, 0] [74, 11, 11, 10, 20, 19, 40, 39, 38, 67] Thread-9 849
T0 [0, 4, 0, 1, 1, 1, 1, 1, 0, 0] [75, 11, 11, 10, 20, 19, 40, 39, 38, 67] Thread-2 850
T1 [0, 3, 1, 1, 1, 1, 1, 0, 0, 0] [75, 12, 11, 10, 20, 19, 40, 39, 38, 67] Thread-4 850
T8 [0, 3, 1, 1, 1, 1, 0, 0, 1, 1] [75, 12, 11, 10, 20, 19, 40, 39, 39, 67] Thread-8 855
T9 [1, 3, 1, 1, 1, 1, 0, 0, 1, 0] [75, 12, 11, 10, 20, 19, 40, 39, 39, 68] Thread-10 855
T0 [0, 4, 1, 1, 1, 1, 0, 0, 1, 0] [76, 12, 11, 10, 20, 19, 40, 39, 39, 68] Thread-0 856
T6 [0, 3, 1, 1, 1, 2, 0, 0, 0, 0] [76, 12, 11, 10, 20, 19, 41, 39, 39, 68] Thread-8 856
T5 [0, 3, 1, 1, 0, 2, 0, 1, 1, 1] [76, 12, 11, 10, 20, 20, 41, 39, 39, 68] Thread-5 857
T4 [0, 2, 1, 1, 1, 2, 0, 0, 0, 1] [76, 12, 11, 10, 21, 20, 41, 39, 39, 68] Thread-6 857
T9 [1, 2, 1, 1, 1, 2, 0, 0, 0, 0] [76, 12, 11, 10, 21, 20, 41, 39, 39, 69] Thread-11 857
T0 [0, 3, 1, 1, 1, 2, 0, 0, 0, 0] [77, 12, 11, 10, 21, 20, 41, 39, 39, 69] Thread-1 858
T7 [0, 3, 1, 1, 1, 1, 1, 0, 0, 0] [77, 12, 11, 10, 21, 20, 41, 40, 39, 69] Thread-8 858
T2 [0, 3, 0, 2, 1, 1, 1, 0, 0, 0] [77, 12, 12, 10, 21, 20, 41, 40, 39, 69] Thread-4 862
T8 [0, 3, 0, 2, 1, 1, 0, 0, 1, 1] [77, 12, 12, 10, 21, 20, 41, 40, 40, 69] Thread-8 874
T9 [1, 3, 0, 2, 1, 1, 0, 0, 1, 0] [77, 12, 12, 10, 21, 20, 41, 40, 40, 70] Thread-9 874
T0 [0, 4, 0, 2, 1, 1, 0, 0, 1, 0] [78, 12, 12, 10, 21, 20, 41, 40, 40, 70] Thread-2 875
T6 [0, 3, 0, 2, 1, 2, 0, 0, 0, 0] [78, 12, 12, 10, 21, 20, 42, 40, 40, 70] Thread-8 875
T7 [0, 3, 0, 2, 1, 1, 1, 0, 0, 0] [78, 12, 12, 10, 21, 20, 42, 41, 40, 70] Thread-7 878
T8 [0, 3, 0, 2, 1, 1, 0, 0, 1, 1] [78, 12, 12, 10, 21, 20, 42, 41, 41, 70] Thread-7 895
T9 [1, 3, 0, 2, 1, 1, 0, 0, 1, 0] [78, 12, 12, 10, 21, 20, 42, 41, 41, 71] Thread-10 896
T0 [0, 4, 0, 2, 1, 1, 0, 0, 1, 0] [79, 12, 12, 10, 21, 20, 42, 41, 41, 71] Thread-0 896
T6 [0, 3, 0, 2, 1, 2, 0, 0, 0, 0] [79, 12, 12, 10, 21, 20, 43, 41, 41, 71] Thread-7 896
T5 [0, 3, 0, 2, 0, 2, 0, 1, 1, 1] [79, 12, 12, 10, 21, 21, 43, 41, 41, 71] Thread-6 897
T4 [0, 2, 0, 2, 1, 2, 0, 0, 0, 1] [79, 12, 12, 10, 22, 21, 43, 41, 41, 71] Thread-5 897
T9 [1, 2, 0, 2, 1, 2, 0, 0, 0, 0] [79, 12, 12, 10, 22, 21, 43, 41, 41, 72] Thread-11 898
T0 [0, 3, 0, 2, 1, 2, 0, 0, 0, 0] [80, 12, 12, 10, 22, 21, 43, 41, 41, 72] Thread-1 898
T7 [0, 3, 0, 2, 1, 1, 1, 0, 0, 0] [80, 12, 12, 10, 22, 21, 43, 42, 41, 72] Thread-7 899
T8 [0, 3, 0, 2, 1, 1, 0, 0, 1, 1] [80, 12, 12, 10, 22, 21, 43, 42, 42, 72] Thread-7 915
T9 [1, 3, 0, 2, 1, 1, 0, 0, 1, 0] [80, 12, 12, 10, 22, 21, 43, 42, 42, 73] Thread-9 915
T0 [0, 4, 0, 2, 1, 1, 0, 0, 1, 0] [81, 12, 12, 10, 22, 21, 43, 42, 42, 73] Thread-2 916
T6 [0, 3, 0, 2, 1, 2, 0, 0, 0, 0] [81, 12, 12, 10, 22, 21, 44, 42, 42, 73] Thread-7 916
T7 [0, 3, 0, 2, 1, 1, 1, 0, 0, 0] [81, 12, 12, 10, 22, 21, 44, 43, 42, 73] Thread-7 919
T3 [0, 3, 0, 1, 1, 1, 1, 1, 0, 1] [81, 12, 12, 11, 22, 21, 44, 43, 42, 73] Thread-4 929
T9 [1, 3, 0, 1, 1, 1, 1, 1, 0, 0] [81, 12, 12, 11, 22, 21, 44, 43, 42, 74] Thread-10 929
T0 [0, 4, 0, 1, 1, 1, 1, 1, 0, 0] [82, 12, 12, 11, 22, 21, 44, 43, 42, 74] Thread-0 930
T1 [0, 3, 1, 1, 1, 1, 1, 0, 0, 0] [82, 13, 12, 11, 22, 21, 44, 43, 42, 74] Thread-4 930
T8 [0, 3, 1, 1, 1, 1, 0, 0, 1, 1] [82, 13, 12, 11, 22, 21, 44, 43, 43, 74] Thread-7 937
T9 [1, 3, 1, 1, 1, 1, 0, 0, 1, 0] [82, 13, 12, 11, 22, 21, 44, 43, 43, 75] Thread-11 937
T0 [0, 4, 1, 1, 1, 1, 0, 0, 1, 0] [83, 13, 12, 11, 22, 21, 44, 43, 43, 75] Thread-1 938
T6 [0, 3, 1, 1, 1, 2, 0, 0, 0, 0] [83, 13, 12, 11, 22, 21, 45, 43, 43, 75] Thread-7 938
T5 [0, 3, 1, 1, 0, 2, 0, 1, 1, 1] [83, 13, 12, 11, 22, 22, 45, 43, 43, 75] Thread-5 939
T4 [0, 2, 1, 1, 1, 2, 0, 0, 0, 1] [83, 13, 12, 11, 23, 22, 45, 43, 43, 75] Thread-6 939
T9 [1, 2, 1, 1, 1, 2, 0, 0, 0, 0] [83, 13, 12, 11, 23, 22, 45, 43, 43, 76] Thread-9 940
T0 [0, 3, 1, 1, 1, 2, 0, 0, 0, 0] [84, 13, 12, 11, 23, 22, 45, 43, 43, 76] Thread-2 940
T7 [0, 3, 1, 1, 1, 1, 1, 0, 0, 0] [84, 13, 12, 11, 23, 22, 45, 44, 43, 76] Thread-7 940
T2 [0, 3, 0, 2, 1, 1, 1, 0, 0, 0] [84, 13, 13, 11, 23, 22, 45, 44, 43, 76] Thread-4 942
T8 [0, 3, 0, 2, 1, 1, 0, 0, 1, 1] [84, 13, 13, 11, 23, 22, 45, 44, 44, 76] Thread-7 958
T9 [1, 3, 0, 2, 1, 1, 0, 0, 1, 0] [84, 13, 13, 11, 23, 22, 45, 44, 44, 77] Thread-10 958
T0 [0, 4, 0, 2, 1, 1, 0, 0, 1, 0] [85, 13, 13, 11, 23, 22, 45, 44, 44, 77] Thread-0 958
T6 [0, 3, 0, 2, 1, 2, 0, 0, 0, 0] [85, 13, 13, 11, 23, 22, 46, 44, 44, 77] Thread-7 959
T7 [0, 3, 0, 2, 1, 1, 1, 0, 0, 0] [85, 13, 13, 11, 23, 22, 46, 45, 44, 77] Thread-8 960
T8 [0, 3, 0, 2, 1, 1, 0, 0, 1, 1] [85, 13, 13, 11, 23, 22, 46, 45, 45, 77] Thread-8 977
T9 [1, 3, 0, 2, 1, 1, 0, 0, 1, 0] [85, 13, 13, 11, 23, 22, 46, 45, 45, 78] Thread-11 977
T0 [0, 4, 0, 2, 1, 1, 0, 0, 1, 0] [86, 13, 13, 11, 23, 22, 46, 45, 45, 78] Thread-1 978
T6 [0, 3, 0, 2, 1, 2, 0, 0, 0, 0] [86, 13, 13, 11, 23, 22, 47, 45, 45, 78] Thread-8 978
T7 [0, 3, 0, 2, 1, 1, 1, 0, 0, 0] [86, 13, 13, 11, 23, 22, 47, 46, 45, 78] Thread-7 981
T5 [0, 3, 0, 2, 0, 1, 1, 1, 1, 1] [86, 13, 13, 11, 23, 23, 47, 46, 45, 78] Thread-6 981
T4 [0, 2, 0, 2, 1, 1, 1, 0, 0, 1] [86, 13, 13, 11, 24, 23, 47, 46, 45, 78] Thread-5 982
T9 [1, 2, 0, 2, 1, 1, 1, 0, 0, 0] [86, 13, 13, 11, 24, 23, 47, 46, 45, 79] Thread-9 982
T0 [0, 3, 0, 2, 1, 1, 1, 0, 0, 0] [87, 13, 13, 11, 24, 23, 47, 46, 45, 79] Thread-2 983
T8 [0, 3, 0, 2, 1, 1, 0, 0, 1, 1] [87, 13, 13, 11, 24, 23, 47, 46, 46, 79] Thread-7 998
T9 [1, 3, 0, 2, 1, 1, 0, 0, 1, 0] [87, 13, 13, 11, 24, 23, 47, 46, 46, 80] Thread-10 999
T0 [0, 4, 0, 2, 1, 1, 0, 0, 1, 0] [88, 13, 13, 11, 24, 23, 47, 46, 46, 80] Thread-0 999
T6 [0, 3, 0, 2, 1, 2, 0, 0, 0, 0] [88, 13, 13, 11, 24, 23, 48, 46, 46, 80] Thread-7 999
T7 [0, 3, 0, 2, 1, 1, 1, 0, 0, 0] [88, 13, 13, 11, 24, 23, 48, 47, 46, 80] Thread-8 1002
T3 [0, 3, 0, 1, 1, 1, 1, 1, 0, 1] [88, 13, 13, 12, 24, 23, 48, 47, 46, 80] Thread-4 1010
T9 [1, 3, 0, 1, 1, 1, 1, 1, 0, 0] [88, 13, 13, 12, 24, 23, 48, 47, 46, 81] Thread-11 1011
T0 [0, 4, 0, 1, 1, 1, 1, 1, 0, 0] [89, 13, 13, 12, 24, 23, 48, 47, 46, 81] Thread-1 1011
T1 [0, 3, 1, 1, 1, 1, 1, 0, 0, 0] [89, 14, 13, 12, 24, 23, 48, 47, 46, 81] Thread-4 1011
T8 [0, 3, 1, 1, 1, 1, 0, 0, 1, 1] [89, 14, 13, 12, 24, 23, 48, 47, 47, 81] Thread-8 1019
T9 [1, 3, 1, 1, 1, 1, 0, 0, 1, 0] [89, 14, 13, 12, 24, 23, 48, 47, 47, 82] Thread-9 1020
T0 [0, 4, 1, 1, 1, 1, 0, 0, 1, 0] [90, 14, 13, 12, 24, 23, 48, 47, 47, 82] Thread-2 1020
T6 [0, 3, 1, 1, 1, 2, 0, 0, 0, 0] [90, 14, 13, 12, 24, 23, 49, 47, 47, 82] Thread-8 1020
T2 [0, 3, 0, 2, 1, 2, 0, 0, 0, 0] [90, 14, 14, 12, 24, 23, 49, 47, 47, 82] Thread-4 1021
T5 [0, 3, 0, 2, 0, 2, 0, 1, 1, 1] [90, 14, 14, 12, 24, 24, 49, 47, 47, 82] Thread-5 1022
T4 [0, 2, 0, 2, 1, 2, 0, 0, 0, 1] [90, 14, 14, 12, 25, 24, 49, 47, 47, 82] Thread-6 1022
T9 [1, 2, 0, 2, 1, 2, 0, 0, 0, 0] [90, 14, 14, 12, 25, 24, 49, 47, 47, 83] Thread-10 1023
T0 [0, 3, 0, 2, 1, 2, 0, 0, 0, 0] [91, 14, 14, 12, 25, 24, 49, 47, 47, 83] Thread-0 1023
T7 [0, 3, 0, 2, 1, 1, 1, 0, 0, 0] [91, 14, 14, 12, 25, 24, 49, 48, 47, 83] Thread-7 1023
T8 [0, 3, 0, 2, 1, 1, 0, 0, 1, 1] [91, 14, 14, 12, 25, 24, 49, 48, 48, 83] Thread-7 1039
T9 [1, 3, 0, 2, 1, 1, 0, 0, 1, 0] [91, 14, 14, 12, 25, 24, 49, 48, 48, 84] Thread-11 1039
T0 [0, 4, 0, 2, 1, 1, 0, 0, 1, 0] [92, 14, 14, 12, 25, 24, 49, 48, 48, 84] Thread-1 1040
T6 [0, 3, 0, 2, 1, 2, 0, 0, 0, 0] [92, 14, 14, 12, 25, 24, 50, 48, 48, 84] Thread-7 1040
T7 [0, 3, 0, 2, 1, 1, 1, 0, 0, 0] [92, 14, 14, 12, 25, 24, 50, 49, 48, 84] Thread-8 1043
T8 [0, 3, 0, 2, 1, 1, 0, 0, 1, 1] [92, 14, 14, 12, 25, 24, 50, 49, 49, 84] Thread-8 1060
T9 [1, 3, 0, 2, 1, 1, 0, 0, 1, 0] [92, 14, 14, 12, 25, 24, 50, 49, 49, 85] Thread-9 1060
T0 [0, 4, 0, 2, 1, 1, 0, 0, 1, 0] [93, 14, 14, 12, 25, 24, 50, 49, 49, 85] Thread-2 1061
T6 [0, 3, 0, 2, 1, 2, 0, 0, 0, 0] [93, 14, 14, 12, 25, 24, 51, 49, 49, 85] Thread-8 1061
T7 [0, 3, 0, 2, 1, 1, 1, 0, 0, 0] [93, 14, 14, 12, 25, 24, 51, 50, 49, 85] Thread-7 1063
T5 [0, 3, 0, 2, 0, 1, 1, 1, 1, 1] [93, 14, 14, 12, 25, 25, 51, 50, 49, 85] Thread-6 1064
T4 [0, 2, 0, 2, 1, 1, 1, 0, 0, 1] [93, 14, 14, 12, 26, 25, 51, 50, 49, 85] Thread-5 1064
T9 [1, 2, 0, 2, 1, 1, 1, 0, 0, 0] [93, 14, 14, 12, 26, 25, 51, 50, 49, 86] Thread-10 1065
T0 [0, 3, 0, 2, 1, 1, 1, 0, 0, 0] [94, 14, 14, 12, 26, 25, 51, 50, 49, 86] Thread-0 1065
T8 [0, 3, 0, 2, 1, 1, 0, 0, 1, 1] [94, 14, 14, 12, 26, 25, 51, 50, 50, 86] Thread-7 1081
T9 [1, 3, 0, 2, 1, 1, 0, 0, 1, 0] [94, 14, 14, 12, 26, 25, 51, 50, 50, 87] Thread-11 1081
T0 [0, 4, 0, 2, 1, 1, 0, 0, 1, 0] [95, 14, 14, 12, 26, 25, 51, 50, 50, 87] Thread-1 1082
T6 [0, 3, 0, 2, 1, 2, 0, 0, 0, 0] [95, 14, 14, 12, 26, 25, 52, 50, 50, 87] Thread-7 1082
T7 [0, 3, 0, 2, 1, 1, 1, 0, 0, 0] [95, 14, 14, 12, 26, 25, 52, 51, 50, 87] Thread-7 1084
T3 [0, 3, 0, 1, 1, 1, 1, 1, 0, 1] [95, 14, 14, 13, 26, 25, 52, 51, 50, 87] Thread-3 1090
T9 [1, 3, 0, 1, 1, 1, 1, 1, 0, 0] [95, 14, 14, 13, 26, 25, 52, 51, 50, 88] Thread-9 1090
T0 [0, 4, 0, 1, 1, 1, 1, 1, 0, 0] [96, 14, 14, 13, 26, 25, 52, 51, 50, 88] Thread-2 1091
T1 [0, 3, 1, 1, 1, 1, 1, 0, 0, 0] [96, 15, 14, 13, 26, 25, 52, 51, 50, 88] Thread-3 1091
T8 [0, 3, 1, 1, 1, 1, 0, 0, 1, 1] [96, 15, 14, 13, 26, 25, 52, 51, 51, 88] Thread-7 1101
T9 [1, 3, 1, 1, 1, 1, 0, 0, 1, 0] [96, 15, 14, 13, 26, 25, 52, 51, 51, 89] Thread-10 1101
T0 [0, 4, 1, 1, 1, 1, 0, 0, 1, 0] [97, 15, 14, 13, 26, 25, 52, 51, 51, 89] Thread-0 1103
T6 [0, 3, 1, 1, 1, 2, 0, 0, 0, 0] [97, 15, 14, 13, 26, 25, 53, 51, 51, 89] Thread-7 1103
T2 [0, 3, 0, 2, 1, 2, 0, 0, 0, 0] [97, 15, 15, 13, 26, 25, 53, 51, 51, 89] Thread-3 1103
T7 [0, 3, 0, 2, 1, 1, 1, 0, 0, 0] [97, 15, 15, 13, 26, 25, 53, 52, 51, 89] Thread-7 1104
T5 [0, 3, 0, 2, 0, 1, 1, 1, 1, 1] [97, 15, 15, 13, 26, 26, 53, 52, 51, 89] Thread-5 1106
T4 [0, 2, 0, 2, 1, 1, 1, 0, 0, 1] [97, 15, 15, 13, 27, 26, 53, 52, 51, 89] Thread-6 1106
T9 [1, 2, 0, 2, 1, 1, 1, 0, 0, 0] [97, 15, 15, 13, 27, 26, 53, 52, 51, 90] Thread-11 1107
T0 [0, 3, 0, 2, 1, 1, 1, 0, 0, 0] [98, 15, 15, 13, 27, 26, 53, 52, 51, 90] Thread-1 1107
T8 [0, 3, 0, 2, 1, 1, 0, 0, 1, 1] [98, 15, 15, 13, 27, 26, 53, 52, 52, 90] Thread-7 1121
T9 [1, 3, 0, 2, 1, 1, 0, 0, 1, 0] [98, 15, 15, 13, 27, 26, 53, 52, 52, 91] Thread-9 1122
T0 [0, 4, 0, 2, 1, 1, 0, 0, 1, 0] [99, 15, 15, 13, 27, 26, 53, 52, 52, 91] Thread-2 1122
T6 [0, 3, 0, 2, 1, 2, 0, 0, 0, 0] [99, 15, 15, 13, 27, 26, 54, 52, 52, 91] Thread-7 1122
T7 [0, 3, 0, 2, 1, 1, 1, 0, 0, 0] [99, 15, 15, 13, 27, 26, 54, 53, 52, 91] Thread-8 1124
T8 [0, 3, 0, 2, 1, 1, 0, 0, 1, 1] [99, 15, 15, 13, 27, 26, 54, 53, 53, 91] Thread-8 1141
T9 [1, 3, 0, 2, 1, 1, 0, 0, 1, 0] [99, 15, 15, 13, 27, 26, 54, 53, 53, 92] Thread-10 1141
T0 [0, 4, 0, 2, 1, 1, 0, 0, 1, 0] [100, 15, 15, 13, 27, 26, 54, 53, 53, 92] Thread-0 1142
T6 [0, 3, 0, 2, 1, 2, 0, 0, 0, 0] [100, 15, 15, 13, 27, 26, 55, 53, 53, 92] Thread-8 1142
T7 [0, 3, 0, 2, 1, 1, 1, 0, 0, 0] [100, 15, 15, 13, 27, 26, 55, 54, 53, 92] Thread-7 1144
T5 [0, 3, 0, 2, 0, 1, 1, 1, 1, 1] [100, 15, 15, 13, 27, 27, 55, 54, 53, 92] Thread-6 1147
T4 [0, 2, 0, 2, 1, 1, 1, 0, 0, 1] [100, 15, 15, 13, 28, 27, 55, 54, 53, 92] Thread-5 1147
T9 [1, 2, 0, 2, 1, 1, 1, 0, 0, 0] [100, 15, 15, 13, 28, 27, 55, 54, 53, 93] Thread-11 1148
T0 [0, 3, 0, 2, 1, 1, 1, 0, 0, 0] [101, 15, 15, 13, 28, 27, 55, 54, 53, 93] Thread-1 1148
T8 [0, 3, 0, 2, 1, 1, 0, 0, 1, 1] [101, 15, 15, 13, 28, 27, 55, 54, 54, 93] Thread-7 1161
T9 [1, 3, 0, 2, 1, 1, 0, 0, 1, 0] [101, 15, 15, 13, 28, 27, 55, 54, 54, 94] Thread-9 1161
T0 [0, 4, 0, 2, 1, 1, 0, 0, 1, 0] [102, 15, 15, 13, 28, 27, 55, 54, 54, 94] Thread-2 1162
T6 [0, 3, 0, 2, 1, 2, 0, 0, 0, 0] [102, 15, 15, 13, 28, 27, 56, 54, 54, 94] Thread-7 1162
T7 [0, 3, 0, 2, 1, 1, 1, 0, 0, 0] [102, 15, 15, 13, 28, 27, 56, 55, 54, 94] Thread-8 1165
T3 [0, 3, 0, 1, 1, 1, 1, 1, 0, 1] [102, 15, 15, 14, 28, 27, 56, 55, 54, 94] Thread-3 1171
T9 [1, 3, 0, 1, 1, 1, 1, 1, 0, 0] [102, 15, 15, 14, 28, 27, 56, 55, 54, 95] Thread-10 1171
T0 [0, 4, 0, 1, 1, 1, 1, 1, 0, 0] [103, 15, 15, 14, 28, 27, 56, 55, 54, 95] Thread-0 1172
T1 [0, 3, 1, 1, 1, 1, 1, 0, 0, 0] [103, 16, 15, 14, 28, 27, 56, 55, 54, 95] Thread-3 1173
T8 [0, 3, 1, 1, 1, 1, 0, 0, 1, 1] [103, 16, 15, 14, 28, 27, 56, 55, 55, 95] Thread-8 1181
T9 [1, 3, 1, 1, 1, 1, 0, 0, 1, 0] [103, 16, 15, 14, 28, 27, 56, 55, 55, 96] Thread-11 1182
T0 [0, 4, 1, 1, 1, 1, 0, 0, 1, 0] [104, 16, 15, 14, 28, 27, 56, 55, 55, 96] Thread-1 1182
T6 [0, 3, 1, 1, 1, 2, 0, 0, 0, 0] [104, 16, 15, 14, 28, 27, 57, 55, 55, 96] Thread-8 1182
T2 [0, 3, 0, 2, 1, 2, 0, 0, 0, 0] [104, 16, 16, 14, 28, 27, 57, 55, 55, 96] Thread-3 1183
T7 [0, 3, 0, 2, 1, 1, 1, 0, 0, 0] [104, 16, 16, 14, 28, 27, 57, 56, 55, 96] Thread-7 1185
T5 [0, 3, 0, 2, 0, 1, 1, 1, 1, 1] [104, 16, 16, 14, 28, 28, 57, 56, 55, 96] Thread-5 1188
T4 [0, 2, 0, 2, 1, 1, 1, 0, 0, 1] [104, 16, 16, 14, 29, 28, 57, 56, 55, 96] Thread-6 1188
T9 [1, 2, 0, 2, 1, 1, 1, 0, 0, 0] [104, 16, 16, 14, 29, 28, 57, 56, 55, 97] Thread-9 1189
T0 [0, 3, 0, 2, 1, 1, 1, 0, 0, 0] [105, 16, 16, 14, 29, 28, 57, 56, 55, 97] Thread-2 1189
T8 [0, 3, 0, 2, 1, 1, 0, 0, 1, 1] [105, 16, 16, 14, 29, 28, 57, 56, 56, 97] Thread-7 1202
T9 [1, 3, 0, 2, 1, 1, 0, 0, 1, 0] [105, 16, 16, 14, 29, 28, 57, 56, 56, 98] Thread-10 1202
T0 [0, 4, 0, 2, 1, 1, 0, 0, 1, 0] [106, 16, 16, 14, 29, 28, 57, 56, 56, 98] Thread-0 1203
T6 [0, 3, 0, 2, 1, 2, 0, 0, 0, 0] [106, 16, 16, 14, 29, 28, 58, 56, 56, 98] Thread-7 1203
T7 [0, 3, 0, 2, 1, 1, 1, 0, 0, 0] [106, 16, 16, 14, 29, 28, 58, 57, 56, 98] Thread-7 1206
T8 [0, 3, 0, 2, 1, 1, 0, 0, 1, 1] [106, 16, 16, 14, 29, 28, 58, 57, 57, 98] Thread-7 1223
T9 [1, 3, 0, 2, 1, 1, 0, 0, 1, 0] [106, 16, 16, 14, 29, 28, 58, 57, 57, 99] Thread-11 1224
T0 [0, 4, 0, 2, 1, 1, 0, 0, 1, 0] [107, 16, 16, 14, 29, 28, 58, 57, 57, 99] Thread-1 1224
T6 [0, 3, 0, 2, 1, 2, 0, 0, 0, 0] [107, 16, 16, 14, 29, 28, 59, 57, 57, 99] Thread-7 1224
T7 [0, 3, 0, 2, 1, 1, 1, 0, 0, 0] [107, 16, 16, 14, 29, 28, 59, 58, 57, 99] Thread-8 1227
T5 [0, 3, 0, 2, 0, 1, 1, 1, 1, 1] [107, 16, 16, 14, 29, 29, 59, 58, 57, 99] Thread-6 1229
T4 [0, 2, 0, 2, 1, 1, 1, 0, 0, 1] [107, 16, 16, 14, 30, 29, 59, 58, 57, 99] Thread-5 1229
T9 [1, 2, 0, 2, 1, 1, 1, 0, 0, 0] [107, 16, 16, 14, 30, 29, 59, 58, 57, 100] Thread-9 1230
T0 [0, 3, 0, 2, 1, 1, 1, 0, 0, 0] [108, 16, 16, 14, 30, 29, 59, 58, 57, 100] Thread-2 1230
T8 [0, 3, 0, 2, 1, 1, 0, 0, 1, 1] [108, 16, 16, 14, 30, 29, 59, 58, 58, 100] Thread-8 1245
T9 [1, 3, 0, 2, 1, 1, 0, 0, 1, 0] [108, 16, 16, 14, 30, 29, 59, 58, 58, 101] Thread-10 1245
T0 [0, 4, 0, 2, 1, 1, 0, 0, 1, 0] [109, 16, 16, 14, 30, 29, 59, 58, 58, 101] Thread-0 1246
T6 [0, 3, 0, 2, 1, 2, 0, 0, 0, 0] [109, 16, 16, 14, 30, 29, 60, 58, 58, 101] Thread-8 1246
T7 [0, 3, 0, 2, 1, 1, 1, 0, 0, 0] [109, 16, 16, 14, 30, 29, 60, 59, 58, 101] Thread-8 1248
T3 [0, 3, 0, 1, 1, 1, 1, 1, 0, 1] [109, 16, 16, 15, 30, 29, 60, 59, 58, 101] Thread-4 1251
T9 [1, 3, 0, 1, 1, 1, 1, 1, 0, 0] [109, 16, 16, 15, 30, 29, 60, 59, 58, 102] Thread-11 1251
T0 [0, 4, 0, 1, 1, 1, 1, 1, 0, 0] [110, 16, 16, 15, 30, 29, 60, 59, 58, 102] Thread-1 1252
T1 [0, 3, 1, 1, 1, 1, 1, 0, 0, 0] [110, 17, 16, 15, 30, 29, 60, 59, 58, 102] Thread-4 1252
T2 [0, 3, 0, 2, 1, 1, 1, 0, 0, 0] [110, 17, 17, 15, 30, 29, 60, 59, 58, 102] Thread-4 1263
T8 [0, 3, 0, 2, 1, 1, 0, 0, 1, 1] [110, 17, 17, 15, 30, 29, 60, 59, 59, 102] Thread-8 1265
T9 [1, 3, 0, 2, 1, 1, 0, 0, 1, 0] [110, 17, 17, 15, 30, 29, 60, 59, 59, 103] Thread-9 1265
T0 [0, 4, 0, 2, 1, 1, 0, 0, 1, 0] [111, 17, 17, 15, 30, 29, 60, 59, 59, 103] Thread-2 1266
T6 [0, 3, 0, 2, 1, 2, 0, 0, 0, 0] [111, 17, 17, 15, 30, 29, 61, 59, 59, 103] Thread-8 1266
T7 [0, 3, 0, 2, 1, 1, 1, 0, 0, 0] [111, 17, 17, 15, 30, 29, 61, 60, 59, 103] Thread-7 1268
T5 [0, 3, 0, 2, 0, 1, 1, 1, 1, 1] [111, 17, 17, 15, 30, 30, 61, 60, 59, 103] Thread-5 1271
T4 [0, 2, 0, 2, 1, 1, 1, 0, 0, 1] [111, 17, 17, 15, 31, 30, 61, 60, 59, 103] Thread-6 1271
T9 [1, 2, 0, 2, 1, 1, 1, 0, 0, 0] [111, 17, 17, 15, 31, 30, 61, 60, 59, 104] Thread-10 1272
T0 [0, 3, 0, 2, 1, 1, 1, 0, 0, 0] [112, 17, 17, 15, 31, 30, 61, 60, 59, 104] Thread-0 1272
T8 [0, 3, 0, 2, 1, 1, 0, 0, 1, 1] [112, 17, 17, 15, 31, 30, 61, 60, 60, 104] Thread-7 1285
T9 [1, 3, 0, 2, 1, 1, 0, 0, 1, 0] [112, 17, 17, 15, 31, 30, 61, 60, 60, 105] Thread-11 1285
T0 [0, 4, 0, 2, 1, 1, 0, 0, 1, 0] [113, 17, 17, 15, 31, 30, 61, 60, 60, 105] Thread-1 1286
T6 [0, 3, 0, 2, 1, 2, 0, 0, 0, 0] [113, 17, 17, 15, 31, 30, 62, 60, 60, 105] Thread-7 1286
T7 [0, 3, 0, 2, 1, 1, 1, 0, 0, 0] [113, 17, 17, 15, 31, 30, 62, 61, 60, 105] Thread-7 1289
T8 [0, 3, 0, 2, 1, 1, 0, 0, 1, 1] [113, 17, 17, 15, 31, 30, 62, 61, 61, 105] Thread-7 1306
T9 [1, 3, 0, 2, 1, 1, 0, 0, 1, 0] [113, 17, 17, 15, 31, 30, 62, 61, 61, 106] Thread-9 1306
T0 [0, 4, 0, 2, 1, 1, 0, 0, 1, 0] [114, 17, 17, 15, 31, 30, 62, 61, 61, 106] Thread-2 1307
T6 [0, 3, 0, 2, 1, 2, 0, 0, 0, 0] [114, 17, 17, 15, 31, 30, 63, 61, 61, 106] Thread-7 1307
T7 [0, 3, 0, 2, 1, 1, 1, 0, 0, 0] [114, 17, 17, 15, 31, 30, 63, 62, 61, 106] Thread-7 1310
T5 [0, 3, 0, 2, 0, 1, 1, 1, 1, 1] [114, 17, 17, 15, 31, 31, 63, 62, 61, 106] Thread-6 1313
T4 [0, 2, 0, 2, 1, 1, 1, 0, 0, 1] [114, 17, 17, 15, 32, 31, 63, 62, 61, 106] Thread-5 1313
T9 [1, 2, 0, 2, 1, 1, 1, 0, 0, 0] [114, 17, 17, 15, 32, 31, 63, 62, 61, 107] Thread-10 1314
T0 [0, 3, 0, 2, 1, 1, 1, 0, 0, 0] [115, 17, 17, 15, 32, 31, 63, 62, 61, 107] Thread-0 1314
T8 [0, 3, 0, 2, 1, 1, 0, 0, 1, 1] [115, 17, 17, 15, 32, 31, 63, 62, 62, 107] Thread-7 1327
T9 [1, 3, 0, 2, 1, 1, 0, 0, 1, 0] [115, 17, 17, 15, 32, 31, 63, 62, 62, 108] Thread-11 1327
T0 [0, 4, 0, 2, 1, 1, 0, 0, 1, 0] [116, 17, 17, 15, 32, 31, 63, 62, 62, 108] Thread-1 1328
T6 [0, 3, 0, 2, 1, 2, 0, 0, 0, 0] [116, 17, 17, 15, 32, 31, 64, 62, 62, 108] Thread-7 1328
T7 [0, 3, 0, 2, 1, 1, 1, 0, 0, 0] [116, 17, 17, 15, 32, 31, 64, 63, 62, 108] Thread-7 1331
T3 [0, 3, 0, 1, 1, 1, 1, 1, 0, 1] [116, 17, 17, 16, 32, 31, 64, 63, 62, 108] Thread-4 1332
T9 [1, 3, 0, 1, 1, 1, 1, 1, 0, 0] [116, 17, 17, 16, 32, 31, 64, 63, 62, 109] Thread-9 1332
T0 [0, 4, 0, 1, 1, 1, 1, 1, 0, 0] [117, 17, 17, 16, 32, 31, 64, 63, 62, 109] Thread-2 1333
T1 [0, 3, 1, 1, 1, 1, 1, 0, 0, 0] [117, 18, 17, 16, 32, 31, 64, 63, 62, 109] Thread-4 1333
T2 [0, 3, 0, 2, 1, 1, 1, 0, 0, 0] [117, 18, 18, 16, 32, 31, 64, 63, 62, 109] Thread-4 1345
T8 [0, 3, 0, 2, 1, 1, 0, 0, 1, 1] [117, 18, 18, 16, 32, 31, 64, 63, 63, 109] Thread-7 1349
T9 [1, 3, 0, 2, 1, 1, 0, 0, 1, 0] [117, 18, 18, 16, 32, 31, 64, 63, 63, 110] Thread-10 1349
T0 [0, 4, 0, 2, 1, 1, 0, 0, 1, 0] [118, 18, 18, 16, 32, 31, 64, 63, 63, 110] Thread-0 1350
T6 [0, 3, 0, 2, 1, 2, 0, 0, 0, 0] [118, 18, 18, 16, 32, 31, 65, 63, 63, 110] Thread-7 1350
T7 [0, 3, 0, 2, 1, 1, 1, 0, 0, 0] [118, 18, 18, 16, 32, 31, 65, 64, 63, 110] Thread-7 1352
T5 [0, 3, 0, 2, 0, 1, 1, 1, 1, 1] [118, 18, 18, 16, 32, 32, 65, 64, 63, 110] Thread-5 1354
T4 [0, 2, 0, 2, 1, 1, 1, 0, 0, 1] [118, 18, 18, 16, 33, 32, 65, 64, 63, 110] Thread-6 1354
T9 [1, 2, 0, 2, 1, 1, 1, 0, 0, 0] [118, 18, 18, 16, 33, 32, 65, 64, 63, 111] Thread-11 1355
T0 [0, 3, 0, 2, 1, 1, 1, 0, 0, 0] [119, 18, 18, 16, 33, 32, 65, 64, 63, 111] Thread-1 1355
T8 [0, 3, 0, 2, 1, 1, 0, 0, 1, 1] [119, 18, 18, 16, 33, 32, 65, 64, 64, 111] Thread-7 1369
T9 [1, 3, 0, 2, 1, 1, 0, 0, 1, 0] [119, 18, 18, 16, 33, 32, 65, 64, 64, 112] Thread-9 1369
T0 [0, 4, 0, 2, 1, 1, 0, 0, 1, 0] [120, 18, 18, 16, 33, 32, 65, 64, 64, 112] Thread-2 1370
T6 [0, 3, 0, 2, 1, 2, 0, 0, 0, 0] [120, 18, 18, 16, 33, 32, 66, 64, 64, 112] Thread-7 1370
T7 [0, 3, 0, 2, 1, 1, 1, 0, 0, 0] [120, 18, 18, 16, 33, 32, 66, 65, 64, 112] Thread-8 1372
T8 [0, 3, 0, 2, 1, 1, 0, 0, 1, 1] [120, 18, 18, 16, 33, 32, 66, 65, 65, 112] Thread-8 1389
T9 [1, 3, 0, 2, 1, 1, 0, 0, 1, 0] [120, 18, 18, 16, 33, 32, 66, 65, 65, 113] Thread-10 1389
T0 [0, 4, 0, 2, 1, 1, 0, 0, 1, 0] [121, 18, 18, 16, 33, 32, 66, 65, 65, 113] Thread-0 1390
T6 [0, 3, 0, 2, 1, 2, 0, 0, 0, 0] [121, 18, 18, 16, 33, 32, 67, 65, 65, 113] Thread-8 1390
T7 [0, 3, 0, 2, 1, 1, 1, 0, 0, 0] [121, 18, 18, 16, 33, 32, 67, 66, 65, 113] Thread-7 1392
T5 [0, 3, 0, 2, 0, 1, 1, 1, 1, 1] [121, 18, 18, 16, 33, 33, 67, 66, 65, 113] Thread-6 1395
T4 [0, 2, 0, 2, 1, 1, 1, 0, 0, 1] [121, 18, 18, 16, 34, 33, 67, 66, 65, 113] Thread-5 1395
T9 [1, 2, 0, 2, 1, 1, 1, 0, 0, 0] [121, 18, 18, 16, 34, 33, 67, 66, 65, 114] Thread-11 1396
T0 [0, 3, 0, 2, 1, 1, 1, 0, 0, 0] [122, 18, 18, 16, 34, 33, 67, 66, 65, 114] Thread-1 1396
T8 [0, 3, 0, 2, 1, 1, 0, 0, 1, 1] [122, 18, 18, 16, 34, 33, 67, 66, 66, 114] Thread-7 1409
T9 [1, 3, 0, 2, 1, 1, 0, 0, 1, 0] [122, 18, 18, 16, 34, 33, 67, 66, 66, 115] Thread-9 1409
T0 [0, 4, 0, 2, 1, 1, 0, 0, 1, 0] [123, 18, 18, 16, 34, 33, 67, 66, 66, 115] Thread-2 1410
T6 [0, 3, 0, 2, 1, 2, 0, 0, 0, 0] [123, 18, 18, 16, 34, 33, 68, 66, 66, 115] Thread-7 1411
T3 [0, 3, 0, 1, 1, 2, 0, 1, 0, 1] [123, 18, 18, 17, 34, 33, 68, 66, 66, 115] Thread-4 1412
T9 [1, 3, 0, 1, 1, 2, 0, 1, 0, 0] [123, 18, 18, 17, 34, 33, 68, 66, 66, 116] Thread-10 1412
T0 [0, 4, 0, 1, 1, 2, 0, 1, 0, 0] [124, 18, 18, 17, 34, 33, 68, 66, 66, 116] Thread-0 1413
T7 [0, 4, 0, 1, 1, 1, 1, 1, 0, 0] [124, 18, 18, 17, 34, 33, 68, 67, 66, 116] Thread-8 1413
T1 [0, 3, 1, 1, 1, 1, 1, 0, 0, 0] [124, 19, 18, 17, 34, 33, 68, 67, 66, 116] Thread-4 1413
T2 [0, 3, 0, 2, 1, 1, 1, 0, 0, 0] [124, 19, 19, 17, 34, 33, 68, 67, 66, 116] Thread-4 1425
T8 [0, 3, 0, 2, 1, 1, 0, 0, 1, 1] [124, 19, 19, 17, 34, 33, 68, 67, 67, 116] Thread-8 1431
T9 [1, 3, 0, 2, 1, 1, 0, 0, 1, 0] [124, 19, 19, 17, 34, 33, 68, 67, 67, 117] Thread-11 1431
T0 [0, 4, 0, 2, 1, 1, 0, 0, 1, 0] [125, 19, 19, 17, 34, 33, 68, 67, 67, 117] Thread-1 1432
T6 [0, 3, 0, 2, 1, 2, 0, 0, 0, 0] [125, 19, 19, 17, 34, 33, 69, 67, 67, 117] Thread-8 1432
T7 [0, 3, 0, 2, 1, 1, 1, 0, 0, 0] [125, 19, 19, 17, 34, 33, 69, 68, 67, 117] Thread-8 1433
T5 [0, 3, 0, 2, 0, 1, 1, 1, 1, 1] [125, 19, 19, 17, 34, 34, 69, 68, 67, 117] Thread-5 1436
T4 [0, 2, 0, 2, 1, 1, 1, 0, 0, 1] [125, 19, 19, 17, 35, 34, 69, 68, 67, 117] Thread-6 1436
T9 [1, 2, 0, 2, 1, 1, 1, 0, 0, 0] [125, 19, 19, 17, 35, 34, 69, 68, 67, 118] Thread-9 1437
T0 [0, 3, 0, 2, 1, 1, 1, 0, 0, 0] [126, 19, 19, 17, 35, 34, 69, 68, 67, 118] Thread-2 1437
T8 [0, 3, 0, 2, 1, 1, 0, 0, 1, 1] [126, 19, 19, 17, 35, 34, 69, 68, 68, 118] Thread-8 1450
T9 [1, 3, 0, 2, 1, 1, 0, 0, 1, 0] [126, 19, 19, 17, 35, 34, 69, 68, 68, 119] Thread-10 1450
T0 [0, 4, 0, 2, 1, 1, 0, 0, 1, 0] [127, 19, 19, 17, 35, 34, 69, 68, 68, 119] Thread-0 1451
T6 [0, 3, 0, 2, 1, 2, 0, 0, 0, 0] [127, 19, 19, 17, 35, 34, 70, 68, 68, 119] Thread-8 1451
T7 [0, 3, 0, 2, 1, 1, 1, 0, 0, 0] [127, 19, 19, 17, 35, 34, 70, 69, 68, 119] Thread-7 1454
T8 [0, 3, 0, 2, 1, 1, 0, 0, 1, 1] [127, 19, 19, 17, 35, 34, 70, 69, 69, 119] Thread-7 1471
T9 [1, 3, 0, 2, 1, 1, 0, 0, 1, 0] [127, 19, 19, 17, 35, 34, 70, 69, 69, 120] Thread-11 1471
T0 [0, 4, 0, 2, 1, 1, 0, 0, 1, 0] [128, 19, 19, 17, 35, 34, 70, 69, 69, 120] Thread-1 1472
T6 [0, 3, 0, 2, 1, 2, 0, 0, 0, 0] [128, 19, 19, 17, 35, 34, 71, 69, 69, 120] Thread-7 1472
T7 [0, 3, 0, 2, 1, 1, 1, 0, 0, 0] [128, 19, 19, 17, 35, 34, 71, 70, 69, 120] Thread-8 1474
T5 [0, 3, 0, 2, 0, 1, 1, 1, 1, 1] [128, 19, 19, 17, 35, 35, 71, 70, 69, 120] Thread-6 1478
T4 [0, 2, 0, 2, 1, 1, 1, 0, 0, 1] [128, 19, 19, 17, 36, 35, 71, 70, 69, 120] Thread-5 1478
T9 [1, 2, 0, 2, 1, 1, 1, 0, 0, 0] [128, 19, 19, 17, 36, 35, 71, 70, 69, 121] Thread-9 1479
T0 [0, 3, 0, 2, 1, 1, 1, 0, 0, 0] [129, 19, 19, 17, 36, 35, 71, 70, 69, 121] Thread-2 1479
T8 [0, 3, 0, 2, 1, 1, 0, 0, 1, 1] [129, 19, 19, 17, 36, 35, 71, 70, 70, 121] Thread-8 1491
T9 [1, 3, 0, 2, 1, 1, 0, 0, 1, 0] [129, 19, 19, 17, 36, 35, 71, 70, 70, 122] Thread-10 1491
T0 [0, 4, 0, 2, 1, 1, 0, 0, 1, 0] [130, 19, 19, 17, 36, 35, 71, 70, 70, 122] Thread-0 1492
T6 [0, 3, 0, 2, 1, 2, 0, 0, 0, 0] [130, 19, 19, 17, 36, 35, 72, 70, 70, 122] Thread-8 1492
T3 [0, 3, 0, 1, 1, 2, 0, 1, 0, 1] [130, 19, 19, 18, 36, 35, 72, 70, 70, 122] Thread-4 1493
T9 [1, 3, 0, 1, 1, 2, 0, 1, 0, 0] [130, 19, 19, 18, 36, 35, 72, 70, 70, 123] Thread-11 1494
T0 [0, 4, 0, 1, 1, 2, 0, 1, 0, 0] [131, 19, 19, 18, 36, 35, 72, 70, 70, 123] Thread-1 1494
T1 [0, 3, 1, 1, 1, 2, 0, 0, 0, 0] [131, 20, 19, 18, 36, 35, 72, 70, 70, 123] Thread-4 1494
T7 [0, 3, 1, 1, 1, 1, 1, 0, 0, 0] [131, 20, 19, 18, 36, 35, 72, 71, 70, 123] Thread-8 1495
T2 [0, 3, 0, 2, 1, 1, 1, 0, 0, 0] [131, 20, 20, 18, 36, 35, 72, 71, 70, 123] Thread-4 1505
T8 [0, 3, 0, 2, 1, 1, 0, 0, 1, 1] [131, 20, 20, 18, 36, 35, 72, 71, 71, 123] Thread-8 1512
T9 [1, 3, 0, 2, 1, 1, 0, 0, 1, 0] [131, 20, 20, 18, 36, 35, 72, 71, 71, 124] Thread-9 1512
T0 [0, 4, 0, 2, 1, 1, 0, 0, 1, 0] [132, 20, 20, 18, 36, 35, 72, 71, 71, 124] Thread-2 1513
T6 [0, 3, 0, 2, 1, 2, 0, 0, 0, 0] [132, 20, 20, 18, 36, 35, 73, 71, 71, 124] Thread-8 1513
T7 [0, 3, 0, 2, 1, 1, 1, 0, 0, 0] [132, 20, 20, 18, 36, 35, 73, 72, 71, 124] Thread-8 1516
T5 [0, 3, 0, 2, 0, 1, 1, 1, 1, 1] [132, 20, 20, 18, 36, 36, 73, 72, 71, 124] Thread-5 1519
T4 [0, 2, 0, 2, 1, 1, 1, 0, 0, 1] [132, 20, 20, 18, 37, 36, 73, 72, 71, 124] Thread-6 1519
T9 [1, 2, 0, 2, 1, 1, 1, 0, 0, 0] [132, 20, 20, 18, 37, 36, 73, 72, 71, 125] Thread-10 1520
T0 [0, 3, 0, 2, 1, 1, 1, 0, 0, 0] [133, 20, 20, 18, 37, 36, 73, 72, 71, 125] Thread-0 1520
T8 [0, 3, 0, 2, 1, 1, 0, 0, 1, 1] [133, 20, 20, 18, 37, 36, 73, 72, 72, 125] Thread-8 1533
T9 [1, 3, 0, 2, 1, 1, 0, 0, 1, 0] [133, 20, 20, 18, 37, 36, 73, 72, 72, 126] Thread-11 1533
T0 [0, 4, 0, 2, 1, 1, 0, 0, 1, 0] [134, 20, 20, 18, 37, 36, 73, 72, 72, 126] Thread-1 1534
T6 [0, 3, 0, 2, 1, 2, 0, 0, 0, 0] [134, 20, 20, 18, 37, 36, 74, 72, 72, 126] Thread-8 1534
T7 [0, 3, 0, 2, 1, 1, 1, 0, 0, 0] [134, 20, 20, 18, 37, 36, 74, 73, 72, 126] Thread-7 1537
T8 [0, 3, 0, 2, 1, 1, 0, 0, 1, 1] [134, 20, 20, 18, 37, 36, 74, 73, 73, 126] Thread-7 1555
T9 [1, 3, 0, 2, 1, 1, 0, 0, 1, 0] [134, 20, 20, 18, 37, 36, 74, 73, 73, 127] Thread-9 1555
T0 [0, 4, 0, 2, 1, 1, 0, 0, 1, 0] [135, 20, 20, 18, 37, 36, 74, 73, 73, 127] Thread-2 1556
T6 [0, 3, 0, 2, 1, 2, 0, 0, 0, 0] [135, 20, 20, 18, 37, 36, 75, 73, 73, 127] Thread-7 1556
T7 [0, 3, 0, 2, 1, 1, 1, 0, 0, 0] [135, 20, 20, 18, 37, 36, 75, 74, 73, 127] Thread-7 1558
T5 [0, 3, 0, 2, 0, 1, 1, 1, 1, 1] [135, 20, 20, 18, 37, 37, 75, 74, 73, 127] Thread-6 1561
T4 [0, 2, 0, 2, 1, 1, 1, 0, 0, 1] [135, 20, 20, 18, 38, 37, 75, 74, 73, 127] Thread-5 1561
T9 [1, 2, 0, 2, 1, 1, 1, 0, 0, 0] [135, 20, 20, 18, 38, 37, 75, 74, 73, 128] Thread-10 1562
T0 [0, 3, 0, 2, 1, 1, 1, 0, 0, 0] [136, 20, 20, 18, 38, 37, 75, 74, 73, 128] Thread-0 1562
T3 [0, 3, 0, 1, 1, 1, 1, 1, 0, 1] [136, 20, 20, 19, 38, 37, 75, 74, 73, 128] Thread-4 1574
T9 [1, 3, 0, 1, 1, 1, 1, 1, 0, 0] [136, 20, 20, 19, 38, 37, 75, 74, 73, 129] Thread-11 1574
T0 [0, 4, 0, 1, 1, 1, 1, 1, 0, 0] [137, 20, 20, 19, 38, 37, 75, 74, 73, 129] Thread-1 1575
T8 [0, 4, 0, 1, 1, 1, 0, 1, 1, 1] [137, 20, 20, 19, 38, 37, 75, 74, 74, 129] Thread-7 1575
T4 [0, 3, 0, 1, 2, 1, 0, 0, 0, 1] [137, 20, 20, 19, 39, 37, 75, 74, 74, 129] Thread-6 1576
T9 [1, 3, 0, 1, 2, 1, 0, 0, 0, 0] [137, 20, 20, 19, 39, 37, 75, 74, 74, 130] Thread-9 1576
T0 [0, 4, 0, 1, 2, 1, 0, 0, 0, 0] [138, 20, 20, 19, 39, 37, 75, 74, 74, 130] Thread-2 1577
T7 [0, 4, 0, 1, 2, 0, 1, 0, 0, 0] [138, 20, 20, 19, 39, 37, 75, 75, 74, 130] Thread-8 1578
T8 [0, 4, 0, 1, 2, 0, 0, 0, 1, 1] [138, 20, 20, 19, 39, 37, 75, 75, 75, 130] Thread-8 1595
T6 [0, 3, 0, 1, 2, 1, 0, 0, 0, 1] [138, 20, 20, 19, 39, 37, 76, 75, 75, 130] Thread-7 1595
T9 [1, 3, 0, 1, 2, 1, 0, 0, 0, 0] [138, 20, 20, 19, 39, 37, 76, 75, 75, 131] Thread-10 1596
T0 [0, 4, 0, 1, 2, 1, 0, 0, 0, 0] [139, 20, 20, 19, 39, 37, 76, 75, 75, 131] Thread-0 1596
T5 [0, 4, 0, 1, 1, 1, 0, 1, 1, 1] [139, 20, 20, 19, 39, 38, 76, 75, 75, 131] Thread-5 1602
T6 [0, 3, 0, 1, 1, 2, 0, 1, 0, 1] [139, 20, 20, 19, 39, 38, 77, 75, 75, 131] Thread-8 1602
T1 [0, 2, 1, 1, 1, 2, 0, 0, 0, 1] [139, 21, 20, 19, 39, 38, 77, 75, 75, 131] Thread-4 1603
T9 [1, 2, 1, 1, 1, 2, 0, 0, 0, 0] [139, 21, 20, 19, 39, 38, 77, 75, 75, 132] Thread-11 1603
T0 [0, 3, 1, 1, 1, 2, 0, 0, 0, 0] [140, 21, 20, 19, 39, 38, 77, 75, 75, 132] Thread-1 1603
T2 [0, 3, 0, 2, 1, 2, 0, 0, 0, 0] [140, 21, 21, 19, 39, 38, 77, 75, 75, 132] Thread-4 1612
T7 [0, 3, 0, 2, 1, 1, 1, 0, 0, 0] [140, 21, 21, 19, 39, 38, 77, 76, 75, 132] Thread-8 1615
T8 [0, 3, 0, 2, 1, 1, 0, 0, 1, 1] [140, 21, 21, 19, 39, 38, 77, 76, 76, 132] Thread-8 1632
T9 [1, 3, 0, 2, 1, 1, 0, 0, 1, 0] [140, 21, 21, 19, 39, 38, 77, 76, 76, 133] Thread-9 1633
T0 [0, 4, 0, 2, 1, 1, 0, 0, 1, 0] [141, 21, 21, 19, 39, 38, 77, 76, 76, 133] Thread-2 1633
T6 [0, 3, 0, 2, 1, 2, 0, 0, 0, 0] [141, 21, 21, 19, 39, 38, 78, 76, 76, 133] Thread-8 1633
T7 [0, 3, 0, 2, 1, 1, 1, 0, 0, 0] [141, 21, 21, 19, 39, 38, 78, 77, 76, 133] Thread-7 1635
T5 [0, 3, 0, 2, 0, 1, 1, 1, 1, 1] [141, 21, 21, 19, 39, 39, 78, 77, 76, 133] Thread-6 1643
T4 [0, 2, 0, 2, 1, 1, 1, 0, 0, 1] [141, 21, 21, 19, 40, 39, 78, 77, 76, 133] Thread-5 1643
T9 [1, 2, 0, 2, 1, 1, 1, 0, 0, 0] [141, 21, 21, 19, 40, 39, 78, 77, 76, 134] Thread-10 1644
T0 [0, 3, 0, 2, 1, 1, 1, 0, 0, 0] [142, 21, 21, 19, 40, 39, 78, 77, 76, 134] Thread-0 1644
T8 [0, 3, 0, 2, 1, 1, 0, 0, 1, 1] [142, 21, 21, 19, 40, 39, 78, 77, 77, 134] Thread-7 1652
T9 [1, 3, 0, 2, 1, 1, 0, 0, 1, 0] [142, 21, 21, 19, 40, 39, 78, 77, 77, 135] Thread-11 1652
T0 [0, 4, 0, 2, 1, 1, 0, 0, 1, 0] [143, 21, 21, 19, 40, 39, 78, 77, 77, 135] Thread-1 1653
T6 [0, 3, 0, 2, 1, 2, 0, 0, 0, 0] [143, 21, 21, 19, 40, 39, 79, 77, 77, 135] Thread-7 1653
T3 [0, 3, 0, 1, 1, 2, 0, 1, 0, 1] [143, 21, 21, 20, 40, 39, 79, 77, 77, 135] Thread-3 1655
T9 [1, 3, 0, 1, 1, 2, 0, 1, 0, 0] [143, 21, 21, 20, 40, 39, 79, 77, 77, 136] Thread-9 1655
T0 [0, 4, 0, 1, 1, 2, 0, 1, 0, 0] [144, 21, 21, 20, 40, 39, 79, 77, 77, 136] Thread-2 1656
T1 [0, 3, 1, 1, 1, 2, 0, 0, 0, 0] [144, 22, 21, 20, 40, 39, 79, 77, 77, 136] Thread-3 1656
T7 [0, 3, 1, 1, 1, 1, 1, 0, 0, 0] [144, 22, 21, 20, 40, 39, 79, 78, 77, 136] Thread-7 1657
T2 [0, 3, 0, 2, 1, 1, 1, 0, 0, 0] [144, 22, 22, 20, 40, 39, 79, 78, 77, 136] Thread-3 1667
T8 [0, 3, 0, 2, 1, 1, 0, 0, 1, 1] [144, 22, 22, 20, 40, 39, 79, 78, 78, 136] Thread-7 1673
T9 [1, 3, 0, 2, 1, 1, 0, 0, 1, 0] [144, 22, 22, 20, 40, 39, 79, 78, 78, 137] Thread-10 1673
T0 [0, 4, 0, 2, 1, 1, 0, 0, 1, 0] [145, 22, 22, 20, 40, 39, 79, 78, 78, 137] Thread-0 1674
T6 [0, 3, 0, 2, 1, 2, 0, 0, 0, 0] [145, 22, 22, 20, 40, 39, 80, 78, 78, 137] Thread-7 1674
T7 [0, 3, 0, 2, 1, 1, 1, 0, 0, 0] [145, 22, 22, 20, 40, 39, 80, 79, 78, 137] Thread-8 1676
T5 [0, 3, 0, 2, 0, 1, 1, 1, 1, 1] [145, 22, 22, 20, 40, 40, 80, 79, 78, 137] Thread-5 1684
T4 [0, 2, 0, 2, 1, 1, 1, 0, 0, 1] [145, 22, 22, 20, 41, 40, 80, 79, 78, 137] Thread-6 1685
T9 [1, 2, 0, 2, 1, 1, 1, 0, 0, 0] [145, 22, 22, 20, 41, 40, 80, 79, 78, 138] Thread-11 1685
T0 [0, 3, 0, 2, 1, 1, 1, 0, 0, 0] [146, 22, 22, 20, 41, 40, 80, 79, 78, 138] Thread-1 1685
T8 [0, 3, 0, 2, 1, 1, 0, 0, 1, 1] [146, 22, 22, 20, 41, 40, 80, 79, 79, 138] Thread-8 1693
T9 [1, 3, 0, 2, 1, 1, 0, 0, 1, 0] [146, 22, 22, 20, 41, 40, 80, 79, 79, 139] Thread-9 1694
T0 [0, 4, 0, 2, 1, 1, 0, 0, 1, 0] [147, 22, 22, 20, 41, 40, 80, 79, 79, 139] Thread-2 1694
T6 [0, 3, 0, 2, 1, 2, 0, 0, 0, 0] [147, 22, 22, 20, 41, 40, 81, 79, 79, 139] Thread-8 1694
T7 [0, 3, 0, 2, 1, 1, 1, 0, 0, 0] [147, 22, 22, 20, 41, 40, 81, 80, 79, 139] Thread-8 1697
T8 [0, 3, 0, 2, 1, 1, 0, 0, 1, 1] [147, 22, 22, 20, 41, 40, 81, 80, 80, 139] Thread-8 1714
T9 [1, 3, 0, 2, 1, 1, 0, 0, 1, 0] [147, 22, 22, 20, 41, 40, 81, 80, 80, 140] Thread-10 1714
T0 [0, 4, 0, 2, 1, 1, 0, 0, 1, 0] [148, 22, 22, 20, 41, 40, 81, 80, 80, 140] Thread-0 1715
T6 [0, 3, 0, 2, 1, 2, 0, 0, 0, 0] [148, 22, 22, 20, 41, 40, 82, 80, 80, 140] Thread-8 1715
T7 [0, 3, 0, 2, 1, 1, 1, 0, 0, 0] [148, 22, 22, 20, 41, 40, 82, 81, 80, 140] Thread-8 1718
T5 [0, 3, 0, 2, 0, 1, 1, 1, 1, 1] [148, 22, 22, 20, 41, 41, 82, 81, 80, 140] Thread-6 1726
T4 [0, 2, 0, 2, 1, 1, 1, 0, 0, 1] [148, 22, 22, 20, 42, 41, 82, 81, 80, 140] Thread-5 1727
T9 [1, 2, 0, 2, 1, 1, 1, 0, 0, 0] [148, 22, 22, 20, 42, 41, 82, 81, 80, 141] Thread-11 1727
T0 [0, 3, 0, 2, 1, 1, 1, 0, 0, 0] [149, 22, 22, 20, 42, 41, 82, 81, 80, 141] Thread-1 1727
T8 [0, 3, 0, 2, 1, 1, 0, 0, 1, 1] [149, 22, 22, 20, 42, 41, 82, 81, 81, 141] Thread-8 1735
T9 [1, 3, 0, 2, 1, 1, 0, 0, 1, 0] [149, 22, 22, 20, 42, 41, 82, 81, 81, 142] Thread-9 1735
T0 [0, 4, 0, 2, 1, 1, 0, 0, 1, 0] [150, 22, 22, 20, 42, 41, 82, 81, 81, 142] Thread-2 1736
T6 [0, 3, 0, 2, 1, 2, 0, 0, 0, 0] [150, 22, 22, 20, 42, 41, 83, 81, 81, 142] Thread-8 1736
T3 [0, 3, 0, 1, 1, 2, 0, 1, 0, 1] [150, 22, 22, 21, 42, 41, 83, 81, 81, 142] Thread-3 1737
T9 [1, 3, 0, 1, 1, 2, 0, 1, 0, 0] [150, 22, 22, 21, 42, 41, 83, 81, 81, 143] Thread-10 1737
T0 [0, 4, 0, 1, 1, 2, 0, 1, 0, 0] [151, 22, 22, 21, 42, 41, 83, 81, 81, 143] Thread-0 1738
T7 [0, 4, 0, 1, 1, 1, 1, 1, 0, 0] [151, 22, 22, 21, 42, 41, 83, 82, 81, 143] Thread-8 1738
T1 [0, 3, 1, 1, 1, 1, 1, 0, 0, 0] [151, 23, 22, 21, 42, 41, 83, 82, 81, 143] Thread-3 1739
T2 [0, 3, 0, 2, 1, 1, 1, 0, 0, 0] [151, 23, 23, 21, 42, 41, 83, 82, 81, 143] Thread-3 1750
T8 [0, 3, 0, 2, 1, 1, 0, 0, 1, 1] [151, 23, 23, 21, 42, 41, 83, 82, 82, 143] Thread-8 1755
T9 [1, 3, 0, 2, 1, 1, 0, 0, 1, 0] [151, 23, 23, 21, 42, 41, 83, 82, 82, 144] Thread-11 1755
T0 [0, 4, 0, 2, 1, 1, 0, 0, 1, 0] [152, 23, 23, 21, 42, 41, 83, 82, 82, 144] Thread-1 1756
T6 [0, 3, 0, 2, 1, 2, 0, 0, 0, 0] [152, 23, 23, 21, 42, 41, 84, 82, 82, 144] Thread-8 1756
T7 [0, 3, 0, 2, 1, 1, 1, 0, 0, 0] [152, 23, 23, 21, 42, 41, 84, 83, 82, 144] Thread-7 1759
T5 [0, 3, 0, 2, 0, 1, 1, 1, 1, 1] [152, 23, 23, 21, 42, 42, 84, 83, 82, 144] Thread-5 1767
T4 [0, 2, 0, 2, 1, 1, 1, 0, 0, 1] [152, 23, 23, 21, 43, 42, 84, 83, 82, 144] Thread-6 1767
T9 [1, 2, 0, 2, 1, 1, 1, 0, 0, 0] [152, 23, 23, 21, 43, 42, 84, 83, 82, 145] Thread-9 1768
T0 [0, 3, 0, 2, 1, 1, 1, 0, 0, 0] [153, 23, 23, 21, 43, 42, 84, 83, 82, 145] Thread-2 1768
T8 [0, 3, 0, 2, 1, 1, 0, 0, 1, 1] [153, 23, 23, 21, 43, 42, 84, 83, 83, 145] Thread-7 1776
T9 [1, 3, 0, 2, 1, 1, 0, 0, 1, 0] [153, 23, 23, 21, 43, 42, 84, 83, 83, 146] Thread-10 1777
T0 [0, 4, 0, 2, 1, 1, 0, 0, 1, 0] [154, 23, 23, 21, 43, 42, 84, 83, 83, 146] Thread-0 1777
T6 [0, 3, 0, 2, 1, 2, 0, 0, 0, 0] [154, 23, 23, 21, 43, 42, 85, 83, 83, 146] Thread-7 1777
T7 [0, 3, 0, 2, 1, 1, 1, 0, 0, 0] [154, 23, 23, 21, 43, 42, 85, 84, 83, 146] Thread-7 1780
T8 [0, 3, 0, 2, 1, 1, 0, 0, 1, 1] [154, 23, 23, 21, 43, 42, 85, 84, 84, 146] Thread-7 1797
T9 [1, 3, 0, 2, 1, 1, 0, 0, 1, 0] [154, 23, 23, 21, 43, 42, 85, 84, 84, 147] Thread-11 1797
T0 [0, 4, 0, 2, 1, 1, 0, 0, 1, 0] [155, 23, 23, 21, 43, 42, 85, 84, 84, 147] Thread-1 1798
T6 [0, 3, 0, 2, 1, 2, 0, 0, 0, 0] [155, 23, 23, 21, 43, 42, 86, 84, 84, 147] Thread-7 1798
T7 [0, 3, 0, 2, 1, 1, 1, 0, 0, 0] [155, 23, 23, 21, 43, 42, 86, 85, 84, 147] Thread-7 1801
T5 [0, 3, 0, 2, 0, 1, 1, 1, 1, 1] [155, 23, 23, 21, 43, 43, 86, 85, 84, 147] Thread-6 1809
T4 [0, 2, 0, 2, 1, 1, 1, 0, 0, 1] [155, 23, 23, 21, 44, 43, 86, 85, 84, 147] Thread-5 1809
T9 [1, 2, 0, 2, 1, 1, 1, 0, 0, 0] [155, 23, 23, 21, 44, 43, 86, 85, 84, 148] Thread-9 1810
T0 [0, 3, 0, 2, 1, 1, 1, 0, 0, 0] [156, 23, 23, 21, 44, 43, 86, 85, 84, 148] Thread-2 1810
T8 [0, 3, 0, 2, 1, 1, 0, 0, 1, 1] [156, 23, 23, 21, 44, 43, 86, 85, 85, 148] Thread-7 1818
T9 [1, 3, 0, 2, 1, 1, 0, 0, 1, 0] [156, 23, 23, 21, 44, 43, 86, 85, 85, 149] Thread-10 1818
T0 [0, 4, 0, 2, 1, 1, 0, 0, 1, 0] [157, 23, 23, 21, 44, 43, 86, 85, 85, 149] Thread-0 1819
T3 [0, 4, 0, 1, 1, 1, 0, 1, 1, 1] [157, 23, 23, 22, 44, 43, 86, 85, 85, 149] Thread-4 1819
T4 [0, 3, 0, 1, 2, 1, 0, 0, 0, 1] [157, 23, 23, 22, 45, 43, 86, 85, 85, 149] Thread-6 1820
T9 [1, 3, 0, 1, 2, 1, 0, 0, 0, 0] [157, 23, 23, 22, 45, 43, 86, 85, 85, 150] Thread-11 1820
T0 [0, 4, 0, 1, 2, 1, 0, 0, 0, 0] [158, 23, 23, 22, 45, 43, 86, 85, 85, 150] Thread-1 1820
T7 [0, 4, 0, 1, 2, 0, 1, 0, 0, 0] [158, 23, 23, 22, 45, 43, 86, 86, 85, 150] Thread-8 1822
T8 [0, 4, 0, 1, 2, 0, 0, 0, 1, 1] [158, 23, 23, 22, 45, 43, 86, 86, 86, 150] Thread-8 1839
T6 [0, 3, 0, 1, 2, 1, 0, 0, 0, 1] [158, 23, 23, 22, 45, 43, 87, 86, 86, 150] Thread-7 1839
T9 [1, 3, 0, 1, 2, 1, 0, 0, 0, 0] [158, 23, 23, 22, 45, 43, 87, 86, 86, 151] Thread-9 1840
T0 [0, 4, 0, 1, 2, 1, 0, 0, 0, 0] [159, 23, 23, 22, 45, 43, 87, 86, 86, 151] Thread-2 1840
T5 [0, 4, 0, 1, 1, 1, 0, 1, 1, 1] [159, 23, 23, 22, 45, 44, 87, 86, 86, 151] Thread-6 1849
T9 [1, 4, 0, 1, 1, 1, 0, 1, 1, 0] [159, 23, 23, 22, 45, 44, 87, 86, 86, 152] Thread-10 1849
T0 [0, 5, 0, 1, 1, 1, 0, 1, 1, 0] [160, 23, 23, 22, 45, 44, 87, 86, 86, 152] Thread-0 1850
T6 [0, 4, 0, 1, 1, 2, 0, 1, 0, 0] [160, 23, 23, 22, 45, 44, 88, 86, 86, 152] Thread-8 1850
T1 [0, 3, 1, 1, 1, 2, 0, 0, 0, 0] [160, 24, 23, 22, 45, 44, 88, 86, 86, 152] Thread-4 1851
T7 [0, 3, 1, 1, 1, 1, 1, 0, 0, 0] [160, 24, 23, 22, 45, 44, 88, 87, 86, 152] Thread-8 1860
T2 [0, 3, 0, 2, 1, 1, 1, 0, 0, 0] [160, 24, 24, 22, 45, 44, 88, 87, 86, 152] Thread-4 1861
T8 [0, 3, 0, 2, 1, 1, 0, 0, 1, 1] [160, 24, 24, 22, 45, 44, 88, 87, 87, 152] Thread-8 1877
T9 [1, 3, 0, 2, 1, 1, 0, 0, 1, 0] [160, 24, 24, 22, 45, 44, 88, 87, 87, 153] Thread-11 1878
T0 [0, 4, 0, 2, 1, 1, 0, 0, 1, 0] [161, 24, 24, 22, 45, 44, 88, 87, 87, 153] Thread-1 1878
T6 [0, 3, 0, 2, 1, 2, 0, 0, 0, 0] [161, 24, 24, 22, 45, 44, 89, 87, 87, 153] Thread-8 1878
T7 [0, 3, 0, 2, 1, 1, 1, 0, 0, 0] [161, 24, 24, 22, 45, 44, 89, 88, 87, 153] Thread-8 1881
T5 [0, 3, 0, 2, 0, 1, 1, 1, 1, 1] [161, 24, 24, 22, 45, 45, 89, 88, 87, 153] Thread-5 1890
T4 [0, 2, 0, 2, 1, 1, 1, 0, 0, 1] [161, 24, 24, 22, 46, 45, 89, 88, 87, 153] Thread-6 1890
T9 [1, 2, 0, 2, 1, 1, 1, 0, 0, 0] [161, 24, 24, 22, 46, 45, 89, 88, 87, 154] Thread-9 1891
T0 [0, 3, 0, 2, 1, 1, 1, 0, 0, 0] [162, 24, 24, 22, 46, 45, 89, 88, 87, 154] Thread-2 1891
T8 [0, 3, 0, 2, 1, 1, 0, 0, 1, 1] [162, 24, 24, 22, 46, 45, 89, 88, 88, 154] Thread-8 1898
T9 [1, 3, 0, 2, 1, 1, 0, 0, 1, 0] [162, 24, 24, 22, 46, 45, 89, 88, 88, 155] Thread-10 1898
T0 [0, 4, 0, 2, 1, 1, 0, 0, 1, 0] [163, 24, 24, 22, 46, 45, 89, 88, 88, 155] Thread-0 1899
T6 [0, 3, 0, 2, 1, 2, 0, 0, 0, 0] [163, 24, 24, 22, 46, 45, 90, 88, 88, 155] Thread-8 1899
T3 [0, 3, 0, 1, 1, 2, 0, 1, 0, 1] [163, 24, 24, 23, 46, 45, 90, 88, 88, 155] Thread-4 1900
T9 [1, 3, 0, 1, 1, 2, 0, 1, 0, 0] [163, 24, 24, 23, 46, 45, 90, 88, 88, 156] Thread-11 1900
T0 [0, 4, 0, 1, 1, 2, 0, 1, 0, 0] [164, 24, 24, 23, 46, 45, 90, 88, 88, 156] Thread-1 1901
T1 [0, 3, 1, 1, 1, 2, 0, 0, 0, 0] [164, 25, 24, 23, 46, 45, 90, 88, 88, 156] Thread-4 1901
T7 [0, 3, 1, 1, 1, 1, 1, 0, 0, 0] [164, 25, 24, 23, 46, 45, 90, 89, 88, 156] Thread-8 1902
T2 [0, 3, 0, 2, 1, 1, 1, 0, 0, 0] [164, 25, 25, 23, 46, 45, 90, 89, 88, 156] Thread-4 1913
T8 [0, 3, 0, 2, 1, 1, 0, 0, 1, 1] [164, 25, 25, 23, 46, 45, 90, 89, 89, 156] Thread-8 1919
T9 [1, 3, 0, 2, 1, 1, 0, 0, 1, 0] [164, 25, 25, 23, 46, 45, 90, 89, 89, 157] Thread-9 1919
T0 [0, 4, 0, 2, 1, 1, 0, 0, 1, 0] [165, 25, 25, 23, 46, 45, 90, 89, 89, 157] Thread-2 1920
T6 [0, 3, 0, 2, 1, 2, 0, 0, 0, 0] [165, 25, 25, 23, 46, 45, 91, 89, 89, 157] Thread-8 1920
T7 [0, 3, 0, 2, 1, 1, 1, 0, 0, 0] [165, 25, 25, 23, 46, 45, 91, 90, 89, 157] Thread-7 1923
T5 [0, 3, 0, 2, 0, 1, 1, 1, 1, 1] [165, 25, 25, 23, 46, 46, 91, 90, 89, 157] Thread-6 1931
T4 [0, 2, 0, 2, 1, 1, 1, 0, 0, 1] [165, 25, 25, 23, 47, 46, 91, 90, 89, 157] Thread-5 1931
T9 [1, 2, 0, 2, 1, 1, 1, 0, 0, 0] [165, 25, 25, 23, 47, 46, 91, 90, 89, 158] Thread-10 1932
T0 [0, 3, 0, 2, 1, 1, 1, 0, 0, 0] [166, 25, 25, 23, 47, 46, 91, 90, 89, 158] Thread-0 1932
T8 [0, 3, 0, 2, 1, 1, 0, 0, 1, 1] [166, 25, 25, 23, 47, 46, 91, 90, 90, 158] Thread-7 1940
T9 [1, 3, 0, 2, 1, 1, 0, 0, 1, 0] [166, 25, 25, 23, 47, 46, 91, 90, 90, 159] Thread-11 1940
T0 [0, 4, 0, 2, 1, 1, 0, 0, 1, 0] [167, 25, 25, 23, 47, 46, 91, 90, 90, 159] Thread-1 1941
T6 [0, 3, 0, 2, 1, 2, 0, 0, 0, 0] [167, 25, 25, 23, 47, 46, 92, 90, 90, 159] Thread-7 1941
T7 [0, 3, 0, 2, 1, 1, 1, 0, 0, 0] [167, 25, 25, 23, 47, 46, 92, 91, 90, 159] Thread-7 1944
T8 [0, 3, 0, 2, 1, 1, 0, 0, 1, 1] [167, 25, 25, 23, 47, 46, 92, 91, 91, 159] Thread-7 1962
T9 [1, 3, 0, 2, 1, 1, 0, 0, 1, 0] [167, 25, 25, 23, 47, 46, 92, 91, 91, 160] Thread-9 1962
T0 [0, 4, 0, 2, 1, 1, 0, 0, 1, 0] [168, 25, 25, 23, 47, 46, 92, 91, 91, 160] Thread-2 1963
T6 [0, 3, 0, 2, 1, 2, 0, 0, 0, 0] [168, 25, 25, 23, 47, 46, 93, 91, 91, 160] Thread-7 1963
T7 [0, 3, 0, 2, 1, 1, 1, 0, 0, 0] [168, 25, 25, 23, 47, 46, 93, 92, 91, 160] Thread-7 1965
T5 [0, 3, 0, 2, 0, 1, 1, 1, 1, 1] [168, 25, 25, 23, 47, 47, 93, 92, 91, 160] Thread-5 1972
T4 [0, 2, 0, 2, 1, 1, 1, 0, 0, 1] [168, 25, 25, 23, 48, 47, 93, 92, 91, 160] Thread-6 1972
T9 [1, 2, 0, 2, 1, 1, 1, 0, 0, 0] [168, 25, 25, 23, 48, 47, 93, 92, 91, 161] Thread-10 1973
T0 [0, 3, 0, 2, 1, 1, 1, 0, 0, 0] [169, 25, 25, 23, 48, 47, 93, 92, 91, 161] Thread-0 1973
T3 [0, 3, 0, 1, 1, 1, 1, 1, 0, 1] [169, 25, 25, 24, 48, 47, 93, 92, 91, 161] Thread-4 1981
T9 [1, 3, 0, 1, 1, 1, 1, 1, 0, 0] [169, 25, 25, 24, 48, 47, 93, 92, 91, 162] Thread-11 1981
T0 [0, 4, 0, 1, 1, 1, 1, 1, 0, 0] [170, 25, 25, 24, 48, 47, 93, 92, 91, 162] Thread-1 1982
T8 [0, 4, 0, 1, 1, 1, 0, 1, 1, 1] [170, 25, 25, 24, 48, 47, 93, 92, 92, 162] Thread-7 1982
T4 [0, 3, 0, 1, 2, 1, 0, 0, 0, 1] [170, 25, 25, 24, 49, 47, 93, 92, 92, 162] Thread-5 1983
T9 [1, 3, 0, 1, 2, 1, 0, 0, 0, 0] [170, 25, 25, 24, 49, 47, 93, 92, 92, 163] Thread-9 1983
T0 [0, 4, 0, 1, 2, 1, 0, 0, 0, 0] [171, 25, 25, 24, 49, 47, 93, 92, 92, 163] Thread-2 1984
T7 [0, 4, 0, 1, 2, 0, 1, 0, 0, 0] [171, 25, 25, 24, 49, 47, 93, 93, 92, 163] Thread-8 1985
T8 [0, 4, 0, 1, 2, 0, 0, 0, 1, 1] [171, 25, 25, 24, 49, 47, 93, 93, 93, 163] Thread-8 2003
T6 [0, 3, 0, 1, 2, 1, 0, 0, 0, 1] [171, 25, 25, 24, 49, 47, 94, 93, 93, 163] Thread-7 2004
T9 [1, 3, 0, 1, 2, 1, 0, 0, 0, 0] [171, 25, 25, 24, 49, 47, 94, 93, 93, 164] Thread-10 2004
T0 [0, 4, 0, 1, 2, 1, 0, 0, 0, 0] [172, 25, 25, 24, 49, 47, 94, 93, 93, 164] Thread-0 2004
T5 [0, 4, 0, 1, 1, 1, 0, 1, 1, 1] [172, 25, 25, 24, 49, 48, 94, 93, 93, 164] Thread-6 2013
T6 [0, 3, 0, 1, 1, 2, 0, 1, 0, 1] [172, 25, 25, 24, 49, 48, 95, 93, 93, 164] Thread-8 2013
T9 [1, 3, 0, 1, 1, 2, 0, 1, 0, 0] [172, 25, 25, 24, 49, 48, 95, 93, 93, 165] Thread-11 2014
T0 [0, 4, 0, 1, 1, 2, 0, 1, 0, 0] [173, 25, 25, 24, 49, 48, 95, 93, 93, 165] Thread-1 2014
T1 [0, 3, 1, 1, 1, 2, 0, 0, 0, 0] [173, 26, 25, 24, 49, 48, 95, 93, 93, 165] Thread-4 2015
T7 [0, 3, 1, 1, 1, 1, 1, 0, 0, 0] [173, 26, 25, 24, 49, 48, 95, 94, 93, 165] Thread-7 2023
T2 [0, 3, 0, 2, 1, 1, 1, 0, 0, 0] [173, 26, 26, 24, 49, 48, 95, 94, 93, 165] Thread-4 2025
T8 [0, 3, 0, 2, 1, 1, 0, 0, 1, 1] [173, 26, 26, 24, 49, 48, 95, 94, 94, 165] Thread-7 2040
T9 [1, 3, 0, 2, 1, 1, 0, 0, 1, 0] [173, 26, 26, 24, 49, 48, 95, 94, 94, 166] Thread-9 2040
T0 [0, 4, 0, 2, 1, 1, 0, 0, 1, 0] [174, 26, 26, 24, 49, 48, 95, 94, 94, 166] Thread-2 2041
T6 [0, 3, 0, 2, 1, 2, 0, 0, 0, 0] [174, 26, 26, 24, 49, 48, 96, 94, 94, 166] Thread-7 2041
T7 [0, 3, 0, 2, 1, 1, 1, 0, 0, 0] [174, 26, 26, 24, 49, 48, 96, 95, 94, 166] Thread-8 2043
T5 [0, 3, 0, 2, 0, 1, 1, 1, 1, 1] [174, 26, 26, 24, 49, 49, 96, 95, 94, 166] Thread-5 2054
T4 [0, 2, 0, 2, 1, 1, 1, 0, 0, 1] [174, 26, 26, 24, 50, 49, 96, 95, 94, 166] Thread-6 2054
T9 [1, 2, 0, 2, 1, 1, 1, 0, 0, 0] [174, 26, 26, 24, 50, 49, 96, 95, 94, 167] Thread-10 2055
T0 [0, 3, 0, 2, 1, 1, 1, 0, 0, 0] [175, 26, 26, 24, 50, 49, 96, 95, 94, 167] Thread-0 2055
T8 [0, 3, 0, 2, 1, 1, 0, 0, 1, 1] [175, 26, 26, 24, 50, 49, 96, 95, 95, 167] Thread-8 2060
T9 [1, 3, 0, 2, 1, 1, 0, 0, 1, 0] [175, 26, 26, 24, 50, 49, 96, 95, 95, 168] Thread-11 2060
T0 [0, 4, 0, 2, 1, 1, 0, 0, 1, 0] [176, 26, 26, 24, 50, 49, 96, 95, 95, 168] Thread-1 2061
T6 [0, 3, 0, 2, 1, 2, 0, 0, 0, 0] [176, 26, 26, 24, 50, 49, 97, 95, 95, 168] Thread-8 2061
T3 [0, 3, 0, 1, 1, 2, 0, 1, 0, 1] [176, 26, 26, 25, 50, 49, 97, 95, 95, 168] Thread-3 2062
T9 [1, 3, 0, 1, 1, 2, 0, 1, 0, 0] [176, 26, 26, 25, 50, 49, 97, 95, 95, 169] Thread-9 2062
T0 [0, 4, 0, 1, 1, 2, 0, 1, 0, 0] [177, 26, 26, 25, 50, 49, 97, 95, 95, 169] Thread-2 2063
T1 [0, 3, 1, 1, 1, 2, 0, 0, 0, 0] [177, 27, 26, 25, 50, 49, 97, 95, 95, 169] Thread-3 2063
T7 [0, 3, 1, 1, 1, 1, 1, 0, 0, 0] [177, 27, 26, 25, 50, 49, 97, 96, 95, 169] Thread-7 2064
T2 [0, 3, 0, 2, 1, 1, 1, 0, 0, 0] [177, 27, 27, 25, 50, 49, 97, 96, 95, 169] Thread-3 2074
T8 [0, 3, 0, 2, 1, 1, 0, 0, 1, 1] [177, 27, 27, 25, 50, 49, 97, 96, 96, 169] Thread-7 2081
T9 [1, 3, 0, 2, 1, 1, 0, 0, 1, 0] [177, 27, 27, 25, 50, 49, 97, 96, 96, 170] Thread-10 2082
T0 [0, 4, 0, 2, 1, 1, 0, 0, 1, 0] [178, 27, 27, 25, 50, 49, 97, 96, 96, 170] Thread-0 2082
T6 [0, 3, 0, 2, 1, 2, 0, 0, 0, 0] [178, 27, 27, 25, 50, 49, 98, 96, 96, 170] Thread-7 2083
T7 [0, 3, 0, 2, 1, 1, 1, 0, 0, 0] [178, 27, 27, 25, 50, 49, 98, 97, 96, 170] Thread-8 2085
T5 [0, 3, 0, 2, 0, 1, 1, 1, 1, 1] [178, 27, 27, 25, 50, 50, 98, 97, 96, 170] Thread-6 2095
T4 [0, 2, 0, 2, 1, 1, 1, 0, 0, 1] [178, 27, 27, 25, 51, 50, 98, 97, 96, 170] Thread-5 2096
T9 [1, 2, 0, 2, 1, 1, 1, 0, 0, 0] [178, 27, 27, 25, 51, 50, 98, 97, 96, 171] Thread-11 2096
T0 [0, 3, 0, 2, 1, 1, 1, 0, 0, 0] [179, 27, 27, 25, 51, 50, 98, 97, 96, 171] Thread-1 2096
T8 [0, 3, 0, 2, 1, 1, 0, 0, 1, 1] [179, 27, 27, 25, 51, 50, 98, 97, 97, 171] Thread-8 2102
T9 [1, 3, 0, 2, 1, 1, 0, 0, 1, 0] [179, 27, 27, 25, 51, 50, 98, 97, 97, 172] Thread-9 2102
T0 [0, 4, 0, 2, 1, 1, 0, 0, 1, 0] [180, 27, 27, 25, 51, 50, 98, 97, 97, 172] Thread-2 2103
T6 [0, 3, 0, 2, 1, 2, 0, 0, 0, 0] [180, 27, 27, 25, 51, 50, 99, 97, 97, 172] Thread-8 2103
T7 [0, 3, 0, 2, 1, 1, 1, 0, 0, 0] [180, 27, 27, 25, 51, 50, 99, 98, 97, 172] Thread-8 2106
T8 [0, 3, 0, 2, 1, 1, 0, 0, 1, 1] [180, 27, 27, 25, 51, 50, 99, 98, 98, 172] Thread-8 2123
T9 [1, 3, 0, 2, 1, 1, 0, 0, 1, 0] [180, 27, 27, 25, 51, 50, 99, 98, 98, 173] Thread-10 2123
T0 [0, 4, 0, 2, 1, 1, 0, 0, 1, 0] [181, 27, 27, 25, 51, 50, 99, 98, 98, 173] Thread-0 2124
T6 [0, 3, 0, 2, 1, 2, 0, 0, 0, 0] [181, 27, 27, 25, 51, 50, 100, 98, 98, 173] Thread-8 2124
T7 [0, 3, 0, 2, 1, 1, 1, 0, 0, 0] [181, 27, 27, 25, 51, 50, 100, 99, 98, 173] Thread-7 2127
T5 [0, 3, 0, 2, 0, 1, 1, 1, 1, 1] [181, 27, 27, 25, 51, 51, 100, 99, 98, 173] Thread-5 2136
T4 [0, 2, 0, 2, 1, 1, 1, 0, 0, 1] [181, 27, 27, 25, 52, 51, 100, 99, 98, 173] Thread-6 2137
T9 [1, 2, 0, 2, 1, 1, 1, 0, 0, 0] [181, 27, 27, 25, 52, 51, 100, 99, 98, 174] Thread-11 2137
T0 [0, 3, 0, 2, 1, 1, 1, 0, 0, 0] [182, 27, 27, 25, 52, 51, 100, 99, 98, 174] Thread-1 2137
T3 [0, 3, 0, 1, 1, 1, 1, 1, 0, 1] [182, 27, 27, 26, 52, 51, 100, 99, 98, 174] Thread-4 2143
T9 [1, 3, 0, 1, 1, 1, 1, 1, 0, 0] [182, 27, 27, 26, 52, 51, 100, 99, 98, 175] Thread-9 2143
T0 [0, 4, 0, 1, 1, 1, 1, 1, 0, 0] [183, 27, 27, 26, 52, 51, 100, 99, 98, 175] Thread-2 2143
T1 [0, 3, 1, 1, 1, 1, 1, 0, 0, 0] [183, 28, 27, 26, 52, 51, 100, 99, 98, 175] Thread-4 2144
T8 [0, 3, 1, 1, 1, 1, 0, 0, 1, 1] [183, 28, 27, 26, 52, 51, 100, 99, 99, 175] Thread-7 2144
T9 [1, 3, 1, 1, 1, 1, 0, 0, 1, 0] [183, 28, 27, 26, 52, 51, 100, 99, 99, 176] Thread-10 2145
T0 [0, 4, 1, 1, 1, 1, 0, 0, 1, 0] [184, 28, 27, 26, 52, 51, 100, 99, 99, 176] Thread-0 2145
T6 [0, 3, 1, 1, 1, 2, 0, 0, 0, 0] [184, 28, 27, 26, 52, 51, 101, 99, 99, 176] Thread-7 2146
T7 [0, 3, 1, 1, 1, 1, 1, 0, 0, 0] [184, 28, 27, 26, 52, 51, 101, 100, 99, 176] Thread-7 2148
T2 [0, 3, 0, 2, 1, 1, 1, 0, 0, 0] [184, 28, 28, 26, 52, 51, 101, 100, 99, 176] Thread-4 2155
T8 [0, 3, 0, 2, 1, 1, 0, 0, 1, 1] [184, 28, 28, 26, 52, 51, 101, 100, 100, 176] Thread-7 2165
T9 [1, 3, 0, 2, 1, 1, 0, 0, 1, 0] [184, 28, 28, 26, 52, 51, 101, 100, 100, 177] Thread-11 2165
T0 [0, 4, 0, 2, 1, 1, 0, 0, 1, 0] [185, 28, 28, 26, 52, 51, 101, 100, 100, 177] Thread-1 2166
T6 [0, 3, 0, 2, 1, 2, 0, 0, 0, 0] [185, 28, 28, 26, 52, 51, 102, 100, 100, 177] Thread-7 2166
T7 [0, 3, 0, 2, 1, 1, 1, 0, 0, 0] [185, 28, 28, 26, 52, 51, 102, 101, 100, 177] Thread-7 2169
T5 [0, 3, 0, 2, 0, 1, 1, 1, 1, 1] [185, 28, 28, 26, 52, 52, 102, 101, 100, 177] Thread-6 2176
T4 [0, 2, 0, 2, 1, 1, 1, 0, 0, 1] [185, 28, 28, 26, 53, 52, 102, 101, 100, 177] Thread-5 2176
T9 [1, 2, 0, 2, 1, 1, 1, 0, 0, 0] [185, 28, 28, 26, 53, 52, 102, 101, 100, 178] Thread-9 2177
T0 [0, 3, 0, 2, 1, 1, 1, 0, 0, 0] [186, 28, 28, 26, 53, 52, 102, 101, 100, 178] Thread-2 2177
T8 [0, 3, 0, 2, 1, 1, 0, 0, 1, 1] [186, 28, 28, 26, 53, 52, 102, 101, 101, 178] Thread-7 2186
T9 [1, 3, 0, 2, 1, 1, 0, 0, 1, 0] [186, 28, 28, 26, 53, 52, 102, 101, 101, 179] Thread-10 2186
T0 [0, 4, 0, 2, 1, 1, 0, 0, 1, 0] [187, 28, 28, 26, 53, 52, 102, 101, 101, 179] Thread-0 2188
T6 [0, 3, 0, 2, 1, 2, 0, 0, 0, 0] [187, 28, 28, 26, 53, 52, 103, 101, 101, 179] Thread-7 2188
T7 [0, 3, 0, 2, 1, 1, 1, 0, 0, 0] [187, 28, 28, 26, 53, 52, 103, 102, 101, 179] Thread-7 2190
T8 [0, 3, 0, 2, 1, 1, 0, 0, 1, 1] [187, 28, 28, 26, 53, 52, 103, 102, 102, 179] Thread-7 2207
T9 [1, 3, 0, 2, 1, 1, 0, 0, 1, 0] [187, 28, 28, 26, 53, 52, 103, 102, 102, 180] Thread-11 2207
T0 [0, 4, 0, 2, 1, 1, 0, 0, 1, 0] [188, 28, 28, 26, 53, 52, 103, 102, 102, 180] Thread-1 2208
T6 [0, 3, 0, 2, 1, 2, 0, 0, 0, 0] [188, 28, 28, 26, 53, 52, 104, 102, 102, 180] Thread-7 2208
T7 [0, 3, 0, 2, 1, 1, 1, 0, 0, 0] [188, 28, 28, 26, 53, 52, 104, 103, 102, 180] Thread-8 2210
T5 [0, 3, 0, 2, 0, 1, 1, 1, 1, 1] [188, 28, 28, 26, 53, 53, 104, 103, 102, 180] Thread-5 2217
T4 [0, 2, 0, 2, 1, 1, 1, 0, 0, 1] [188, 28, 28, 26, 54, 53, 104, 103, 102, 180] Thread-6 2217
T9 [1, 2, 0, 2, 1, 1, 1, 0, 0, 0] [188, 28, 28, 26, 54, 53, 104, 103, 102, 181] Thread-9 2218
T0 [0, 3, 0, 2, 1, 1, 1, 0, 0, 0] [189, 28, 28, 26, 54, 53, 104, 103, 102, 181] Thread-2 2218
T3 [0, 3, 0, 1, 1, 1, 1, 1, 0, 1] [189, 28, 28, 27, 54, 53, 104, 103, 102, 181] Thread-4 2223
T9 [1, 3, 0, 1, 1, 1, 1, 1, 0, 0] [189, 28, 28, 27, 54, 53, 104, 103, 102, 182] Thread-10 2223
T0 [0, 4, 0, 1, 1, 1, 1, 1, 0, 0] [190, 28, 28, 27, 54, 53, 104, 103, 102, 182] Thread-0 2224
T1 [0, 3, 1, 1, 1, 1, 1, 0, 0, 0] [190, 29, 28, 27, 54, 53, 104, 103, 102, 182] Thread-4 2224
T8 [0, 3, 1, 1, 1, 1, 0, 0, 1, 1] [190, 29, 28, 27, 54, 53, 104, 103, 103, 182] Thread-8 2227
T9 [1, 3, 1, 1, 1, 1, 0, 0, 1, 0] [190, 29, 28, 27, 54, 53, 104, 103, 103, 183] Thread-11 2227
T0 [0, 4, 1, 1, 1, 1, 0, 0, 1, 0] [191, 29, 28, 27, 54, 53, 104, 103, 103, 183] Thread-1 2228
T6 [0, 3, 1, 1, 1, 2, 0, 0, 0, 0] [191, 29, 28, 27, 54, 53, 105, 103, 103, 183] Thread-8 2228
T7 [0, 3, 1, 1, 1, 1, 1, 0, 0, 0] [191, 29, 28, 27, 54, 53, 105, 104, 103, 183] Thread-8 2231
T2 [0, 3, 0, 2, 1, 1, 1, 0, 0, 0] [191, 29, 29, 27, 54, 53, 105, 104, 103, 183] Thread-4 2236
T8 [0, 3, 0, 2, 1, 1, 0, 0, 1, 1] [191, 29, 29, 27, 54, 53, 105, 104, 104, 183] Thread-8 2248
T9 [1, 3, 0, 2, 1, 1, 0, 0, 1, 0] [191, 29, 29, 27, 54, 53, 105, 104, 104, 184] Thread-9 2248
T0 [0, 4, 0, 2, 1, 1, 0, 0, 1, 0] [192, 29, 29, 27, 54, 53, 105, 104, 104, 184] Thread-2 2249
T6 [0, 3, 0, 2, 1, 2, 0, 0, 0, 0] [192, 29, 29, 27, 54, 53, 106, 104, 104, 184] Thread-8 2250
T7 [0, 3, 0, 2, 1, 1, 1, 0, 0, 0] [192, 29, 29, 27, 54, 53, 106, 105, 104, 184] Thread-8 2252
T5 [0, 3, 0, 2, 0, 1, 1, 1, 1, 1] [192, 29, 29, 27, 54, 54, 106, 105, 104, 184] Thread-6 2258
T4 [0, 2, 0, 2, 1, 1, 1, 0, 0, 1] [192, 29, 29, 27, 55, 54, 106, 105, 104, 184] Thread-5 2258
T9 [1, 2, 0, 2, 1, 1, 1, 0, 0, 0] [192, 29, 29, 27, 55, 54, 106, 105, 104, 185] Thread-10 2259
T0 [0, 3, 0, 2, 1, 1, 1, 0, 0, 0] [193, 29, 29, 27, 55, 54, 106, 105, 104, 185] Thread-0 2259
T8 [0, 3, 0, 2, 1, 1, 0, 0, 1, 1] [193, 29, 29, 27, 55, 54, 106, 105, 105, 185] Thread-8 2269
T9 [1, 3, 0, 2, 1, 1, 0, 0, 1, 0] [193, 29, 29, 27, 55, 54, 106, 105, 105, 186] Thread-11 2269
T0 [0, 4, 0, 2, 1, 1, 0, 0, 1, 0] [194, 29, 29, 27, 55, 54, 106, 105, 105, 186] Thread-1 2270
T6 [0, 3, 0, 2, 1, 2, 0, 0, 0, 0] [194, 29, 29, 27, 55, 54, 107, 105, 105, 186] Thread-8 2270
T7 [0, 3, 0, 2, 1, 1, 1, 0, 0, 0] [194, 29, 29, 27, 55, 54, 107, 106, 105, 186] Thread-7 2273
T8 [0, 3, 0, 2, 1, 1, 0, 0, 1, 1] [194, 29, 29, 27, 55, 54, 107, 106, 106, 186] Thread-7 2290
T9 [1, 3, 0, 2, 1, 1, 0, 0, 1, 0] [194, 29, 29, 27, 55, 54, 107, 106, 106, 187] Thread-9 2290
T0 [0, 4, 0, 2, 1, 1, 0, 0, 1, 0] [195, 29, 29, 27, 55, 54, 107, 106, 106, 187] Thread-2 2291
T6 [0, 3, 0, 2, 1, 2, 0, 0, 0, 0] [195, 29, 29, 27, 55, 54, 108, 106, 106, 187] Thread-7 2291
T7 [0, 3, 0, 2, 1, 1, 1, 0, 0, 0] [195, 29, 29, 27, 55, 54, 108, 107, 106, 187] Thread-7 2295
T5 [0, 3, 0, 2, 0, 1, 1, 1, 1, 1] [195, 29, 29, 27, 55, 55, 108, 107, 106, 187] Thread-5 2299
T4 [0, 2, 0, 2, 1, 1, 1, 0, 0, 1] [195, 29, 29, 27, 56, 55, 108, 107, 106, 187] Thread-6 2299
T9 [1, 2, 0, 2, 1, 1, 1, 0, 0, 0] [195, 29, 29, 27, 56, 55, 108, 107, 106, 188] Thread-10 2299
T0 [0, 3, 0, 2, 1, 1, 1, 0, 0, 0] [196, 29, 29, 27, 56, 55, 108, 107, 106, 188] Thread-0 2300
T3 [0, 3, 0, 1, 1, 1, 1, 1, 0, 1] [196, 29, 29, 28, 56, 55, 108, 107, 106, 188] Thread-4 2304
T9 [1, 3, 0, 1, 1, 1, 1, 1, 0, 0] [196, 29, 29, 28, 56, 55, 108, 107, 106, 189] Thread-11 2304
T0 [0, 4, 0, 1, 1, 1, 1, 1, 0, 0] [197, 29, 29, 28, 56, 55, 108, 107, 106, 189] Thread-1 2305
T1 [0, 3, 1, 1, 1, 1, 1, 0, 0, 0] [197, 30, 29, 28, 56, 55, 108, 107, 106, 189] Thread-4 2305
T8 [0, 3, 1, 1, 1, 1, 0, 0, 1, 1] [197, 30, 29, 28, 56, 55, 108, 107, 107, 189] Thread-7 2311
T9 [1, 3, 1, 1, 1, 1, 0, 0, 1, 0] [197, 30, 29, 28, 56, 55, 108, 107, 107, 190] Thread-9 2311
T0 [0, 4, 1, 1, 1, 1, 0, 0, 1, 0] [198, 30, 29, 28, 56, 55, 108, 107, 107, 190] Thread-2 2312
T6 [0, 3, 1, 1, 1, 2, 0, 0, 0, 0] [198, 30, 29, 28, 56, 55, 109, 107, 107, 190] Thread-7 2312
T7 [0, 3, 1, 1, 1, 1, 1, 0, 0, 0] [198, 30, 29, 28, 56, 55, 109, 108, 107, 190] Thread-8 2316
T2 [0, 3, 0, 2, 1, 1, 1, 0, 0, 0] [198, 30, 30, 28, 56, 55, 109, 108, 107, 190] Thread-4 2317
T8 [0, 3, 0, 2, 1, 1, 0, 0, 1, 1] [198, 30, 30, 28, 56, 55, 109, 108, 108, 190] Thread-8 2332
T9 [1, 3, 0, 2, 1, 1, 0, 0, 1, 0] [198, 30, 30, 28, 56, 55, 109, 108, 108, 191] Thread-10 2332
T0 [0, 4, 0, 2, 1, 1, 0, 0, 1, 0] [199, 30, 30, 28, 56, 55, 109, 108, 108, 191] Thread-0 2333
T6 [0, 3, 0, 2, 1, 2, 0, 0, 0, 0] [199, 30, 30, 28, 56, 55, 110, 108, 108, 191] Thread-8 2333
T7 [0, 3, 0, 2, 1, 1, 1, 0, 0, 0] [199, 30, 30, 28, 56, 55, 110, 109, 108, 191] Thread-7 2336
T5 [0, 3, 0, 2, 0, 1, 1, 1, 1, 1] [199, 30, 30, 28, 56, 56, 110, 109, 108, 191] Thread-6 2340
T4 [0, 2, 0, 2, 1, 1, 1, 0, 0, 1] [199, 30, 30, 28, 57, 56, 110, 109, 108, 191] Thread-5 2340
T9 [1, 2, 0, 2, 1, 1, 1, 0, 0, 0] [199, 30, 30, 28, 57, 56, 110, 109, 108, 192] Thread-11 2341
T0 [0, 3, 0, 2, 1, 1, 1, 0, 0, 0] [200, 30, 30, 28, 57, 56, 110, 109, 108, 192] Thread-1 2341
T8 [0, 3, 0, 2, 1, 1, 0, 0, 1, 1] [200, 30, 30, 28, 57, 56, 110, 109, 109, 192] Thread-7 2353
T9 [1, 3, 0, 2, 1, 1, 0, 0, 1, 0] [200, 30, 30, 28, 57, 56, 110, 109, 109, 193] Thread-9 2354
T0 [0, 4, 0, 2, 1, 1, 0, 0, 1, 0] [201, 30, 30, 28, 57, 56, 110, 109, 109, 193] Thread-2 2354
T6 [0, 3, 0, 2, 1, 2, 0, 0, 0, 0] [201, 30, 30, 28, 57, 56, 111, 109, 109, 193] Thread-7 2355
T7 [0, 3, 0, 2, 1, 1, 1, 0, 0, 0] [201, 30, 30, 28, 57, 56, 111, 110, 109, 193] Thread-8 2356
T8 [0, 3, 0, 2, 1, 1, 0, 0, 1, 1] [201, 30, 30, 28, 57, 56, 111, 110, 110, 193] Thread-8 2373
T9 [1, 3, 0, 2, 1, 1, 0, 0, 1, 0] [201, 30, 30, 28, 57, 56, 111, 110, 110, 194] Thread-10 2373
T0 [0, 4, 0, 2, 1, 1, 0, 0, 1, 0] [202, 30, 30, 28, 57, 56, 111, 110, 110, 194] Thread-0 2374
T6 [0, 3, 0, 2, 1, 2, 0, 0, 0, 0] [202, 30, 30, 28, 57, 56, 112, 110, 110, 194] Thread-8 2374
T7 [0, 3, 0, 2, 1, 1, 1, 0, 0, 0] [202, 30, 30, 28, 57, 56, 112, 111, 110, 194] Thread-7 2377
T5 [0, 3, 0, 2, 0, 1, 1, 1, 1, 1] [202, 30, 30, 28, 57, 57, 112, 111, 110, 194] Thread-5 2382
T4 [0, 2, 0, 2, 1, 1, 1, 0, 0, 1] [202, 30, 30, 28, 58, 57, 112, 111, 110, 194] Thread-6 2382
T9 [1, 2, 0, 2, 1, 1, 1, 0, 0, 0] [202, 30, 30, 28, 58, 57, 112, 111, 110, 195] Thread-11 2383
T0 [0, 3, 0, 2, 1, 1, 1, 0, 0, 0] [203, 30, 30, 28, 58, 57, 112, 111, 110, 195] Thread-1 2383
T3 [0, 3, 0, 1, 1, 1, 1, 1, 0, 1] [203, 30, 30, 29, 58, 57, 112, 111, 110, 195] Thread-4 2385
T9 [1, 3, 0, 1, 1, 1, 1, 1, 0, 0] [203, 30, 30, 29, 58, 57, 112, 111, 110, 196] Thread-9 2385
T0 [0, 4, 0, 1, 1, 1, 1, 1, 0, 0] [204, 30, 30, 29, 58, 57, 112, 111, 110, 196] Thread-2 2386
T1 [0, 3, 1, 1, 1, 1, 1, 0, 0, 0] [204, 31, 30, 29, 58, 57, 112, 111, 110, 196] Thread-4 2386
T8 [0, 3, 1, 1, 1, 1, 0, 0, 1, 1] [204, 31, 30, 29, 58, 57, 112, 111, 111, 196] Thread-7 2394
T9 [1, 3, 1, 1, 1, 1, 0, 0, 1, 0] [204, 31, 30, 29, 58, 57, 112, 111, 111, 197] Thread-10 2394
T0 [0, 4, 1, 1, 1, 1, 0, 0, 1, 0] [205, 31, 30, 29, 58, 57, 112, 111, 111, 197] Thread-0 2395
T6 [0, 3, 1, 1, 1, 2, 0, 0, 0, 0] [205, 31, 30, 29, 58, 57, 113, 111, 111, 197] Thread-7 2395
T2 [0, 3, 0, 2, 1, 2, 0, 0, 0, 0] [205, 31, 31, 29, 58, 57, 113, 111, 111, 197] Thread-4 2397
T7 [0, 3, 0, 2, 1, 1, 1, 0, 0, 0] [205, 31, 31, 29, 58, 57, 113, 112, 111, 197] Thread-7 2398
T8 [0, 3, 0, 2, 1, 1, 0, 0, 1, 1] [205, 31, 31, 29, 58, 57, 113, 112, 112, 197] Thread-7 2415
T9 [1, 3, 0, 2, 1, 1, 0, 0, 1, 0] [205, 31, 31, 29, 58, 57, 113, 112, 112, 198] Thread-11 2416
T0 [0, 4, 0, 2, 1, 1, 0, 0, 1, 0] [206, 31, 31, 29, 58, 57, 113, 112, 112, 198] Thread-1 2416
T6 [0, 3, 0, 2, 1, 2, 0, 0, 0, 0] [206, 31, 31, 29, 58, 57, 114, 112, 112, 198] Thread-7 2416
T7 [0, 3, 0, 2, 1, 1, 1, 0, 0, 0] [206, 31, 31, 29, 58, 57, 114, 113, 112, 198] Thread-7 2419
T5 [0, 3, 0, 2, 0, 1, 1, 1, 1, 1] [206, 31, 31, 29, 58, 58, 114, 113, 112, 198] Thread-6 2423
T4 [0, 2, 0, 2, 1, 1, 1, 0, 0, 1] [206, 31, 31, 29, 59, 58, 114, 113, 112, 198] Thread-5 2423
T9 [1, 2, 0, 2, 1, 1, 1, 0, 0, 0] [206, 31, 31, 29, 59, 58, 114, 113, 112, 199] Thread-9 2423
T0 [0, 3, 0, 2, 1, 1, 1, 0, 0, 0] [207, 31, 31, 29, 59, 58, 114, 113, 112, 199] Thread-2 2425
T8 [0, 3, 0, 2, 1, 1, 0, 0, 1, 1] [207, 31, 31, 29, 59, 58, 114, 113, 113, 199] Thread-7 2436
T9 [1, 3, 0, 2, 1, 1, 0, 0, 1, 0] [207, 31, 31, 29, 59, 58, 114, 113, 113, 200] Thread-10 2436
T0 [0, 4, 0, 2, 1, 1, 0, 0, 1, 0] [208, 31, 31, 29, 59, 58, 114, 113, 113, 200] Thread-0 2437
T6 [0, 3, 0, 2, 1, 2, 0, 0, 0, 0] [208, 31, 31, 29, 59, 58, 115, 113, 113, 200] Thread-7 2437
T7 [0, 3, 0, 2, 1, 1, 1, 0, 0, 0] [208, 31, 31, 29, 59, 58, 115, 114, 113, 200] Thread-7 2441
T8 [0, 3, 0, 2, 1, 1, 0, 0, 1, 1] [208, 31, 31, 29, 59, 58, 115, 114, 114, 200] Thread-7 2458
T9 [1, 3, 0, 2, 1, 1, 0, 0, 1, 0] [208, 31, 31, 29, 59, 58, 115, 114, 114, 201] Thread-11 2459
T0 [0, 4, 0, 2, 1, 1, 0, 0, 1, 0] [209, 31, 31, 29, 59, 58, 115, 114, 114, 201] Thread-1 2459
T6 [0, 3, 0, 2, 1, 2, 0, 0, 0, 0] [209, 31, 31, 29, 59, 58, 116, 114, 114, 201] Thread-7 2459
T7 [0, 3, 0, 2, 1, 1, 1, 0, 0, 0] [209, 31, 31, 29, 59, 58, 116, 115, 114, 201] Thread-7 2462
T5 [0, 3, 0, 2, 0, 1, 1, 1, 1, 1] [209, 31, 31, 29, 59, 59, 116, 115, 114, 201] Thread-5 2464
T4 [0, 2, 0, 2, 1, 1, 1, 0, 0, 1] [209, 31, 31, 29, 60, 59, 116, 115, 114, 201] Thread-6 2464
T9 [1, 2, 0, 2, 1, 1, 1, 0, 0, 0] [209, 31, 31, 29, 60, 59, 116, 115, 114, 202] Thread-9 2465
T0 [0, 3, 0, 2, 1, 1, 1, 0, 0, 0] [210, 31, 31, 29, 60, 59, 116, 115, 114, 202] Thread-2 2465
T3 [0, 3, 0, 1, 1, 1, 1, 1, 0, 1] [210, 31, 31, 30, 60, 59, 116, 115, 114, 202] Thread-4 2466
T9 [1, 3, 0, 1, 1, 1, 1, 1, 0, 0] [210, 31, 31, 30, 60, 59, 116, 115, 114, 203] Thread-10 2466
T0 [0, 4, 0, 1, 1, 1, 1, 1, 0, 0] [211, 31, 31, 30, 60, 59, 116, 115, 114, 203] Thread-0 2467
T1 [0, 3, 1, 1, 1, 1, 1, 0, 0, 0] [211, 32, 31, 30, 60, 59, 116, 115, 114, 203] Thread-4 2467
T8 [0, 3, 1, 1, 1, 1, 0, 0, 1, 1] [211, 32, 31, 30, 60, 59, 116, 115, 115, 203] Thread-7 2479
T9 [1, 3, 1, 1, 1, 1, 0, 0, 1, 0] [211, 32, 31, 30, 60, 59, 116, 115, 115, 204] Thread-11 2480
T0 [0, 4, 1, 1, 1, 1, 0, 0, 1, 0] [212, 32, 31, 30, 60, 59, 116, 115, 115, 204] Thread-1 2480
T2 [0, 4, 0, 2, 1, 1, 0, 0, 1, 0] [212, 32, 32, 30, 60, 59, 116, 115, 115, 204] Thread-4 2480
T6 [0, 3, 0, 2, 1, 2, 0, 0, 0, 0] [212, 32, 32, 30, 60, 59, 117, 115, 115, 204] Thread-7 2481
T7 [0, 3, 0, 2, 1, 1, 1, 0, 0, 0] [212, 32, 32, 30, 60, 59, 117, 116, 115, 204] Thread-7 2483
T8 [0, 3, 0, 2, 1, 1, 0, 0, 1, 1] [212, 32, 32, 30, 60, 59, 117, 116, 116, 204] Thread-7 2500
T9 [1, 3, 0, 2, 1, 1, 0, 0, 1, 0] [212, 32, 32, 30, 60, 59, 117, 116, 116, 205] Thread-9 2500
T0 [0, 4, 0, 2, 1, 1, 0, 0, 1, 0] [213, 32, 32, 30, 60, 59, 117, 116, 116, 205] Thread-2 2500
T6 [0, 3, 0, 2, 1, 2, 0, 0, 0, 0] [213, 32, 32, 30, 60, 59, 118, 116, 116, 205] Thread-7 2501
T7 [0, 3, 0, 2, 1, 1, 1, 0, 0, 0] [213, 32, 32, 30, 60, 59, 118, 117, 116, 205] Thread-8 2503
T5 [0, 3, 0, 2, 0, 1, 1, 1, 1, 1] [213, 32, 32, 30, 60, 60, 118, 117, 116, 205] Thread-6 2506
T4 [0, 2, 0, 2, 1, 1, 1, 0, 0, 1] [213, 32, 32, 30, 61, 60, 118, 117, 116, 205] Thread-5 2506
T9 [1, 2, 0, 2, 1, 1, 1, 0, 0, 0] [213, 32, 32, 30, 61, 60, 118, 117, 116, 206] Thread-10 2507
T0 [0, 3, 0, 2, 1, 1, 1, 0, 0, 0] [214, 32, 32, 30, 61, 60, 118, 117, 116, 206] Thread-0 2508
T8 [0, 3, 0, 2, 1, 1, 0, 0, 1, 1] [214, 32, 32, 30, 61, 60, 118, 117, 117, 206] Thread-8 2521
T9 [1, 3, 0, 2, 1, 1, 0, 0, 1, 0] [214, 32, 32, 30, 61, 60, 118, 117, 117, 207] Thread-11 2521
T0 [0, 4, 0, 2, 1, 1, 0, 0, 1, 0] [215, 32, 32, 30, 61, 60, 118, 117, 117, 207] Thread-1 2522
T6 [0, 3, 0, 2, 1, 2, 0, 0, 0, 0] [215, 32, 32, 30, 61, 60, 119, 117, 117, 207] Thread-8 2522
T7 [0, 3, 0, 2, 1, 1, 1, 0, 0, 0] [215, 32, 32, 30, 61, 60, 119, 118, 117, 207] Thread-8 2524
T8 [0, 3, 0, 2, 1, 1, 0, 0, 1, 1] [215, 32, 32, 30, 61, 60, 119, 118, 118, 207] Thread-8 2541
T9 [1, 3, 0, 2, 1, 1, 0, 0, 1, 0] [215, 32, 32, 30, 61, 60, 119, 118, 118, 208] Thread-9 2541
T0 [0, 4, 0, 2, 1, 1, 0, 0, 1, 0] [216, 32, 32, 30, 61, 60, 119, 118, 118, 208] Thread-2 2542
T6 [0, 3, 0, 2, 1, 2, 0, 0, 0, 0] [216, 32, 32, 30, 61, 60, 120, 118, 118, 208] Thread-8 2542
T7 [0, 3, 0, 2, 1, 1, 1, 0, 0, 0] [216, 32, 32, 30, 61, 60, 120, 119, 118, 208] Thread-7 2545
T3 [0, 3, 0, 1, 1, 1, 1, 1, 0, 1] [216, 32, 32, 31, 61, 60, 120, 119, 118, 208] Thread-4 2547
T9 [1, 3, 0, 1, 1, 1, 1, 1, 0, 0] [216, 32, 32, 31, 61, 60, 120, 119, 118, 209] Thread-10 2547
T0 [0, 4, 0, 1, 1, 1, 1, 1, 0, 0] [217, 32, 32, 31, 61, 60, 120, 119, 118, 209] Thread-0 2548
T5 [0, 4, 0, 1, 0, 1, 1, 2, 1, 1] [217, 32, 32, 31, 61, 61, 120, 119, 118, 209] Thread-5 2548
T4 [0, 3, 0, 1, 1, 1, 1, 1, 0, 1] [217, 32, 32, 31, 62, 61, 120, 119, 118, 209] Thread-6 2549
T9 [1, 3, 0, 1, 1, 1, 1, 1, 0, 0] [217, 32, 32, 31, 62, 61, 120, 119, 118, 210] Thread-11 2549
T0 [0, 4, 0, 1, 1, 1, 1, 1, 0, 0] [218, 32, 32, 31, 62, 61, 120, 119, 118, 210] Thread-1 2550
T1 [0, 3, 1, 1, 1, 1, 1, 0, 0, 0] [218, 33, 32, 31, 62, 61, 120, 119, 118, 210] Thread-4 2550
T2 [0, 3, 0, 2, 1, 1, 1, 0, 0, 0] [218, 33, 33, 31, 62, 61, 120, 119, 118, 210] Thread-4 2562
T8 [0, 3, 0, 2, 1, 1, 0, 0, 1, 1] [218, 33, 33, 31, 62, 61, 120, 119, 119, 210] Thread-7 2563
T9 [1, 3, 0, 2, 1, 1, 0, 0, 1, 0] [218, 33, 33, 31, 62, 61, 120, 119, 119, 211] Thread-9 2563
T0 [0, 4, 0, 2, 1, 1, 0, 0, 1, 0] [219, 33, 33, 31, 62, 61, 120, 119, 119, 211] Thread-2 2563
T6 [0, 3, 0, 2, 1, 2, 0, 0, 0, 0] [219, 33, 33, 31, 62, 61, 121, 119, 119, 211] Thread-7 2564
T7 [0, 3, 0, 2, 1, 1, 1, 0, 0, 0] [219, 33, 33, 31, 62, 61, 121, 120, 119, 211] Thread-8 2566
T8 [0, 3, 0, 2, 1, 1, 0, 0, 1, 1] [219, 33, 33, 31, 62, 61, 121, 120, 120, 211] Thread-8 2583
T9 [1, 3, 0, 2, 1, 1, 0, 0, 1, 0] [219, 33, 33, 31, 62, 61, 121, 120, 120, 212] Thread-10 2583
T0 [0, 4, 0, 2, 1, 1, 0, 0, 1, 0] [220, 33, 33, 31, 62, 61, 121, 120, 120, 212] Thread-0 2584
T6 [0, 3, 0, 2, 1, 2, 0, 0, 0, 0] [220, 33, 33, 31, 62, 61, 122, 120, 120, 212] Thread-8 2584
T7 [0, 3, 0, 2, 1, 1, 1, 0, 0, 0] [220, 33, 33, 31, 62, 61, 122, 121, 120, 212] Thread-8 2587
T5 [0, 3, 0, 2, 0, 1, 1, 1, 1, 1] [220, 33, 33, 31, 62, 62, 122, 121, 120, 212] Thread-6 2590
T4 [0, 2, 0, 2, 1, 1, 1, 0, 0, 1] [220, 33, 33, 31, 63, 62, 122, 121, 120, 212] Thread-5 2590
T9 [1, 2, 0, 2, 1, 1, 1, 0, 0, 0] [220, 33, 33, 31, 63, 62, 122, 121, 120, 213] Thread-11 2591
T0 [0, 3, 0, 2, 1, 1, 1, 0, 0, 0] [221, 33, 33, 31, 63, 62, 122, 121, 120, 213] Thread-1 2591
T8 [0, 3, 0, 2, 1, 1, 0, 0, 1, 1] [221, 33, 33, 31, 63, 62, 122, 121, 121, 213] Thread-8 2604
T9 [1, 3, 0, 2, 1, 1, 0, 0, 1, 0] [221, 33, 33, 31, 63, 62, 122, 121, 121, 214] Thread-9 2605
T0 [0, 4, 0, 2, 1, 1, 0, 0, 1, 0] [222, 33, 33, 31, 63, 62, 122, 121, 121, 214] Thread-2 2605
T6 [0, 3, 0, 2, 1, 2, 0, 0, 0, 0] [222, 33, 33, 31, 63, 62, 123, 121, 121, 214] Thread-8 2605
T7 [0, 3, 0, 2, 1, 1, 1, 0, 0, 0] [222, 33, 33, 31, 63, 62, 123, 122, 121, 214] Thread-8 2611
T8 [0, 3, 0, 2, 1, 1, 0, 0, 1, 1] [222, 33, 33, 31, 63, 62, 123, 122, 122, 214] Thread-8 2625
T9 [1, 3, 0, 2, 1, 1, 0, 0, 1, 0] [222, 33, 33, 31, 63, 62, 123, 122, 122, 215] Thread-10 2626
T0 [0, 4, 0, 2, 1, 1, 0, 0, 1, 0] [223, 33, 33, 31, 63, 62, 123, 122, 122, 215] Thread-0 2626
T6 [0, 3, 0, 2, 1, 2, 0, 0, 0, 0] [223, 33, 33, 31, 63, 62, 124, 122, 122, 215] Thread-8 2627
T3 [0, 3, 0, 1, 1, 2, 0, 1, 0, 1] [223, 33, 33, 32, 63, 62, 124, 122, 122, 215] Thread-3 2628
T9 [1, 3, 0, 1, 1, 2, 0, 1, 0, 0] [223, 33, 33, 32, 63, 62, 124, 122, 122, 216] Thread-11 2628
T0 [0, 4, 0, 1, 1, 2, 0, 1, 0, 0] [224, 33, 33, 32, 63, 62, 124, 122, 122, 216] Thread-1 2629
T1 [0, 3, 1, 1, 1, 2, 0, 0, 0, 0] [224, 34, 33, 32, 63, 62, 124, 122, 122, 216] Thread-3 2629
T7 [0, 3, 1, 1, 1, 1, 1, 0, 0, 0] [224, 34, 33, 32, 63, 62, 124, 123, 122, 216] Thread-8 2629
T5 [0, 3, 1, 1, 0, 1, 1, 1, 1, 1] [224, 34, 33, 32, 63, 63, 124, 123, 122, 216] Thread-5 2632
T4 [0, 2, 1, 1, 1, 1, 1, 0, 0, 1] [224, 34, 33, 32, 64, 63, 124, 123, 122, 216] Thread-6 2633
T9 [1, 2, 1, 1, 1, 1, 1, 0, 0, 0] [224, 34, 33, 32, 64, 63, 124, 123, 122, 217] Thread-9 2633
T0 [0, 3, 1, 1, 1, 1, 1, 0, 0, 0] [225, 34, 33, 32, 64, 63, 124, 123, 122, 217] Thread-2 2633
T2 [0, 3, 0, 2, 1, 1, 1, 0, 0, 0] [225, 34, 34, 32, 64, 63, 124, 123, 122, 217] Thread-3 2639
T8 [0, 3, 0, 2, 1, 1, 0, 0, 1, 1] [225, 34, 34, 32, 64, 63, 124, 123, 123, 217] Thread-8 2645
T9 [1, 3, 0, 2, 1, 1, 0, 0, 1, 0] [225, 34, 34, 32, 64, 63, 124, 123, 123, 218] Thread-10 2645
T0 [0, 4, 0, 2, 1, 1, 0, 0, 1, 0] [226, 34, 34, 32, 64, 63, 124, 123, 123, 218] Thread-0 2646
T6 [0, 3, 0, 2, 1, 2, 0, 0, 0, 0] [226, 34, 34, 32, 64, 63, 125, 123, 123, 218] Thread-8 2646
T7 [0, 3, 0, 2, 1, 1, 1, 0, 0, 0] [226, 34, 34, 32, 64, 63, 125, 124, 123, 218] Thread-8 2649
T8 [0, 3, 0, 2, 1, 1, 0, 0, 1, 1] [226, 34, 34, 32, 64, 63, 125, 124, 124, 218] Thread-8 2666
T9 [1, 3, 0, 2, 1, 1, 0, 0, 1, 0] [226, 34, 34, 32, 64, 63, 125, 124, 124, 219] Thread-11 2666
T0 [0, 4, 0, 2, 1, 1, 0, 0, 1, 0] [227, 34, 34, 32, 64, 63, 125, 124, 124, 219] Thread-1 2667
T6 [0, 3, 0, 2, 1, 2, 0, 0, 0, 0] [227, 34, 34, 32, 64, 63, 126, 124, 124, 219] Thread-8 2667
T7 [0, 3, 0, 2, 1, 1, 1, 0, 0, 0] [227, 34, 34, 32, 64, 63, 126, 125, 124, 219] Thread-7 2669
T5 [0, 3, 0, 2, 0, 1, 1, 1, 1, 1] [227, 34, 34, 32, 64, 64, 126, 125, 124, 219] Thread-6 2673
T4 [0, 2, 0, 2, 1, 1, 1, 0, 0, 1] [227, 34, 34, 32, 65, 64, 126, 125, 124, 219] Thread-5 2673
T9 [1, 2, 0, 2, 1, 1, 1, 0, 0, 0] [227, 34, 34, 32, 65, 64, 126, 125, 124, 220] Thread-9 2674
T0 [0, 3, 0, 2, 1, 1, 1, 0, 0, 0] [228, 34, 34, 32, 65, 64, 126, 125, 124, 220] Thread-2 2674
T8 [0, 3, 0, 2, 1, 1, 0, 0, 1, 1] [228, 34, 34, 32, 65, 64, 126, 125, 125, 220] Thread-7 2687
T9 [1, 3, 0, 2, 1, 1, 0, 0, 1, 0] [228, 34, 34, 32, 65, 64, 126, 125, 125, 221] Thread-10 2687
T0 [0, 4, 0, 2, 1, 1, 0, 0, 1, 0] [229, 34, 34, 32, 65, 64, 126, 125, 125, 221] Thread-0 2689
T6 [0, 3, 0, 2, 1, 2, 0, 0, 0, 0] [229, 34, 34, 32, 65, 64, 127, 125, 125, 221] Thread-7 2689
T7 [0, 3, 0, 2, 1, 1, 1, 0, 0, 0] [229, 34, 34, 32, 65, 64, 127, 126, 125, 221] Thread-7 2690
T8 [0, 3, 0, 2, 1, 1, 0, 0, 1, 1] [229, 34, 34, 32, 65, 64, 127, 126, 126, 221] Thread-7 2705
T9 [1, 3, 0, 2, 1, 1, 0, 0, 1, 0] [229, 34, 34, 32, 65, 64, 127, 126, 126, 222] Thread-11 2705
T0 [0, 4, 0, 2, 1, 1, 0, 0, 1, 0] [230, 34, 34, 32, 65, 64, 127, 126, 126, 222] Thread-1 2706
T6 [0, 3, 0, 2, 1, 2, 0, 0, 0, 0] [230, 34, 34, 32, 65, 64, 128, 126, 126, 222] Thread-7 2706
T7 [0, 3, 0, 2, 1, 1, 1, 0, 0, 0] [230, 34, 34, 32, 65, 64, 128, 127, 126, 222] Thread-8 2709
T3 [0, 3, 0, 1, 1, 1, 1, 1, 0, 1] [230, 34, 34, 33, 65, 64, 128, 127, 126, 222] Thread-4 2709
T9 [1, 3, 0, 1, 1, 1, 1, 1, 0, 0] [230, 34, 34, 33, 65, 64, 128, 127, 126, 223] Thread-9 2710
T0 [0, 4, 0, 1, 1, 1, 1, 1, 0, 0] [231, 34, 34, 33, 65, 64, 128, 127, 126, 223] Thread-2 2710
T1 [0, 3, 1, 1, 1, 1, 1, 0, 0, 0] [231, 35, 34, 33, 65, 64, 128, 127, 126, 223] Thread-4 2710
T5 [0, 3, 1, 1, 0, 1, 1, 1, 1, 1] [231, 35, 34, 33, 65, 65, 128, 127, 126, 223] Thread-5 2715
T4 [0, 2, 1, 1, 1, 1, 1, 0, 0, 1] [231, 35, 34, 33, 66, 65, 128, 127, 126, 223] Thread-6 2715
T9 [1, 2, 1, 1, 1, 1, 1, 0, 0, 0] [231, 35, 34, 33, 66, 65, 128, 127, 126, 224] Thread-10 2716
T0 [0, 3, 1, 1, 1, 1, 1, 0, 0, 0] [232, 35, 34, 33, 66, 65, 128, 127, 126, 224] Thread-0 2716
T2 [0, 3, 0, 2, 1, 1, 1, 0, 0, 0] [232, 35, 35, 33, 66, 65, 128, 127, 126, 224] Thread-4 2720
T8 [0, 3, 0, 2, 1, 1, 0, 0, 1, 1] [232, 35, 35, 33, 66, 65, 128, 127, 127, 224] Thread-8 2726
T9 [1, 3, 0, 2, 1, 1, 0, 0, 1, 0] [232, 35, 35, 33, 66, 65, 128, 127, 127, 225] Thread-11 2726
T0 [0, 4, 0, 2, 1, 1, 0, 0, 1, 0] [233, 35, 35, 33, 66, 65, 128, 127, 127, 225] Thread-1 2727
T6 [0, 3, 0, 2, 1, 2, 0, 0, 0, 0] [233, 35, 35, 33, 66, 65, 129, 127, 127, 225] Thread-8 2727
T7 [0, 3, 0, 2, 1, 1, 1, 0, 0, 0] [233, 35, 35, 33, 66, 65, 129, 128, 127, 225] Thread-8 2730
T8 [0, 3, 0, 2, 1, 1, 0, 0, 1, 1] [233, 35, 35, 33, 66, 65, 129, 128, 128, 225] Thread-8 2747
T9 [1, 3, 0, 2, 1, 1, 0, 0, 1, 0] [233, 35, 35, 33, 66, 65, 129, 128, 128, 226] Thread-9 2747
T0 [0, 4, 0, 2, 1, 1, 0, 0, 1, 0] [234, 35, 35, 33, 66, 65, 129, 128, 128, 226] Thread-2 2748
T6 [0, 3, 0, 2, 1, 2, 0, 0, 0, 0] [234, 35, 35, 33, 66, 65, 130, 128, 128, 226] Thread-8 2748
T7 [0, 3, 0, 2, 1, 1, 1, 0, 0, 0] [234, 35, 35, 33, 66, 65, 130, 129, 128, 226] Thread-7 2751
T5 [0, 3, 0, 2, 0, 1, 1, 1, 1, 1] [234, 35, 35, 33, 66, 66, 130, 129, 128, 226] Thread-6 2756
T4 [0, 2, 0, 2, 1, 1, 1, 0, 0, 1] [234, 35, 35, 33, 67, 66, 130, 129, 128, 226] Thread-5 2756
T9 [1, 2, 0, 2, 1, 1, 1, 0, 0, 0] [234, 35, 35, 33, 67, 66, 130, 129, 128, 227] Thread-10 2757
T0 [0, 3, 0, 2, 1, 1, 1, 0, 0, 0] [235, 35, 35, 33, 67, 66, 130, 129, 128, 227] Thread-0 2757
T8 [0, 3, 0, 2, 1, 1, 0, 0, 1, 1] [235, 35, 35, 33, 67, 66, 130, 129, 129, 227] Thread-7 2768
T9 [1, 3, 0, 2, 1, 1, 0, 0, 1, 0] [235, 35, 35, 33, 67, 66, 130, 129, 129, 228] Thread-11 2768
T0 [0, 4, 0, 2, 1, 1, 0, 0, 1, 0] [236, 35, 35, 33, 67, 66, 130, 129, 129, 228] Thread-1 2769
T6 [0, 3, 0, 2, 1, 2, 0, 0, 0, 0] [236, 35, 35, 33, 67, 66, 131, 129, 129, 228] Thread-7 2769
T7 [0, 3, 0, 2, 1, 1, 1, 0, 0, 0] [236, 35, 35, 33, 67, 66, 131, 130, 129, 228] Thread-8 2772
T8 [0, 3, 0, 2, 1, 1, 0, 0, 1, 1] [236, 35, 35, 33, 67, 66, 131, 130, 130, 228] Thread-8 2789
T9 [1, 3, 0, 2, 1, 1, 0, 0, 1, 0] [236, 35, 35, 33, 67, 66, 131, 130, 130, 229] Thread-9 2789
T0 [0, 4, 0, 2, 1, 1, 0, 0, 1, 0] [237, 35, 35, 33, 67, 66, 131, 130, 130, 229] Thread-2 2790
T6 [0, 3, 0, 2, 1, 2, 0, 0, 0, 0] [237, 35, 35, 33, 67, 66, 132, 130, 130, 229] Thread-8 2790
T3 [0, 3, 0, 1, 1, 2, 0, 1, 0, 1] [237, 35, 35, 34, 67, 66, 132, 130, 130, 229] Thread-3 2790
T9 [1, 3, 0, 1, 1, 2, 0, 1, 0, 0] [237, 35, 35, 34, 67, 66, 132, 130, 130, 230] Thread-10 2791
T0 [0, 4, 0, 1, 1, 2, 0, 1, 0, 0] [238, 35, 35, 34, 67, 66, 132, 130, 130, 230] Thread-0 2791
T1 [0, 3, 1, 1, 1, 2, 0, 0, 0, 0] [238, 36, 35, 34, 67, 66, 132, 130, 130, 230] Thread-3 2792
T7 [0, 3, 1, 1, 1, 1, 1, 0, 0, 0] [238, 36, 35, 34, 67, 66, 132, 131, 130, 230] Thread-8 2794
T5 [0, 3, 1, 1, 0, 1, 1, 1, 1, 1] [238, 36, 35, 34, 67, 67, 132, 131, 130, 230] Thread-5 2798
T4 [0, 2, 1, 1, 1, 1, 1, 0, 0, 1] [238, 36, 35, 34, 68, 67, 132, 131, 130, 230] Thread-6 2798
T9 [1, 2, 1, 1, 1, 1, 1, 0, 0, 0] [238, 36, 35, 34, 68, 67, 132, 131, 130, 231] Thread-11 2799
T0 [0, 3, 1, 1, 1, 1, 1, 0, 0, 0] [239, 36, 35, 34, 68, 67, 132, 131, 130, 231] Thread-1 2799
T2 [0, 3, 0, 2, 1, 1, 1, 0, 0, 0] [239, 36, 36, 34, 68, 67, 132, 131, 130, 231] Thread-3 2802
T8 [0, 3, 0, 2, 1, 1, 0, 0, 1, 1] [239, 36, 36, 34, 68, 67, 132, 131, 131, 231] Thread-8 2811
T9 [1, 3, 0, 2, 1, 1, 0, 0, 1, 0] [239, 36, 36, 34, 68, 67, 132, 131, 131, 232] Thread-9 2811
T0 [0, 4, 0, 2, 1, 1, 0, 0, 1, 0] [240, 36, 36, 34, 68, 67, 132, 131, 131, 232] Thread-2 2812
T6 [0, 3, 0, 2, 1, 2, 0, 0, 0, 0] [240, 36, 36, 34, 68, 67, 133, 131, 131, 232] Thread-8 2812
T7 [0, 3, 0, 2, 1, 1, 1, 0, 0, 0] [240, 36, 36, 34, 68, 67, 133, 132, 131, 232] Thread-7 2814
T8 [0, 3, 0, 2, 1, 1, 0, 0, 1, 1] [240, 36, 36, 34, 68, 67, 133, 132, 132, 232] Thread-7 2831
T9 [1, 3, 0, 2, 1, 1, 0, 0, 1, 0] [240, 36, 36, 34, 68, 67, 133, 132, 132, 233] Thread-10 2831
T0 [0, 4, 0, 2, 1, 1, 0, 0, 1, 0] [241, 36, 36, 34, 68, 67, 133, 132, 132, 233] Thread-0 2832
T6 [0, 3, 0, 2, 1, 2, 0, 0, 0, 0] [241, 36, 36, 34, 68, 67, 134, 132, 132, 233] Thread-7 2832
T7 [0, 3, 0, 2, 1, 1, 1, 0, 0, 0] [241, 36, 36, 34, 68, 67, 134, 133, 132, 233] Thread-8 2834
T5 [0, 3, 0, 2, 0, 1, 1, 1, 1, 1] [241, 36, 36, 34, 68, 68, 134, 133, 132, 233] Thread-6 2839
T4 [0, 2, 0, 2, 1, 1, 1, 0, 0, 1] [241, 36, 36, 34, 69, 68, 134, 133, 132, 233] Thread-5 2839
T9 [1, 2, 0, 2, 1, 1, 1, 0, 0, 0] [241, 36, 36, 34, 69, 68, 134, 133, 132, 234] Thread-11 2839
T0 [0, 3, 0, 2, 1, 1, 1, 0, 0, 0] [242, 36, 36, 34, 69, 68, 134, 133, 132, 234] Thread-1 2841
T8 [0, 3, 0, 2, 1, 1, 0, 0, 1, 1] [242, 36, 36, 34, 69, 68, 134, 133, 133, 234] Thread-8 2851
T9 [1, 3, 0, 2, 1, 1, 0, 0, 1, 0] [242, 36, 36, 34, 69, 68, 134, 133, 133, 235] Thread-9 2851
T0 [0, 4, 0, 2, 1, 1, 0, 0, 1, 0] [243, 36, 36, 34, 69, 68, 134, 133, 133, 235] Thread-2 2852
T6 [0, 3, 0, 2, 1, 2, 0, 0, 0, 0] [243, 36, 36, 34, 69, 68, 135, 133, 133, 235] Thread-8 2852
T7 [0, 3, 0, 2, 1, 1, 1, 0, 0, 0] [243, 36, 36, 34, 69, 68, 135, 134, 133, 235] Thread-7 2855
T3 [0, 3, 0, 1, 1, 1, 1, 1, 0, 1] [243, 36, 36, 35, 69, 68, 135, 134, 133, 235] Thread-3 2871
T9 [1, 3, 0, 1, 1, 1, 1, 1, 0, 0] [243, 36, 36, 35, 69, 68, 135, 134, 133, 236] Thread-10 2871
T0 [0, 4, 0, 1, 1, 1, 1, 1, 0, 0] [244, 36, 36, 35, 69, 68, 135, 134, 133, 236] Thread-0 2872
T8 [0, 4, 0, 1, 1, 1, 0, 1, 1, 1] [244, 36, 36, 35, 69, 68, 135, 134, 134, 236] Thread-7 2872
T4 [0, 3, 0, 1, 2, 1, 0, 0, 0, 1] [244, 36, 36, 35, 70, 68, 135, 134, 134, 236] Thread-6 2873
T9 [1, 3, 0, 1, 2, 1, 0, 0, 0, 0] [244, 36, 36, 35, 70, 68, 135, 134, 134, 237] Thread-11 2873
T0 [0, 4, 0, 1, 2, 1, 0, 0, 0, 0] [245, 36, 36, 35, 70, 68, 135, 134, 134, 237] Thread-1 2873
T7 [0, 4, 0, 1, 2, 0, 1, 0, 0, 0] [245, 36, 36, 35, 70, 68, 135, 135, 134, 237] Thread-8 2875
T5 [0, 4, 0, 1, 1, 0, 1, 1, 1, 1] [245, 36, 36, 35, 70, 69, 135, 135, 134, 237] Thread-5 2879
T9 [1, 4, 0, 1, 1, 0, 1, 1, 1, 0] [245, 36, 36, 35, 70, 69, 135, 135, 134, 238] Thread-9 2879
T6 [1, 3, 0, 1, 1, 1, 1, 1, 0, 0] [245, 36, 36, 35, 70, 69, 136, 135, 134, 238] Thread-7 2880
T0 [0, 4, 0, 1, 1, 1, 1, 1, 0, 0] [246, 36, 36, 35, 70, 69, 136, 135, 134, 238] Thread-2 2880
T1 [0, 3, 1, 1, 1, 1, 1, 0, 0, 0] [246, 37, 36, 35, 70, 69, 136, 135, 134, 238] Thread-3 2880
T2 [0, 3, 0, 2, 1, 1, 1, 0, 0, 0] [246, 37, 37, 35, 70, 69, 136, 135, 134, 238] Thread-3 2891
T8 [0, 3, 0, 2, 1, 1, 0, 0, 1, 1] [246, 37, 37, 35, 70, 69, 136, 135, 135, 238] Thread-8 2893
T9 [1, 3, 0, 2, 1, 1, 0, 0, 1, 0] [246, 37, 37, 35, 70, 69, 136, 135, 135, 239] Thread-10 2893
T0 [0, 4, 0, 2, 1, 1, 0, 0, 1, 0] [247, 37, 37, 35, 70, 69, 136, 135, 135, 239] Thread-0 2894
T6 [0, 3, 0, 2, 1, 2, 0, 0, 0, 0] [247, 37, 37, 35, 70, 69, 137, 135, 135, 239] Thread-8 2894
T7 [0, 3, 0, 2, 1, 1, 1, 0, 0, 0] [247, 37, 37, 35, 70, 69, 137, 136, 135, 239] Thread-8 2900
T8 [0, 3, 0, 2, 1, 1, 0, 0, 1, 1] [247, 37, 37, 35, 70, 69, 137, 136, 136, 239] Thread-8 2917
T9 [1, 3, 0, 2, 1, 1, 0, 0, 1, 0] [247, 37, 37, 35, 70, 69, 137, 136, 136, 240] Thread-11 2917
T0 [0, 4, 0, 2, 1, 1, 0, 0, 1, 0] [248, 37, 37, 35, 70, 69, 137, 136, 136, 240] Thread-1 2918
T6 [0, 3, 0, 2, 1, 2, 0, 0, 0, 0] [248, 37, 37, 35, 70, 69, 138, 136, 136, 240] Thread-8 2918
T5 [0, 3, 0, 2, 0, 2, 0, 1, 1, 1] [248, 37, 37, 35, 70, 70, 138, 136, 136, 240] Thread-6 2920
T4 [0, 2, 0, 2, 1, 2, 0, 0, 0, 1] [248, 37, 37, 35, 71, 70, 138, 136, 136, 240] Thread-5 2920
T9 [1, 2, 0, 2, 1, 2, 0, 0, 0, 0] [248, 37, 37, 35, 71, 70, 138, 136, 136, 241] Thread-9 2921
T0 [0, 3, 0, 2, 1, 2, 0, 0, 0, 0] [249, 37, 37, 35, 71, 70, 138, 136, 136, 241] Thread-2 2921
T7 [0, 3, 0, 2, 1, 1, 1, 0, 0, 0] [249, 37, 37, 35, 71, 70, 138, 137, 136, 241] Thread-8 2922
T8 [0, 3, 0, 2, 1, 1, 0, 0, 1, 1] [249, 37, 37, 35, 71, 70, 138, 137, 137, 241] Thread-8 2937
T9 [1, 3, 0, 2, 1, 1, 0, 0, 1, 0] [249, 37, 37, 35, 71, 70, 138, 137, 137, 242] Thread-10 2937
T0 [0, 4, 0, 2, 1, 1, 0, 0, 1, 0] [250, 37, 37, 35, 71, 70, 138, 137, 137, 242] Thread-0 2938
T6 [0, 3, 0, 2, 1, 2, 0, 0, 0, 0] [250, 37, 37, 35, 71, 70, 139, 137, 137, 242] Thread-8 2938
T7 [0, 3, 0, 2, 1, 1, 1, 0, 0, 0] [250, 37, 37, 35, 71, 70, 139, 138, 137, 242] Thread-7 2941
T3 [0, 3, 0, 1, 1, 1, 1, 1, 0, 1] [250, 37, 37, 36, 71, 70, 139, 138, 137, 242] Thread-3 2952
T9 [1, 3, 0, 1, 1, 1, 1, 1, 0, 0] [250, 37, 37, 36, 71, 70, 139, 138, 137, 243] Thread-11 2952
T0 [0, 4, 0, 1, 1, 1, 1, 1, 0, 0] [251, 37, 37, 36, 71, 70, 139, 138, 137, 243] Thread-1 2953
T1 [0, 3, 1, 1, 1, 1, 1, 0, 0, 0] [251, 38, 37, 36, 71, 70, 139, 138, 137, 243] Thread-3 2953
T8 [0, 3, 1, 1, 1, 1, 0, 0, 1, 1] [251, 38, 37, 36, 71, 70, 139, 138, 138, 243] Thread-7 2958
T9 [1, 3, 1, 1, 1, 1, 0, 0, 1, 0] [251, 38, 37, 36, 71, 70, 139, 138, 138, 244] Thread-9 2958
T0 [0, 4, 1, 1, 1, 1, 0, 0, 1, 0] [252, 38, 37, 36, 71, 70, 139, 138, 138, 244] Thread-2 2959
T6 [0, 3, 1, 1, 1, 2, 0, 0, 0, 0] [252, 38, 37, 36, 71, 70, 140, 138, 138, 244] Thread-7 2959
T5 [0, 3, 1, 1, 0, 2, 0, 1, 1, 1] [252, 38, 37, 36, 71, 71, 140, 138, 138, 244] Thread-5 2961
T4 [0, 2, 1, 1, 1, 2, 0, 0, 0, 1] [252, 38, 37, 36, 72, 71, 140, 138, 138, 244] Thread-6 2961
T9 [1, 2, 1, 1, 1, 2, 0, 0, 0, 0] [252, 38, 37, 36, 72, 71, 140, 138, 138, 245] Thread-10 2962
T0 [0, 3, 1, 1, 1, 2, 0, 0, 0, 0] [253, 38, 37, 36, 72, 71, 140, 138, 138, 245] Thread-0 2962
T7 [0, 3, 1, 1, 1, 1, 1, 0, 0, 0] [253, 38, 37, 36, 72, 71, 140, 139, 138, 245] Thread-7 2962
T2 [0, 3, 0, 2, 1, 1, 1, 0, 0, 0] [253, 38, 38, 36, 72, 71, 140, 139, 138, 245] Thread-3 2964
T8 [0, 3, 0, 2, 1, 1, 0, 0, 1, 1] [253, 38, 38, 36, 72, 71, 140, 139, 139, 245] Thread-7 2978
T9 [1, 3, 0, 2, 1, 1, 0, 0, 1, 0] [253, 38, 38, 36, 72, 71, 140, 139, 139, 246] Thread-11 2978
T0 [0, 4, 0, 2, 1, 1, 0, 0, 1, 0] [254, 38, 38, 36, 72, 71, 140, 139, 139, 246] Thread-1 2979
T6 [0, 3, 0, 2, 1, 2, 0, 0, 0, 0] [254, 38, 38, 36, 72, 71, 141, 139, 139, 246] Thread-7 2979
T7 [0, 3, 0, 2, 1, 1, 1, 0, 0, 0] [254, 38, 38, 36, 72, 71, 141, 140, 139, 246] Thread-8 2983
T8 [0, 3, 0, 2, 1, 1, 0, 0, 1, 1] [254, 38, 38, 36, 72, 71, 141, 140, 140, 246] Thread-8 3000
T9 [1, 3, 0, 2, 1, 1, 0, 0, 1, 0] [254, 38, 38, 36, 72, 71, 141, 140, 140, 247] Thread-9 3000
T0 [0, 4, 0, 2, 1, 1, 0, 0, 1, 0] [255, 38, 38, 36, 72, 71, 141, 140, 140, 247] Thread-2 3001
T6 [0, 3, 0, 2, 1, 2, 0, 0, 0, 0] [255, 38, 38, 36, 72, 71, 142, 140, 140, 247] Thread-8 3001
T5 [0, 3, 0, 2, 0, 2, 0, 1, 1, 1] [255, 38, 38, 36, 72, 72, 142, 140, 140, 247] Thread-6 3003
T4 [0, 2, 0, 2, 1, 2, 0, 0, 0, 1] [255, 38, 38, 36, 73, 72, 142, 140, 140, 247] Thread-5 3003
T9 [1, 2, 0, 2, 1, 2, 0, 0, 0, 0] [255, 38, 38, 36, 73, 72, 142, 140, 140, 248] Thread-10 3004
T0 [0, 3, 0, 2, 1, 2, 0, 0, 0, 0] [256, 38, 38, 36, 73, 72, 142, 140, 140, 248] Thread-0 3004
T7 [0, 3, 0, 2, 1, 1, 1, 0, 0, 0] [256, 38, 38, 36, 73, 72, 142, 141, 140, 248] Thread-7 3004
T8 [0, 3, 0, 2, 1, 1, 0, 0, 1, 1] [256, 38, 38, 36, 73, 72, 142, 141, 141, 248] Thread-7 3021
T9 [1, 3, 0, 2, 1, 1, 0, 0, 1, 0] [256, 38, 38, 36, 73, 72, 142, 141, 141, 249] Thread-11 3021
T0 [0, 4, 0, 2, 1, 1, 0, 0, 1, 0] [257, 38, 38, 36, 73, 72, 142, 141, 141, 249] Thread-1 3022
T6 [0, 3, 0, 2, 1, 2, 0, 0, 0, 0] [257, 38, 38, 36, 73, 72, 143, 141, 141, 249] Thread-7 3022
T7 [0, 3, 0, 2, 1, 1, 1, 0, 0, 0] [257, 38, 38, 36, 73, 72, 143, 142, 141, 249] Thread-8 3024
T3 [0, 3, 0, 1, 1, 1, 1, 1, 0, 1] [257, 38, 38, 37, 73, 72, 143, 142, 141, 249] Thread-3 3033
T9 [1, 3, 0, 1, 1, 1, 1, 1, 0, 0] [257, 38, 38, 37, 73, 72, 143, 142, 141, 250] Thread-9 3033
T0 [0, 4, 0, 1, 1, 1, 1, 1, 0, 0] [258, 38, 38, 37, 73, 72, 143, 142, 141, 250] Thread-2 3034
T1 [0, 3, 1, 1, 1, 1, 1, 0, 0, 0] [258, 39, 38, 37, 73, 72, 143, 142, 141, 250] Thread-3 3034
T8 [0, 3, 1, 1, 1, 1, 0, 0, 1, 1] [258, 39, 38, 37, 73, 72, 143, 142, 142, 250] Thread-8 3041
T9 [1, 3, 1, 1, 1, 1, 0, 0, 1, 0] [258, 39, 38, 37, 73, 72, 143, 142, 142, 251] Thread-10 3041
T0 [0, 4, 1, 1, 1, 1, 0, 0, 1, 0] [259, 39, 38, 37, 73, 72, 143, 142, 142, 251] Thread-0 3042
T6 [0, 3, 1, 1, 1, 2, 0, 0, 0, 0] [259, 39, 38, 37, 73, 72, 144, 142, 142, 251] Thread-8 3042
T5 [0, 3, 1, 1, 0, 2, 0, 1, 1, 1] [259, 39, 38, 37, 73, 73, 144, 142, 142, 251] Thread-5 3044
T4 [0, 2, 1, 1, 1, 2, 0, 0, 0, 1] [259, 39, 38, 37, 74, 73, 144, 142, 142, 251] Thread-6 3044
T9 [1, 2, 1, 1, 1, 2, 0, 0, 0, 0] [259, 39, 38, 37, 74, 73, 144, 142, 142, 252] Thread-11 3045
T0 [0, 3, 1, 1, 1, 2, 0, 0, 0, 0] [260, 39, 38, 37, 74, 73, 144, 142, 142, 252] Thread-1 3045
T7 [0, 3, 1, 1, 1, 1, 1, 0, 0, 0] [260, 39, 38, 37, 74, 73, 144, 143, 142, 252] Thread-7 3045
T2 [0, 3, 0, 2, 1, 1, 1, 0, 0, 0] [260, 39, 39, 37, 74, 73, 144, 143, 142, 252] Thread-3 3046
T8 [0, 3, 0, 2, 1, 1, 0, 0, 1, 1] [260, 39, 39, 37, 74, 73, 144, 143, 143, 252] Thread-7 3063
T9 [1, 3, 0, 2, 1, 1, 0, 0, 1, 0] [260, 39, 39, 37, 74, 73, 144, 143, 143, 253] Thread-9 3063
T0 [0, 4, 0, 2, 1, 1, 0, 0, 1, 0] [261, 39, 39, 37, 74, 73, 144, 143, 143, 253] Thread-2 3064
T6 [0, 3, 0, 2, 1, 2, 0, 0, 0, 0] [261, 39, 39, 37, 74, 73, 145, 143, 143, 253] Thread-7 3064
T7 [0, 3, 0, 2, 1, 1, 1, 0, 0, 0] [261, 39, 39, 37, 74, 73, 145, 144, 143, 253] Thread-7 3066
T8 [0, 3, 0, 2, 1, 1, 0, 0, 1, 1] [261, 39, 39, 37, 74, 73, 145, 144, 144, 253] Thread-7 3083
T9 [1, 3, 0, 2, 1, 1, 0, 0, 1, 0] [261, 39, 39, 37, 74, 73, 145, 144, 144, 254] Thread-10 3083
T0 [0, 4, 0, 2, 1, 1, 0, 0, 1, 0] [262, 39, 39, 37, 74, 73, 145, 144, 144, 254] Thread-0 3084
T6 [0, 3, 0, 2, 1, 2, 0, 0, 0, 0] [262, 39, 39, 37, 74, 73, 146, 144, 144, 254] Thread-7 3084
T5 [0, 3, 0, 2, 0, 2, 0, 1, 1, 1] [262, 39, 39, 37, 74, 74, 146, 144, 144, 254] Thread-6 3085
T4 [0, 2, 0, 2, 1, 2, 0, 0, 0, 1] [262, 39, 39, 37, 75, 74, 146, 144, 144, 254] Thread-5 3085
T9 [1, 2, 0, 2, 1, 2, 0, 0, 0, 0] [262, 39, 39, 37, 75, 74, 146, 144, 144, 255] Thread-11 3085
T0 [0, 3, 0, 2, 1, 2, 0, 0, 0, 0] [263, 39, 39, 37, 75, 74, 146, 144, 144, 255] Thread-1 3086
T7 [0, 3, 0, 2, 1, 1, 1, 0, 0, 0] [263, 39, 39, 37, 75, 74, 146, 145, 144, 255] Thread-7 3087
T8 [0, 3, 0, 2, 1, 1, 0, 0, 1, 1] [263, 39, 39, 37, 75, 74, 146, 145, 145, 255] Thread-7 3104
T9 [1, 3, 0, 2, 1, 1, 0, 0, 1, 0] [263, 39, 39, 37, 75, 74, 146, 145, 145, 256] Thread-9 3104
T0 [0, 4, 0, 2, 1, 1, 0, 0, 1, 0] [264, 39, 39, 37, 75, 74, 146, 145, 145, 256] Thread-2 3105
T6 [0, 3, 0, 2, 1, 2, 0, 0, 0, 0] [264, 39, 39, 37, 75, 74, 147, 145, 145, 256] Thread-7 3105
T7 [0, 3, 0, 2, 1, 1, 1, 0, 0, 0] [264, 39, 39, 37, 75, 74, 147, 146, 145, 256] Thread-7 3108
T3 [0, 3, 0, 1, 1, 1, 1, 1, 0, 1] [264, 39, 39, 38, 75, 74, 147, 146, 145, 256] Thread-4 3114
T9 [1, 3, 0, 1, 1, 1, 1, 1, 0, 0] [264, 39, 39, 38, 75, 74, 147, 146, 145, 257] Thread-10 3114
T0 [0, 4, 0, 1, 1, 1, 1, 1, 0, 0] [265, 39, 39, 38, 75, 74, 147, 146, 145, 257] Thread-0 3115
T1 [0, 3, 1, 1, 1, 1, 1, 0, 0, 0] [265, 40, 39, 38, 75, 74, 147, 146, 145, 257] Thread-4 3115
T8 [0, 3, 1, 1, 1, 1, 0, 0, 1, 1] [265, 40, 39, 38, 75, 74, 147, 146, 146, 257] Thread-7 3125
T9 [1, 3, 1, 1, 1, 1, 0, 0, 1, 0] [265, 40, 39, 38, 75, 74, 147, 146, 146, 258] Thread-11 3125
T0 [0, 4, 1, 1, 1, 1, 0, 0, 1, 0] [266, 40, 39, 38, 75, 74, 147, 146, 146, 258] Thread-1 3126
T6 [0, 3, 1, 1, 1, 2, 0, 0, 0, 0] [266, 40, 39, 38, 75, 74, 148, 146, 146, 258] Thread-7 3126
T5 [0, 3, 1, 1, 0, 2, 0, 1, 1, 1] [266, 40, 39, 38, 75, 75, 148, 146, 146, 258] Thread-5 3127
T4 [0, 2, 1, 1, 1, 2, 0, 0, 0, 1] [266, 40, 39, 38, 76, 75, 148, 146, 146, 258] Thread-6 3127
T9 [1, 2, 1, 1, 1, 2, 0, 0, 0, 0] [266, 40, 39, 38, 76, 75, 148, 146, 146, 259] Thread-9 3127
T0 [0, 3, 1, 1, 1, 2, 0, 0, 0, 0] [267, 40, 39, 38, 76, 75, 148, 146, 146, 259] Thread-2 3128
T7 [0, 3, 1, 1, 1, 1, 1, 0, 0, 0] [267, 40, 39, 38, 76, 75, 148, 147, 146, 259] Thread-7 3128
T2 [0, 3, 0, 2, 1, 1, 1, 0, 0, 0] [267, 40, 40, 38, 76, 75, 148, 147, 146, 259] Thread-4 3128
T8 [0, 3, 0, 2, 1, 1, 0, 0, 1, 1] [267, 40, 40, 38, 76, 75, 148, 147, 147, 259] Thread-7 3145
T9 [1, 3, 0, 2, 1, 1, 0, 0, 1, 0] [267, 40, 40, 38, 76, 75, 148, 147, 147, 260] Thread-10 3145
T0 [0, 4, 0, 2, 1, 1, 0, 0, 1, 0] [268, 40, 40, 38, 76, 75, 148, 147, 147, 260] Thread-0 3146
T6 [0, 3, 0, 2, 1, 2, 0, 0, 0, 0] [268, 40, 40, 38, 76, 75, 149, 147, 147, 260] Thread-7 3146
T7 [0, 3, 0, 2, 1, 1, 1, 0, 0, 0] [268, 40, 40, 38, 76, 75, 149, 148, 147, 260] Thread-8 3148
T8 [0, 3, 0, 2, 1, 1, 0, 0, 1, 1] [268, 40, 40, 38, 76, 75, 149, 148, 148, 260] Thread-8 3165
T9 [1, 3, 0, 2, 1, 1, 0, 0, 1, 0] [268, 40, 40, 38, 76, 75, 149, 148, 148, 261] Thread-11 3166
T0 [0, 4, 0, 2, 1, 1, 0, 0, 1, 0] [269, 40, 40, 38, 76, 75, 149, 148, 148, 261] Thread-1 3166
T6 [0, 3, 0, 2, 1, 2, 0, 0, 0, 0] [269, 40, 40, 38, 76, 75, 150, 148, 148, 261] Thread-8 3166
T5 [0, 3, 0, 2, 0, 2, 0, 1, 1, 1] [269, 40, 40, 38, 76, 76, 150, 148, 148, 261] Thread-6 3167
T4 [0, 2, 0, 2, 1, 2, 0, 0, 0, 1] [269, 40, 40, 38, 77, 76, 150, 148, 148, 261] Thread-5 3167
T9 [1, 2, 0, 2, 1, 2, 0, 0, 0, 0] [269, 40, 40, 38, 77, 76, 150, 148, 148, 262] Thread-9 3168
T0 [0, 3, 0, 2, 1, 2, 0, 0, 0, 0] [270, 40, 40, 38, 77, 76, 150, 148, 148, 262] Thread-2 3168
T7 [0, 3, 0, 2, 1, 1, 1, 0, 0, 0] [270, 40, 40, 38, 77, 76, 150, 149, 148, 262] Thread-7 3169
T8 [0, 3, 0, 2, 1, 1, 0, 0, 1, 1] [270, 40, 40, 38, 77, 76, 150, 149, 149, 262] Thread-7 3185
T9 [1, 3, 0, 2, 1, 1, 0, 0, 1, 0] [270, 40, 40, 38, 77, 76, 150, 149, 149, 263] Thread-10 3185
T0 [0, 4, 0, 2, 1, 1, 0, 0, 1, 0] [271, 40, 40, 38, 77, 76, 150, 149, 149, 263] Thread-0 3186
T6 [0, 3, 0, 2, 1, 2, 0, 0, 0, 0] [271, 40, 40, 38, 77, 76, 151, 149, 149, 263] Thread-7 3186
T7 [0, 3, 0, 2, 1, 1, 1, 0, 0, 0] [271, 40, 40, 38, 77, 76, 151, 150, 149, 263] Thread-8 3189
T3 [0, 3, 0, 1, 1, 1, 1, 1, 0, 1] [271, 40, 40, 39, 77, 76, 151, 150, 149, 263] Thread-4 3195
T9 [1, 3, 0, 1, 1, 1, 1, 1, 0, 0] [271, 40, 40, 39, 77, 76, 151, 150, 149, 264] Thread-11 3195
T0 [0, 4, 0, 1, 1, 1, 1, 1, 0, 0] [272, 40, 40, 39, 77, 76, 151, 150, 149, 264] Thread-1 3196
T1 [0, 3, 1, 1, 1, 1, 1, 0, 0, 0] [272, 41, 40, 39, 77, 76, 151, 150, 149, 264] Thread-4 3196
T8 [0, 3, 1, 1, 1, 1, 0, 0, 1, 1] [272, 41, 40, 39, 77, 76, 151, 150, 150, 264] Thread-8 3206
T9 [1, 3, 1, 1, 1, 1, 0, 0, 1, 0] [272, 41, 40, 39, 77, 76, 151, 150, 150, 265] Thread-9 3206
T0 [0, 4, 1, 1, 1, 1, 0, 0, 1, 0] [273, 41, 40, 39, 77, 76, 151, 150, 150, 265] Thread-2 3207
T6 [0, 3, 1, 1, 1, 2, 0, 0, 0, 0] [273, 41, 40, 39, 77, 76, 152, 150, 150, 265] Thread-8 3207
T2 [0, 3, 0, 2, 1, 2, 0, 0, 0, 0] [273, 41, 41, 39, 77, 76, 152, 150, 150, 265] Thread-4 3208
T5 [0, 3, 0, 2, 0, 2, 0, 1, 1, 1] [273, 41, 41, 39, 77, 77, 152, 150, 150, 265] Thread-5 3209
T4 [0, 2, 0, 2, 1, 2, 0, 0, 0, 1] [273, 41, 41, 39, 78, 77, 152, 150, 150, 265] Thread-6 3209
T9 [1, 2, 0, 2, 1, 2, 0, 0, 0, 0] [273, 41, 41, 39, 78, 77, 152, 150, 150, 266] Thread-10 3210
T0 [0, 3, 0, 2, 1, 2, 0, 0, 0, 0] [274, 41, 41, 39, 78, 77, 152, 150, 150, 266] Thread-0 3210
T7 [0, 3, 0, 2, 1, 1, 1, 0, 0, 0] [274, 41, 41, 39, 78, 77, 152, 151, 150, 266] Thread-8 3210
T8 [0, 3, 0, 2, 1, 1, 0, 0, 1, 1] [274, 41, 41, 39, 78, 77, 152, 151, 151, 266] Thread-8 3226
T9 [1, 3, 0, 2, 1, 1, 0, 0, 1, 0] [274, 41, 41, 39, 78, 77, 152, 151, 151, 267] Thread-11 3226
T0 [0, 4, 0, 2, 1, 1, 0, 0, 1, 0] [275, 41, 41, 39, 78, 77, 152, 151, 151, 267] Thread-1 3227
T6 [0, 3, 0, 2, 1, 2, 0, 0, 0, 0] [275, 41, 41, 39, 78, 77, 153, 151, 151, 267] Thread-8 3227
T7 [0, 3, 0, 2, 1, 1, 1, 0, 0, 0] [275, 41, 41, 39, 78, 77, 153, 152, 151, 267] Thread-7 3230
T8 [0, 3, 0, 2, 1, 1, 0, 0, 1, 1] [275, 41, 41, 39, 78, 77, 153, 152, 152, 267] Thread-7 3247
T9 [1, 3, 0, 2, 1, 1, 0, 0, 1, 0] [275, 41, 41, 39, 78, 77, 153, 152, 152, 268] Thread-9 3247
T0 [0, 4, 0, 2, 1, 1, 0, 0, 1, 0] [276, 41, 41, 39, 78, 77, 153, 152, 152, 268] Thread-2 3248
T6 [0, 3, 0, 2, 1, 2, 0, 0, 0, 0] [276, 41, 41, 39, 78, 77, 154, 152, 152, 268] Thread-7 3248
T5 [0, 3, 0, 2, 0, 2, 0, 1, 1, 1] [276, 41, 41, 39, 78, 78, 154, 152, 152, 268] Thread-6 3249
T4 [0, 2, 0, 2, 1, 2, 0, 0, 0, 1] [276, 41, 41, 39, 79, 78, 154, 152, 152, 268] Thread-5 3249
T9 [1, 2, 0, 2, 1, 2, 0, 0, 0, 0] [276, 41, 41, 39, 79, 78, 154, 152, 152, 269] Thread-10 3249
T0 [0, 3, 0, 2, 1, 2, 0, 0, 0, 0] [277, 41, 41, 39, 79, 78, 154, 152, 152, 269] Thread-0 3251
T7 [0, 3, 0, 2, 1, 1, 1, 0, 0, 0] [277, 41, 41, 39, 79, 78, 154, 153, 152, 269] Thread-8 3251
T8 [0, 3, 0, 2, 1, 1, 0, 0, 1, 1] [277, 41, 41, 39, 79, 78, 154, 153, 153, 269] Thread-8 3268
T9 [1, 3, 0, 2, 1, 1, 0, 0, 1, 0] [277, 41, 41, 39, 79, 78, 154, 153, 153, 270] Thread-11 3268
T0 [0, 4, 0, 2, 1, 1, 0, 0, 1, 0] [278, 41, 41, 39, 79, 78, 154, 153, 153, 270] Thread-1 3269
T6 [0, 3, 0, 2, 1, 2, 0, 0, 0, 0] [278, 41, 41, 39, 79, 78, 155, 153, 153, 270] Thread-8 3269
T7 [0, 3, 0, 2, 1, 1, 1, 0, 0, 0] [278, 41, 41, 39, 79, 78, 155, 154, 153, 270] Thread-7 3271
T3 [0, 3, 0, 1, 1, 1, 1, 1, 0, 1] [278, 41, 41, 40, 79, 78, 155, 154, 153, 270] Thread-3 3276
T9 [1, 3, 0, 1, 1, 1, 1, 1, 0, 0] [278, 41, 41, 40, 79, 78, 155, 154, 153, 271] Thread-9 3276
T0 [0, 4, 0, 1, 1, 1, 1, 1, 0, 0] [279, 41, 41, 40, 79, 78, 155, 154, 153, 271] Thread-2 3277
T1 [0, 3, 1, 1, 1, 1, 1, 0, 0, 0] [279, 42, 41, 40, 79, 78, 155, 154, 153, 271] Thread-3 3277
T8 [0, 3, 1, 1, 1, 1, 0, 0, 1, 1] [279, 42, 41, 40, 79, 78, 155, 154, 154, 271] Thread-7 3288
T9 [1, 3, 1, 1, 1, 1, 0, 0, 1, 0] [279, 42, 41, 40, 79, 78, 155, 154, 154, 272] Thread-10 3288
T0 [0, 4, 1, 1, 1, 1, 0, 0, 1, 0] [280, 42, 41, 40, 79, 78, 155, 154, 154, 272] Thread-0 3289
T2 [0, 4, 0, 2, 1, 1, 0, 0, 1, 0] [280, 42, 42, 40, 79, 78, 155, 154, 154, 272] Thread-3 3289
T6 [0, 3, 0, 2, 1, 2, 0, 0, 0, 0] [280, 42, 42, 40, 79, 78, 156, 154, 154, 272] Thread-7 3290
T5 [0, 3, 0, 2, 0, 2, 0, 1, 1, 1] [280, 42, 42, 40, 79, 79, 156, 154, 154, 272] Thread-5 3290
T4 [0, 2, 0, 2, 1, 2, 0, 0, 0, 1] [280, 42, 42, 40, 80, 79, 156, 154, 154, 272] Thread-6 3290
T9 [1, 2, 0, 2, 1, 2, 0, 0, 0, 0] [280, 42, 42, 40, 80, 79, 156, 154, 154, 273] Thread-11 3291
T0 [0, 3, 0, 2, 1, 2, 0, 0, 0, 0] [281, 42, 42, 40, 80, 79, 156, 154, 154, 273] Thread-1 3291
T7 [0, 3, 0, 2, 1, 1, 1, 0, 0, 0] [281, 42, 42, 40, 80, 79, 156, 155, 154, 273] Thread-7 3291
T8 [0, 3, 0, 2, 1, 1, 0, 0, 1, 1] [281, 42, 42, 40, 80, 79, 156, 155, 155, 273] Thread-7 3308
T9 [1, 3, 0, 2, 1, 1, 0, 0, 1, 0] [281, 42, 42, 40, 80, 79, 156, 155, 155, 274] Thread-9 3308
T0 [0, 4, 0, 2, 1, 1, 0, 0, 1, 0] [282, 42, 42, 40, 80, 79, 156, 155, 155, 274] Thread-2 3309
T6 [0, 3, 0, 2, 1, 2, 0, 0, 0, 0] [282, 42, 42, 40, 80, 79, 157, 155, 155, 274] Thread-7 3309
T7 [0, 3, 0, 2, 1, 1, 1, 0, 0, 0] [282, 42, 42, 40, 80, 79, 157, 156, 155, 274] Thread-8 3311
T8 [0, 3, 0, 2, 1, 1, 0, 0, 1, 1] [282, 42, 42, 40, 80, 79, 157, 156, 156, 274] Thread-8 3328
T9 [1, 3, 0, 2, 1, 1, 0, 0, 1, 0] [282, 42, 42, 40, 80, 79, 157, 156, 156, 275] Thread-10 3328
T0 [0, 4, 0, 2, 1, 1, 0, 0, 1, 0] [283, 42, 42, 40, 80, 79, 157, 156, 156, 275] Thread-0 3329
T6 [0, 3, 0, 2, 1, 2, 0, 0, 0, 0] [283, 42, 42, 40, 80, 79, 158, 156, 156, 275] Thread-8 3329
T5 [0, 3, 0, 2, 0, 2, 0, 1, 1, 1] [283, 42, 42, 40, 80, 80, 158, 156, 156, 275] Thread-6 3331
T4 [0, 2, 0, 2, 1, 2, 0, 0, 0, 1] [283, 42, 42, 40, 81, 80, 158, 156, 156, 275] Thread-5 3331
T9 [1, 2, 0, 2, 1, 2, 0, 0, 0, 0] [283, 42, 42, 40, 81, 80, 158, 156, 156, 276] Thread-11 3332
T0 [0, 3, 0, 2, 1, 2, 0, 0, 0, 0] [284, 42, 42, 40, 81, 80, 158, 156, 156, 276] Thread-1 3332
T7 [0, 3, 0, 2, 1, 1, 1, 0, 0, 0] [284, 42, 42, 40, 81, 80, 158, 157, 156, 276] Thread-8 3332
T8 [0, 3, 0, 2, 1, 1, 0, 0, 1, 1] [284, 42, 42, 40, 81, 80, 158, 157, 157, 276] Thread-8 3350
T9 [1, 3, 0, 2, 1, 1, 0, 0, 1, 0] [284, 42, 42, 40, 81, 80, 158, 157, 157, 277] Thread-9 3350
T0 [0, 4, 0, 2, 1, 1, 0, 0, 1, 0] [285, 42, 42, 40, 81, 80, 158, 157, 157, 277] Thread-2 3351
T6 [0, 3, 0, 2, 1, 2, 0, 0, 0, 0] [285, 42, 42, 40, 81, 80, 159, 157, 157, 277] Thread-8 3351
T7 [0, 3, 0, 2, 1, 1, 1, 0, 0, 0] [285, 42, 42, 40, 81, 80, 159, 158, 157, 277] Thread-8 3353
T3 [0, 3, 0, 1, 1, 1, 1, 1, 0, 1] [285, 42, 42, 41, 81, 80, 159, 158, 157, 277] Thread-3 3356
T9 [1, 3, 0, 1, 1, 1, 1, 1, 0, 0] [285, 42, 42, 41, 81, 80, 159, 158, 157, 278] Thread-10 3356
T0 [0, 4, 0, 1, 1, 1, 1, 1, 0, 0] [286, 42, 42, 41, 81, 80, 159, 158, 157, 278] Thread-0 3357
T1 [0, 3, 1, 1, 1, 1, 1, 0, 0, 0] [286, 43, 42, 41, 81, 80, 159, 158, 157, 278] Thread-3 3357
T2 [0, 3, 0, 2, 1, 1, 1, 0, 0, 0] [286, 43, 43, 41, 81, 80, 159, 158, 157, 278] Thread-3 3368
T8 [0, 3, 0, 2, 1, 1, 0, 0, 1, 1] [286, 43, 43, 41, 81, 80, 159, 158, 158, 278] Thread-8 3370
T9 [1, 3, 0, 2, 1, 1, 0, 0, 1, 0] [286, 43, 43, 41, 81, 80, 159, 158, 158, 279] Thread-11 3370
T0 [0, 4, 0, 2, 1, 1, 0, 0, 1, 0] [287, 43, 43, 41, 81, 80, 159, 158, 158, 279] Thread-1 3371
T6 [0, 3, 0, 2, 1, 2, 0, 0, 0, 0] [287, 43, 43, 41, 81, 80, 160, 158, 158, 279] Thread-8 3371
T5 [0, 3, 0, 2, 0, 2, 0, 1, 1, 1] [287, 43, 43, 41, 81, 81, 160, 158, 158, 279] Thread-5 3372
T4 [0, 2, 0, 2, 1, 2, 0, 0, 0, 1] [287, 43, 43, 41, 82, 81, 160, 158, 158, 279] Thread-6 3372
T9 [1, 2, 0, 2, 1, 2, 0, 0, 0, 0] [287, 43, 43, 41, 82, 81, 160, 158, 158, 280] Thread-9 3373
T0 [0, 3, 0, 2, 1, 2, 0, 0, 0, 0] [288, 43, 43, 41, 82, 81, 160, 158, 158, 280] Thread-2 3373
T7 [0, 3, 0, 2, 1, 1, 1, 0, 0, 0] [288, 43, 43, 41, 82, 81, 160, 159, 158, 280] Thread-7 3374
T8 [0, 3, 0, 2, 1, 1, 0, 0, 1, 1] [288, 43, 43, 41, 82, 81, 160, 159, 159, 280] Thread-7 3391
T9 [1, 3, 0, 2, 1, 1, 0, 0, 1, 0] [288, 43, 43, 41, 82, 81, 160, 159, 159, 281] Thread-10 3391
T0 [0, 4, 0, 2, 1, 1, 0, 0, 1, 0] [289, 43, 43, 41, 82, 81, 160, 159, 159, 281] Thread-0 3392
T6 [0, 3, 0, 2, 1, 2, 0, 0, 0, 0] [289, 43, 43, 41, 82, 81, 161, 159, 159, 281] Thread-7 3392
T7 [0, 3, 0, 2, 1, 1, 1, 0, 0, 0] [289, 43, 43, 41, 82, 81, 161, 160, 159, 281] Thread-8 3395
T8 [0, 3, 0, 2, 1, 1, 0, 0, 1, 1] [289, 43, 43, 41, 82, 81, 161, 160, 160, 281] Thread-8 3411
T9 [1, 3, 0, 2, 1, 1, 0, 0, 1, 0] [289, 43, 43, 41, 82, 81, 161, 160, 160, 282] Thread-11 3411
T0 [0, 4, 0, 2, 1, 1, 0, 0, 1, 0] [290, 43, 43, 41, 82, 81, 161, 160, 160, 282] Thread-1 3412
T6 [0, 3, 0, 2, 1, 2, 0, 0, 0, 0] [290, 43, 43, 41, 82, 81, 162, 160, 160, 282] Thread-8 3412
T5 [0, 3, 0, 2, 0, 2, 0, 1, 1, 1] [290, 43, 43, 41, 82, 82, 162, 160, 160, 282] Thread-6 3414
T4 [0, 2, 0, 2, 1, 2, 0, 0, 0, 1] [290, 43, 43, 41, 83, 82, 162, 160, 160, 282] Thread-5 3414
T9 [1, 2, 0, 2, 1, 2, 0, 0, 0, 0] [290, 43, 43, 41, 83, 82, 162, 160, 160, 283] Thread-9 3415
T0 [0, 3, 0, 2, 1, 2, 0, 0, 0, 0] [291, 43, 43, 41, 83, 82, 162, 160, 160, 283] Thread-2 3415
T7 [0, 3, 0, 2, 1, 1, 1, 0, 0, 0] [291, 43, 43, 41, 83, 82, 162, 161, 160, 283] Thread-7 3415
T8 [0, 3, 0, 2, 1, 1, 0, 0, 1, 1] [291, 43, 43, 41, 83, 82, 162, 161, 161, 283] Thread-7 3432
T9 [1, 3, 0, 2, 1, 1, 0, 0, 1, 0] [291, 43, 43, 41, 83, 82, 162, 161, 161, 284] Thread-10 3432
T0 [0, 4, 0, 2, 1, 1, 0, 0, 1, 0] [292, 43, 43, 41, 83, 82, 162, 161, 161, 284] Thread-0 3433
T6 [0, 3, 0, 2, 1, 2, 0, 0, 0, 0] [292, 43, 43, 41, 83, 82, 163, 161, 161, 284] Thread-7 3433
T7 [0, 3, 0, 2, 1, 1, 1, 0, 0, 0] [292, 43, 43, 41, 83, 82, 163, 162, 161, 284] Thread-8 3435
T3 [0, 3, 0, 1, 1, 1, 1, 1, 0, 1] [292, 43, 43, 42, 83, 82, 163, 162, 161, 284] Thread-3 3437
T9 [1, 3, 0, 1, 1, 1, 1, 1, 0, 0] [292, 43, 43, 42, 83, 82, 163, 162, 161, 285] Thread-11 3437
T0 [0, 4, 0, 1, 1, 1, 1, 1, 0, 0] [293, 43, 43, 42, 83, 82, 163, 162, 161, 285] Thread-1 3438
T1 [0, 3, 1, 1, 1, 1, 1, 0, 0, 0] [293, 44, 43, 42, 83, 82, 163, 162, 161, 285] Thread-3 3438
T2 [0, 3, 0, 2, 1, 1, 1, 0, 0, 0] [293, 44, 44, 42, 83, 82, 163, 162, 161, 285] Thread-3 3449
T8 [0, 3, 0, 2, 1, 1, 0, 0, 1, 1] [293, 44, 44, 42, 83, 82, 163, 162, 162, 285] Thread-8 3452
T9 [1, 3, 0, 2, 1, 1, 0, 0, 1, 0] [293, 44, 44, 42, 83, 82, 163, 162, 162, 286] Thread-9 3452
T0 [0, 4, 0, 2, 1, 1, 0, 0, 1, 0] [294, 44, 44, 42, 83, 82, 163, 162, 162, 286] Thread-2 3453
T6 [0, 3, 0, 2, 1, 2, 0, 0, 0, 0] [294, 44, 44, 42, 83, 82, 164, 162, 162, 286] Thread-8 3453
T5 [0, 3, 0, 2, 0, 2, 0, 1, 1, 1] [294, 44, 44, 42, 83, 83, 164, 162, 162, 286] Thread-5 3454
T4 [0, 2, 0, 2, 1, 2, 0, 0, 0, 1] [294, 44, 44, 42, 84, 83, 164, 162, 162, 286] Thread-6 3454
T9 [1, 2, 0, 2, 1, 2, 0, 0, 0, 0] [294, 44, 44, 42, 84, 83, 164, 162, 162, 287] Thread-10 3455
T0 [0, 3, 0, 2, 1, 2, 0, 0, 0, 0] [295, 44, 44, 42, 84, 83, 164, 162, 162, 287] Thread-0 3455
T7 [0, 3, 0, 2, 1, 1, 1, 0, 0, 0] [295, 44, 44, 42, 84, 83, 164, 163, 162, 287] Thread-7 3456
T8 [0, 3, 0, 2, 1, 1, 0, 0, 1, 1] [295, 44, 44, 42, 84, 83, 164, 163, 163, 287] Thread-7 3473
T9 [1, 3, 0, 2, 1, 1, 0, 0, 1, 0] [295, 44, 44, 42, 84, 83, 164, 163, 163, 288] Thread-11 3473
T0 [0, 4, 0, 2, 1, 1, 0, 0, 1, 0] [296, 44, 44, 42, 84, 83, 164, 163, 163, 288] Thread-1 3474
T6 [0, 3, 0, 2, 1, 2, 0, 0, 0, 0] [296, 44, 44, 42, 84, 83, 165, 163, 163, 288] Thread-7 3474
T7 [0, 3, 0, 2, 1, 1, 1, 0, 0, 0] [296, 44, 44, 42, 84, 83, 165, 164, 163, 288] Thread-7 3477
T8 [0, 3, 0, 2, 1, 1, 0, 0, 1, 1] [296, 44, 44, 42, 84, 83, 165, 164, 164, 288] Thread-7 3494
T9 [1, 3, 0, 2, 1, 1, 0, 0, 1, 0] [296, 44, 44, 42, 84, 83, 165, 164, 164, 289] Thread-9 3494
T0 [0, 4, 0, 2, 1, 1, 0, 0, 1, 0] [297, 44, 44, 42, 84, 83, 165, 164, 164, 289] Thread-2 3495
T6 [0, 3, 0, 2, 1, 2, 0, 0, 0, 0] [297, 44, 44, 42, 84, 83, 166, 164, 164, 289] Thread-7 3495
T5 [0, 3, 0, 2, 0, 2, 0, 1, 1, 1] [297, 44, 44, 42, 84, 84, 166, 164, 164, 289] Thread-6 3496
T4 [0, 2, 0, 2, 1, 2, 0, 0, 0, 1] [297, 44, 44, 42, 85, 84, 166, 164, 164, 289] Thread-5 3496
T9 [1, 2, 0, 2, 1, 2, 0, 0, 0, 0] [297, 44, 44, 42, 85, 84, 166, 164, 164, 290] Thread-10 3496
T0 [0, 3, 0, 2, 1, 2, 0, 0, 0, 0] [298, 44, 44, 42, 85, 84, 166, 164, 164, 290] Thread-0 3497
T7 [0, 3, 0, 2, 1, 1, 1, 0, 0, 0] [298, 44, 44, 42, 85, 84, 166, 165, 164, 290] Thread-7 3497
T8 [0, 3, 0, 2, 1, 1, 0, 0, 1, 1] [298, 44, 44, 42, 85, 84, 166, 165, 165, 290] Thread-7 3514
T9 [1, 3, 0, 2, 1, 1, 0, 0, 1, 0] [298, 44, 44, 42, 85, 84, 166, 165, 165, 291] Thread-11 3514
T0 [0, 4, 0, 2, 1, 1, 0, 0, 1, 0] [299, 44, 44, 42, 85, 84, 166, 165, 165, 291] Thread-1 3515
T6 [0, 3, 0, 2, 1, 2, 0, 0, 0, 0] [299, 44, 44, 42, 85, 84, 167, 165, 165, 291] Thread-7 3515
T3 [0, 3, 0, 1, 1, 2, 0, 1, 0, 1] [299, 44, 44, 43, 85, 84, 167, 165, 165, 291] Thread-4 3518
T9 [1, 3, 0, 1, 1, 2, 0, 1, 0, 0] [299, 44, 44, 43, 85, 84, 167, 165, 165, 292] Thread-9 3518
T0 [0, 4, 0, 1, 1, 2, 0, 1, 0, 0] [300, 44, 44, 43, 85, 84, 167, 165, 165, 292] Thread-2 3519
T7 [0, 4, 0, 1, 1, 1, 1, 1, 0, 0] [300, 44, 44, 43, 85, 84, 167, 166, 165, 292] Thread-7 3519
T1 [0, 3, 1, 1, 1, 1, 1, 0, 0, 0] [300, 45, 44, 43, 85, 84, 167, 166, 165, 292] Thread-4 3519
T2 [0, 3, 0, 2, 1, 1, 1, 0, 0, 0] [300, 45, 45, 43, 85, 84, 167, 166, 165, 292] Thread-4 3531
T8 [0, 3, 0, 2, 1, 1, 0, 0, 1, 1] [300, 45, 45, 43, 85, 84, 167, 166, 166, 292] Thread-7 3536
T9 [1, 3, 0, 2, 1, 1, 0, 0, 1, 0] [300, 45, 45, 43, 85, 84, 167, 166, 166, 293] Thread-10 3536
T0 [0, 4, 0, 2, 1, 1, 0, 0, 1, 0] [301, 45, 45, 43, 85, 84, 167, 166, 166, 293] Thread-0 3537
T6 [0, 3, 0, 2, 1, 2, 0, 0, 0, 0] [301, 45, 45, 43, 85, 84, 168, 166, 166, 293] Thread-7 3537
T5 [0, 3, 0, 2, 0, 2, 0, 1, 1, 1] [301, 45, 45, 43, 85, 85, 168, 166, 166, 293] Thread-5 3538
T4 [0, 2, 0, 2, 1, 2, 0, 0, 0, 1] [301, 45, 45, 43, 86, 85, 168, 166, 166, 293] Thread-6 3538
T9 [1, 2, 0, 2, 1, 2, 0, 0, 0, 0] [301, 45, 45, 43, 86, 85, 168, 166, 166, 294] Thread-11 3538
T0 [0, 3, 0, 2, 1, 2, 0, 0, 0, 0] [302, 45, 45, 43, 86, 85, 168, 166, 166, 294] Thread-1 3540
T7 [0, 3, 0, 2, 1, 1, 1, 0, 0, 0] [302, 45, 45, 43, 86, 85, 168, 167, 166, 294] Thread-7 3540
T8 [0, 3, 0, 2, 1, 1, 0, 0, 1, 1] [302, 45, 45, 43, 86, 85, 168, 167, 167, 294] Thread-7 3557
T9 [1, 3, 0, 2, 1, 1, 0, 0, 1, 0] [302, 45, 45, 43, 86, 85, 168, 167, 167, 295] Thread-9 3557
T0 [0, 4, 0, 2, 1, 1, 0, 0, 1, 0] [303, 45, 45, 43, 86, 85, 168, 167, 167, 295] Thread-2 3558
T6 [0, 3, 0, 2, 1, 2, 0, 0, 0, 0] [303, 45, 45, 43, 86, 85, 169, 167, 167, 295] Thread-7 3558
T7 [0, 3, 0, 2, 1, 1, 1, 0, 0, 0] [303, 45, 45, 43, 86, 85, 169, 168, 167, 295] Thread-8 3560
T8 [0, 3, 0, 2, 1, 1, 0, 0, 1, 1] [303, 45, 45, 43, 86, 85, 169, 168, 168, 295] Thread-8 3577
T9 [1, 3, 0, 2, 1, 1, 0, 0, 1, 0] [303, 45, 45, 43, 86, 85, 169, 168, 168, 296] Thread-10 3577
T0 [0, 4, 0, 2, 1, 1, 0, 0, 1, 0] [304, 45, 45, 43, 86, 85, 169, 168, 168, 296] Thread-0 3579
T6 [0, 3, 0, 2, 1, 2, 0, 0, 0, 0] [304, 45, 45, 43, 86, 85, 170, 168, 168, 296] Thread-8 3579
T5 [0, 3, 0, 2, 0, 2, 0, 1, 1, 1] [304, 45, 45, 43, 86, 86, 170, 168, 168, 296] Thread-6 3579
T4 [0, 2, 0, 2, 1, 2, 0, 0, 0, 1] [304, 45, 45, 43, 87, 86, 170, 168, 168, 296] Thread-5 3580
T9 [1, 2, 0, 2, 1, 2, 0, 0, 0, 0] [304, 45, 45, 43, 87, 86, 170, 168, 168, 297] Thread-11 3580
T0 [0, 3, 0, 2, 1, 2, 0, 0, 0, 0] [305, 45, 45, 43, 87, 86, 170, 168, 168, 297] Thread-1 3581
T7 [0, 3, 0, 2, 1, 1, 1, 0, 0, 0] [305, 45, 45, 43, 87, 86, 170, 169, 168, 297] Thread-8 3581
T8 [0, 3, 0, 2, 1, 1, 0, 0, 1, 1] [305, 45, 45, 43, 87, 86, 170, 169, 169, 297] Thread-8 3598
T9 [1, 3, 0, 2, 1, 1, 0, 0, 1, 0] [305, 45, 45, 43, 87, 86, 170, 169, 169, 298] Thread-9 3598
T0 [0, 4, 0, 2, 1, 1, 0, 0, 1, 0] [306, 45, 45, 43, 87, 86, 170, 169, 169, 298] Thread-2 3599
T6 [0, 3, 0, 2, 1, 2, 0, 0, 0, 0] [306, 45, 45, 43, 87, 86, 171, 169, 169, 298] Thread-8 3599
T3 [0, 3, 0, 1, 1, 2, 0, 1, 0, 1] [306, 45, 45, 44, 87, 86, 171, 169, 169, 298] Thread-4 3600
T9 [1, 3, 0, 1, 1, 2, 0, 1, 0, 0] [306, 45, 45, 44, 87, 86, 171, 169, 169, 299] Thread-10 3600
T0 [0, 4, 0, 1, 1, 2, 0, 1, 0, 0] [307, 45, 45, 44, 87, 86, 171, 169, 169, 299] Thread-0 3601
T7 [0, 4, 0, 1, 1, 1, 1, 1, 0, 0] [307, 45, 45, 44, 87, 86, 171, 170, 169, 299] Thread-8 3601
T1 [0, 3, 1, 1, 1, 1, 1, 0, 0, 0] [307, 46, 45, 44, 87, 86, 171, 170, 169, 299] Thread-4 3601
T2 [0, 3, 0, 2, 1, 1, 1, 0, 0, 0] [307, 46, 46, 44, 87, 86, 171, 170, 169, 299] Thread-4 3612
T8 [0, 3, 0, 2, 1, 1, 0, 0, 1, 1] [307, 46, 46, 44, 87, 86, 171, 170, 170, 299] Thread-8 3617
T9 [1, 3, 0, 2, 1, 1, 0, 0, 1, 0] [307, 46, 46, 44, 87, 86, 171, 170, 170, 300] Thread-11 3618
T0 [0, 4, 0, 2, 1, 1, 0, 0, 1, 0] [308, 46, 46, 44, 87, 86, 171, 170, 170, 300] Thread-1 3618
T6 [0, 3, 0, 2, 1, 2, 0, 0, 0, 0] [308, 46, 46, 44, 87, 86, 172, 170, 170, 300] Thread-8 3618
T5 [0, 3, 0, 2, 0, 2, 0, 1, 1, 1] [308, 46, 46, 44, 87, 87, 172, 170, 170, 300] Thread-5 3621
T4 [0, 2, 0, 2, 1, 2, 0, 0, 0, 1] [308, 46, 46, 44, 88, 87, 172, 170, 170, 300] Thread-6 3621
T9 [1, 2, 0, 2, 1, 2, 0, 0, 0, 0] [308, 46, 46, 44, 88, 87, 172, 170, 170, 301] Thread-9 3622
T0 [0, 3, 0, 2, 1, 2, 0, 0, 0, 0] [309, 46, 46, 44, 88, 87, 172, 170, 170, 301] Thread-2 3622
T7 [0, 3, 0, 2, 1, 1, 1, 0, 0, 0] [309, 46, 46, 44, 88, 87, 172, 171, 170, 301] Thread-8 3622
T8 [0, 3, 0, 2, 1, 1, 0, 0, 1, 1] [309, 46, 46, 44, 88, 87, 172, 171, 171, 301] Thread-8 3640
T9 [1, 3, 0, 2, 1, 1, 0, 0, 1, 0] [309, 46, 46, 44, 88, 87, 172, 171, 171, 302] Thread-10 3640
T0 [0, 4, 0, 2, 1, 1, 0, 0, 1, 0] [310, 46, 46, 44, 88, 87, 172, 171, 171, 302] Thread-0 3641
T6 [0, 3, 0, 2, 1, 2, 0, 0, 0, 0] [310, 46, 46, 44, 88, 87, 173, 171, 171, 302] Thread-8 3641
T7 [0, 3, 0, 2, 1, 1, 1, 0, 0, 0] [310, 46, 46, 44, 88, 87, 173, 172, 171, 302] Thread-8 3643
T8 [0, 3, 0, 2, 1, 1, 0, 0, 1, 1] [310, 46, 46, 44, 88, 87, 173, 172, 172, 302] Thread-8 3660
T9 [1, 3, 0, 2, 1, 1, 0, 0, 1, 0] [310, 46, 46, 44, 88, 87, 173, 172, 172, 303] Thread-11 3660
T0 [0, 4, 0, 2, 1, 1, 0, 0, 1, 0] [311, 46, 46, 44, 88, 87, 173, 172, 172, 303] Thread-1 3661
T6 [0, 3, 0, 2, 1, 2, 0, 0, 0, 0] [311, 46, 46, 44, 88, 87, 174, 172, 172, 303] Thread-8 3661
T5 [0, 3, 0, 2, 0, 2, 0, 1, 1, 1] [311, 46, 46, 44, 88, 88, 174, 172, 172, 303] Thread-6 3662
T4 [0, 2, 0, 2, 1, 2, 0, 0, 0, 1] [311, 46, 46, 44, 89, 88, 174, 172, 172, 303] Thread-5 3662
T9 [1, 2, 0, 2, 1, 2, 0, 0, 0, 0] [311, 46, 46, 44, 89, 88, 174, 172, 172, 304] Thread-9 3663
T0 [0, 3, 0, 2, 1, 2, 0, 0, 0, 0] [312, 46, 46, 44, 89, 88, 174, 172, 172, 304] Thread-2 3663
T7 [0, 3, 0, 2, 1, 1, 1, 0, 0, 0] [312, 46, 46, 44, 89, 88, 174, 173, 172, 304] Thread-7 3663
T3 [0, 3, 0, 1, 1, 1, 1, 1, 0, 1] [312, 46, 46, 45, 89, 88, 174, 173, 172, 304] Thread-4 3679
T9 [1, 3, 0, 1, 1, 1, 1, 1, 0, 0] [312, 46, 46, 45, 89, 88, 174, 173, 172, 305] Thread-10 3679
T0 [0, 4, 0, 1, 1, 1, 1, 1, 0, 0] [313, 46, 46, 45, 89, 88, 174, 173, 172, 305] Thread-0 3681
T1 [0, 3, 1, 1, 1, 1, 1, 0, 0, 0] [313, 47, 46, 45, 89, 88, 174, 173, 172, 305] Thread-4 3681
T8 [0, 3, 1, 1, 1, 1, 0, 0, 1, 1] [313, 47, 46, 45, 89, 88, 174, 173, 173, 305] Thread-7 3681
T9 [1, 3, 1, 1, 1, 1, 0, 0, 1, 0] [313, 47, 46, 45, 89, 88, 174, 173, 173, 306] Thread-11 3682
T0 [0, 4, 1, 1, 1, 1, 0, 0, 1, 0] [314, 47, 46, 45, 89, 88, 174, 173, 173, 306] Thread-1 3682
T6 [0, 3, 1, 1, 1, 2, 0, 0, 0, 0] [314, 47, 46, 45, 89, 88, 175, 173, 173, 306] Thread-7 3683
T7 [0, 3, 1, 1, 1, 1, 1, 0, 0, 0] [314, 47, 46, 45, 89, 88, 175, 174, 173, 306] Thread-7 3683
T2 [0, 3, 0, 2, 1, 1, 1, 0, 0, 0] [314, 47, 47, 45, 89, 88, 175, 174, 173, 306] Thread-4 3693
T8 [0, 3, 0, 2, 1, 1, 0, 0, 1, 1] [314, 47, 47, 45, 89, 88, 175, 174, 174, 306] Thread-7 3700
T9 [1, 3, 0, 2, 1, 1, 0, 0, 1, 0] [314, 47, 47, 45, 89, 88, 175, 174, 174, 307] Thread-9 3700
T0 [0, 4, 0, 2, 1, 1, 0, 0, 1, 0] [315, 47, 47, 45, 89, 88, 175, 174, 174, 307] Thread-2 3700
T6 [0, 3, 0, 2, 1, 2, 0, 0, 0, 0] [315, 47, 47, 45, 89, 88, 176, 174, 174, 307] Thread-7 3702
T5 [0, 3, 0, 2, 0, 2, 0, 1, 1, 1] [315, 47, 47, 45, 89, 89, 176, 174, 174, 307] Thread-5 3703
T4 [0, 2, 0, 2, 1, 2, 0, 0, 0, 1] [315, 47, 47, 45, 90, 89, 176, 174, 174, 307] Thread-6 3703
T9 [1, 2, 0, 2, 1, 2, 0, 0, 0, 0] [315, 47, 47, 45, 90, 89, 176, 174, 174, 308] Thread-10 3704
T0 [0, 3, 0, 2, 1, 2, 0, 0, 0, 0] [316, 47, 47, 45, 90, 89, 176, 174, 174, 308] Thread-0 3704
T7 [0, 3, 0, 2, 1, 1, 1, 0, 0, 0] [316, 47, 47, 45, 90, 89, 176, 175, 174, 308] Thread-7 3704
T8 [0, 3, 0, 2, 1, 1, 0, 0, 1, 1] [316, 47, 47, 45, 90, 89, 176, 175, 175, 308] Thread-7 3721
T9 [1, 3, 0, 2, 1, 1, 0, 0, 1, 0] [316, 47, 47, 45, 90, 89, 176, 175, 175, 309] Thread-11 3721
T0 [0, 4, 0, 2, 1, 1, 0, 0, 1, 0] [317, 47, 47, 45, 90, 89, 176, 175, 175, 309] Thread-1 3721
T6 [0, 3, 0, 2, 1, 2, 0, 0, 0, 0] [317, 47, 47, 45, 90, 89, 177, 175, 175, 309] Thread-7 3723
T7 [0, 3, 0, 2, 1, 1, 1, 0, 0, 0] [317, 47, 47, 45, 90, 89, 177, 176, 175, 309] Thread-7 3725
T8 [0, 3, 0, 2, 1, 1, 0, 0, 1, 1] [317, 47, 47, 45, 90, 89, 177, 176, 176, 309] Thread-7 3742
T9 [1, 3, 0, 2, 1, 1, 0, 0, 1, 0] [317, 47, 47, 45, 90, 89, 177, 176, 176, 310] Thread-9 3742
T0 [0, 4, 0, 2, 1, 1, 0, 0, 1, 0] [318, 47, 47, 45, 90, 89, 177, 176, 176, 310] Thread-2 3743
T6 [0, 3, 0, 2, 1, 2, 0, 0, 0, 0] [318, 47, 47, 45, 90, 89, 178, 176, 176, 310] Thread-7 3743
T5 [0, 3, 0, 2, 0, 2, 0, 1, 1, 1] [318, 47, 47, 45, 90, 90, 178, 176, 176, 310] Thread-6 3745
T4 [0, 2, 0, 2, 1, 2, 0, 0, 0, 1] [318, 47, 47, 45, 91, 90, 178, 176, 176, 310] Thread-5 3745
T9 [1, 2, 0, 2, 1, 2, 0, 0, 0, 0] [318, 47, 47, 45, 91, 90, 178, 176, 176, 311] Thread-10 3746
T0 [0, 3, 0, 2, 1, 2, 0, 0, 0, 0] [319, 47, 47, 45, 91, 90, 178, 176, 176, 311] Thread-0 3746
T7 [0, 3, 0, 2, 1, 1, 1, 0, 0, 0] [319, 47, 47, 45, 91, 90, 178, 177, 176, 311] Thread-7 3747
T3 [0, 3, 0, 1, 1, 1, 1, 1, 0, 1] [319, 47, 47, 46, 91, 90, 178, 177, 176, 311] Thread-3 3760
T9 [1, 3, 0, 1, 1, 1, 1, 1, 0, 0] [319, 47, 47, 46, 91, 90, 178, 177, 176, 312] Thread-11 3760
T0 [0, 4, 0, 1, 1, 1, 1, 1, 0, 0] [320, 47, 47, 46, 91, 90, 178, 177, 176, 312] Thread-1 3761
T1 [0, 3, 1, 1, 1, 1, 1, 0, 0, 0] [320, 48, 47, 46, 91, 90, 178, 177, 176, 312] Thread-3 3761
T8 [0, 3, 1, 1, 1, 1, 0, 0, 1, 1] [320, 48, 47, 46, 91, 90, 178, 177, 177, 312] Thread-7 3762
T9 [1, 3, 1, 1, 1, 1, 0, 0, 1, 0] [320, 48, 47, 46, 91, 90, 178, 177, 177, 313] Thread-9 3762
T0 [0, 4, 1, 1, 1, 1, 0, 0, 1, 0] [321, 48, 47, 46, 91, 90, 178, 177, 177, 313] Thread-2 3762
T6 [0, 3, 1, 1, 1, 2, 0, 0, 0, 0] [321, 48, 47, 46, 91, 90, 179, 177, 177, 313] Thread-7 3764
T7 [0, 3, 1, 1, 1, 1, 1, 0, 0, 0] [321, 48, 47, 46, 91, 90, 179, 178, 177, 313] Thread-8 3767
T2 [0, 3, 0, 2, 1, 1, 1, 0, 0, 0] [321, 48, 48, 46, 91, 90, 179, 178, 177, 313] Thread-3 3773
T8 [0, 3, 0, 2, 1, 1, 0, 0, 1, 1] [321, 48, 48, 46, 91, 90, 179, 178, 178, 313] Thread-8 3784
T9 [1, 3, 0, 2, 1, 1, 0, 0, 1, 0] [321, 48, 48, 46, 91, 90, 179, 178, 178, 314] Thread-10 3784
T0 [0, 4, 0, 2, 1, 1, 0, 0, 1, 0] [322, 48, 48, 46, 91, 90, 179, 178, 178, 314] Thread-0 3785
T6 [0, 3, 0, 2, 1, 2, 0, 0, 0, 0] [322, 48, 48, 46, 91, 90, 180, 178, 178, 314] Thread-8 3785
T5 [0, 3, 0, 2, 0, 2, 0, 1, 1, 1] [322, 48, 48, 46, 91, 91, 180, 178, 178, 314] Thread-5 3786
T4 [0, 2, 0, 2, 1, 2, 0, 0, 0, 1] [322, 48, 48, 46, 92, 91, 180, 178, 178, 314] Thread-6 3786
T9 [1, 2, 0, 2, 1, 2, 0, 0, 0, 0] [322, 48, 48, 46, 92, 91, 180, 178, 178, 315] Thread-11 3786
T0 [0, 3, 0, 2, 1, 2, 0, 0, 0, 0] [323, 48, 48, 46, 92, 91, 180, 178, 178, 315] Thread-1 3787
T7 [0, 3, 0, 2, 1, 1, 1, 0, 0, 0] [323, 48, 48, 46, 92, 91, 180, 179, 178, 315] Thread-7 3788
T8 [0, 3, 0, 2, 1, 1, 0, 0, 1, 1] [323, 48, 48, 46, 92, 91, 180, 179, 179, 315] Thread-7 3805
T9 [1, 3, 0, 2, 1, 1, 0, 0, 1, 0] [323, 48, 48, 46, 92, 91, 180, 179, 179, 316] Thread-9 3805
T0 [0, 4, 0, 2, 1, 1, 0, 0, 1, 0] [324, 48, 48, 46, 92, 91, 180, 179, 179, 316] Thread-2 3806
T6 [0, 3, 0, 2, 1, 2, 0, 0, 0, 0] [324, 48, 48, 46, 92, 91, 181, 179, 179, 316] Thread-7 3806
T7 [0, 3, 0, 2, 1, 1, 1, 0, 0, 0] [324, 48, 48, 46, 92, 91, 181, 180, 179, 316] Thread-8 3809
T8 [0, 3, 0, 2, 1, 1, 0, 0, 1, 1] [324, 48, 48, 46, 92, 91, 181, 180, 180, 316] Thread-8 3826
T9 [1, 3, 0, 2, 1, 1, 0, 0, 1, 0] [324, 48, 48, 46, 92, 91, 181, 180, 180, 317] Thread-10 3826
T0 [0, 4, 0, 2, 1, 1, 0, 0, 1, 0] [325, 48, 48, 46, 92, 91, 181, 180, 180, 317] Thread-0 3827
T6 [0, 3, 0, 2, 1, 2, 0, 0, 0, 0] [325, 48, 48, 46, 92, 91, 182, 180, 180, 317] Thread-8 3827
T5 [0, 3, 0, 2, 0, 2, 0, 1, 1, 1] [325, 48, 48, 46, 92, 92, 182, 180, 180, 317] Thread-6 3828
T4 [0, 2, 0, 2, 1, 2, 0, 0, 0, 1] [325, 48, 48, 46, 93, 92, 182, 180, 180, 317] Thread-5 3828
T9 [1, 2, 0, 2, 1, 2, 0, 0, 0, 0] [325, 48, 48, 46, 93, 92, 182, 180, 180, 318] Thread-11 3828
T0 [0, 3, 0, 2, 1, 2, 0, 0, 0, 0] [326, 48, 48, 46, 93, 92, 182, 180, 180, 318] Thread-1 3829
T7 [0, 3, 0, 2, 1, 1, 1, 0, 0, 0] [326, 48, 48, 46, 93, 92, 182, 181, 180, 318] Thread-8 3829
T3 [0, 3, 0, 1, 1, 1, 1, 1, 0, 1] [326, 48, 48, 47, 93, 92, 182, 181, 180, 318] Thread-3 3840
T9 [1, 3, 0, 1, 1, 1, 1, 1, 0, 0] [326, 48, 48, 47, 93, 92, 182, 181, 180, 319] Thread-9 3840
T0 [0, 4, 0, 1, 1, 1, 1, 1, 0, 0] [327, 48, 48, 47, 93, 92, 182, 181, 180, 319] Thread-2 3841
T1 [0, 3, 1, 1, 1, 1, 1, 0, 0, 0] [327, 49, 48, 47, 93, 92, 182, 181, 180, 319] Thread-3 3841
T8 [0, 3, 1, 1, 1, 1, 0, 0, 1, 1] [327, 49, 48, 47, 93, 92, 182, 181, 181, 319] Thread-8 3847
T9 [1, 3, 1, 1, 1, 1, 0, 0, 1, 0] [327, 49, 48, 47, 93, 92, 182, 181, 181, 320] Thread-10 3847
T0 [0, 4, 1, 1, 1, 1, 0, 0, 1, 0] [328, 49, 48, 47, 93, 92, 182, 181, 181, 320] Thread-0 3848
T6 [0, 3, 1, 1, 1, 2, 0, 0, 0, 0] [328, 49, 48, 47, 93, 92, 183, 181, 181, 320] Thread-8 3848
T7 [0, 3, 1, 1, 1, 1, 1, 0, 0, 0] [328, 49, 48, 47, 93, 92, 183, 182, 181, 320] Thread-8 3850
T2 [0, 3, 0, 2, 1, 1, 1, 0, 0, 0] [328, 49, 49, 47, 93, 92, 183, 182, 181, 320] Thread-3 3853
T8 [0, 3, 0, 2, 1, 1, 0, 0, 1, 1] [328, 49, 49, 47, 93, 92, 183, 182, 182, 320] Thread-8 3867
T9 [1, 3, 0, 2, 1, 1, 0, 0, 1, 0] [328, 49, 49, 47, 93, 92, 183, 182, 182, 321] Thread-11 3867
T0 [0, 4, 0, 2, 1, 1, 0, 0, 1, 0] [329, 49, 49, 47, 93, 92, 183, 182, 182, 321] Thread-1 3868
T6 [0, 3, 0, 2, 1, 2, 0, 0, 0, 0] [329, 49, 49, 47, 93, 92, 184, 182, 182, 321] Thread-8 3868
T5 [0, 3, 0, 2, 0, 2, 0, 1, 1, 1] [329, 49, 49, 47, 93, 93, 184, 182, 182, 321] Thread-5 3870
T4 [0, 2, 0, 2, 1, 2, 0, 0, 0, 1] [329, 49, 49, 47, 94, 93, 184, 182, 182, 321] Thread-6 3870
T9 [1, 2, 0, 2, 1, 2, 0, 0, 0, 0] [329, 49, 49, 47, 94, 93, 184, 182, 182, 322] Thread-9 3871
T0 [0, 3, 0, 2, 1, 2, 0, 0, 0, 0] [330, 49, 49, 47, 94, 93, 184, 182, 182, 322] Thread-2 3871
T7 [0, 3, 0, 2, 1, 1, 1, 0, 0, 0] [330, 49, 49, 47, 94, 93, 184, 183, 182, 322] Thread-7 3871
T8 [0, 3, 0, 2, 1, 1, 0, 0, 1, 1] [330, 49, 49, 47, 94, 93, 184, 183, 183, 322] Thread-7 3888
T9 [1, 3, 0, 2, 1, 1, 0, 0, 1, 0] [330, 49, 49, 47, 94, 93, 184, 183, 183, 323] Thread-10 3888
T0 [0, 4, 0, 2, 1, 1, 0, 0, 1, 0] [331, 49, 49, 47, 94, 93, 184, 183, 183, 323] Thread-0 3889
T6 [0, 3, 0, 2, 1, 2, 0, 0, 0, 0] [331, 49, 49, 47, 94, 93, 185, 183, 183, 323] Thread-7 3889
T7 [0, 3, 0, 2, 1, 1, 1, 0, 0, 0] [331, 49, 49, 47, 94, 93, 185, 184, 183, 323] Thread-7 3892
T8 [0, 3, 0, 2, 1, 1, 0, 0, 1, 1] [331, 49, 49, 47, 94, 93, 185, 184, 184, 323] Thread-7 3909
T9 [1, 3, 0, 2, 1, 1, 0, 0, 1, 0] [331, 49, 49, 47, 94, 93, 185, 184, 184, 324] Thread-11 3909
T0 [0, 4, 0, 2, 1, 1, 0, 0, 1, 0] [332, 49, 49, 47, 94, 93, 185, 184, 184, 324] Thread-1 3910
T6 [0, 3, 0, 2, 1, 2, 0, 0, 0, 0] [332, 49, 49, 47, 94, 93, 186, 184, 184, 324] Thread-7 3910
T5 [0, 3, 0, 2, 0, 2, 0, 1, 1, 1] [332, 49, 49, 47, 94, 94, 186, 184, 184, 324] Thread-6 3911
T4 [0, 2, 0, 2, 1, 2, 0, 0, 0, 1] [332, 49, 49, 47, 95, 94, 186, 184, 184, 324] Thread-5 3911
T9 [1, 2, 0, 2, 1, 2, 0, 0, 0, 0] [332, 49, 49, 47, 95, 94, 186, 184, 184, 325] Thread-9 3912
T0 [0, 3, 0, 2, 1, 2, 0, 0, 0, 0] [333, 49, 49, 47, 95, 94, 186, 184, 184, 325] Thread-2 3912
T7 [0, 3, 0, 2, 1, 1, 1, 0, 0, 0] [333, 49, 49, 47, 95, 94, 186, 185, 184, 325] Thread-7 3913
T3 [0, 3, 0, 1, 1, 1, 1, 1, 0, 1] [333, 49, 49, 48, 95, 94, 186, 185, 184, 325] Thread-3 3921
T9 [1, 3, 0, 1, 1, 1, 1, 1, 0, 0] [333, 49, 49, 48, 95, 94, 186, 185, 184, 326] Thread-10 3921
T0 [0, 4, 0, 1, 1, 1, 1, 1, 0, 0] [334, 49, 49, 48, 95, 94, 186, 185, 184, 326] Thread-0 3922
T1 [0, 3, 1, 1, 1, 1, 1, 0, 0, 0] [334, 50, 49, 48, 95, 94, 186, 185, 184, 326] Thread-3 3922
T8 [0, 3, 1, 1, 1, 1, 0, 0, 1, 1] [334, 50, 49, 48, 95, 94, 186, 185, 185, 326] Thread-7 3930
T9 [1, 3, 1, 1, 1, 1, 0, 0, 1, 0] [334, 50, 49, 48, 95, 94, 186, 185, 185, 327] Thread-11 3930
T0 [0, 4, 1, 1, 1, 1, 0, 0, 1, 0] [335, 50, 49, 48, 95, 94, 186, 185, 185, 327] Thread-1 3931
T6 [0, 3, 1, 1, 1, 2, 0, 0, 0, 0] [335, 50, 49, 48, 95, 94, 187, 185, 185, 327] Thread-7 3931
T7 [0, 3, 1, 1, 1, 1, 1, 0, 0, 0] [335, 50, 49, 48, 95, 94, 187, 186, 185, 327] Thread-8 3934
T2 [0, 3, 0, 2, 1, 1, 1, 0, 0, 0] [335, 50, 50, 48, 95, 94, 187, 186, 185, 327] Thread-3 3934
T8 [0, 3, 0, 2, 1, 1, 0, 0, 1, 1] [335, 50, 50, 48, 95, 94, 187, 186, 186, 327] Thread-8 3951
T9 [1, 3, 0, 2, 1, 1, 0, 0, 1, 0] [335, 50, 50, 48, 95, 94, 187, 186, 186, 328] Thread-9 3951
T0 [0, 4, 0, 2, 1, 1, 0, 0, 1, 0] [336, 50, 50, 48, 95, 94, 187, 186, 186, 328] Thread-2 3952
T6 [0, 3, 0, 2, 1, 2, 0, 0, 0, 0] [336, 50, 50, 48, 95, 94, 188, 186, 186, 328] Thread-8 3952
T5 [0, 3, 0, 2, 0, 2, 0, 1, 1, 1] [336, 50, 50, 48, 95, 95, 188, 186, 186, 328] Thread-5 3952
T4 [0, 2, 0, 2, 1, 2, 0, 0, 0, 1] [336, 50, 50, 48, 96, 95, 188, 186, 186, 328] Thread-6 3954
T9 [1, 2, 0, 2, 1, 2, 0, 0, 0, 0] [336, 50, 50, 48, 96, 95, 188, 186, 186, 329] Thread-10 3954
T0 [0, 3, 0, 2, 1, 2, 0, 0, 0, 0] [337, 50, 50, 48, 96, 95, 188, 186, 186, 329] Thread-0 3954
T7 [0, 3, 0, 2, 1, 1, 1, 0, 0, 0] [337, 50, 50, 48, 96, 95, 188, 187, 186, 329] Thread-8 3955
T8 [0, 3, 0, 2, 1, 1, 0, 0, 1, 1] [337, 50, 50, 48, 96, 95, 188, 187, 187, 329] Thread-8 3971
T9 [1, 3, 0, 2, 1, 1, 0, 0, 1, 0] [337, 50, 50, 48, 96, 95, 188, 187, 187, 330] Thread-11 3972
T0 [0, 4, 0, 2, 1, 1, 0, 0, 1, 0] [338, 50, 50, 48, 96, 95, 188, 187, 187, 330] Thread-1 3972
T6 [0, 3, 0, 2, 1, 2, 0, 0, 0, 0] [338, 50, 50, 48, 96, 95, 189, 187, 187, 330] Thread-8 3972
T7 [0, 3, 0, 2, 1, 1, 1, 0, 0, 0] [338, 50, 50, 48, 96, 95, 189, 188, 187, 330] Thread-8 3975
T8 [0, 3, 0, 2, 1, 1, 0, 0, 1, 1] [338, 50, 50, 48, 96, 95, 189, 188, 188, 330] Thread-8 3992
T9 [1, 3, 0, 2, 1, 1, 0, 0, 1, 0] [338, 50, 50, 48, 96, 95, 189, 188, 188, 331] Thread-9 3992
T0 [0, 4, 0, 2, 1, 1, 0, 0, 1, 0] [339, 50, 50, 48, 96, 95, 189, 188, 188, 331] Thread-2 3993
T5 [0, 4, 0, 2, 0, 1, 0, 1, 2, 1] [339, 50, 50, 48, 96, 96, 189, 188, 188, 331] Thread-6 3993
T4 [0, 3, 0, 2, 1, 1, 0, 0, 1, 1] [339, 50, 50, 48, 97, 96, 189, 188, 188, 331] Thread-5 3994
T9 [1, 3, 0, 2, 1, 1, 0, 0, 1, 0] [339, 50, 50, 48, 97, 96, 189, 188, 188, 332] Thread-10 3994
T0 [0, 4, 0, 2, 1, 1, 0, 0, 1, 0] [340, 50, 50, 48, 97, 96, 189, 188, 188, 332] Thread-0 3994
T6 [0, 3, 0, 2, 1, 2, 0, 0, 0, 0] [340, 50, 50, 48, 97, 96, 190, 188, 188, 332] Thread-8 3995
T7 [0, 3, 0, 2, 1, 1, 1, 0, 0, 0] [340, 50, 50, 48, 97, 96, 190, 189, 188, 332] Thread-8 3995
T3 [0, 3, 0, 1, 1, 1, 1, 1, 0, 1] [340, 50, 50, 49, 97, 96, 190, 189, 188, 332] Thread-3 4002
T9 [1, 3, 0, 1, 1, 1, 1, 1, 0, 0] [340, 50, 50, 49, 97, 96, 190, 189, 188, 333] Thread-11 4002
T0 [0, 4, 0, 1, 1, 1, 1, 1, 0, 0] [341, 50, 50, 49, 97, 96, 190, 189, 188, 333] Thread-1 4003
T1 [0, 3, 1, 1, 1, 1, 1, 0, 0, 0] [341, 51, 50, 49, 97, 96, 190, 189, 188, 333] Thread-3 4003
T8 [0, 3, 1, 1, 1, 1, 0, 0, 1, 1] [341, 51, 50, 49, 97, 96, 190, 189, 189, 333] Thread-8 4013
T9 [1, 3, 1, 1, 1, 1, 0, 0, 1, 0] [341, 51, 50, 49, 97, 96, 190, 189, 189, 334] Thread-9 4013
T0 [0, 4, 1, 1, 1, 1, 0, 0, 1, 0] [342, 51, 50, 49, 97, 96, 190, 189, 189, 334] Thread-2 4014
T6 [0, 3, 1, 1, 1, 2, 0, 0, 0, 0] [342, 51, 50, 49, 97, 96, 191, 189, 189, 334] Thread-8 4014
T2 [0, 3, 0, 2, 1, 2, 0, 0, 0, 0] [342, 51, 51, 49, 97, 96, 191, 189, 189, 334] Thread-3 4014
T7 [0, 3, 0, 2, 1, 1, 1, 0, 0, 0] [342, 51, 51, 49, 97, 96, 191, 190, 189, 334] Thread-8 4015
T8 [0, 3, 0, 2, 1, 1, 0, 0, 1, 1] [342, 51, 51, 49, 97, 96, 191, 190, 190, 334] Thread-8 4031
T9 [1, 3, 0, 2, 1, 1, 0, 0, 1, 0] [342, 51, 51, 49, 97, 96, 191, 190, 190, 335] Thread-10 4031
T0 [0, 4, 0, 2, 1, 1, 0, 0, 1, 0] [343, 51, 51, 49, 97, 96, 191, 190, 190, 335] Thread-0 4032
T6 [0, 3, 0, 2, 1, 2, 0, 0, 0, 0] [343, 51, 51, 49, 97, 96, 192, 190, 190, 335] Thread-8 4032
T5 [0, 3, 0, 2, 0, 2, 0, 1, 1, 1] [343, 51, 51, 49, 97, 97, 192, 190, 190, 335] Thread-5 4034
T4 [0, 2, 0, 2, 1, 2, 0, 0, 0, 1] [343, 51, 51, 49, 98, 97, 192, 190, 190, 335] Thread-6 4034
T9 [1, 2, 0, 2, 1, 2, 0, 0, 0, 0] [343, 51, 51, 49, 98, 97, 192, 190, 190, 336] Thread-11 4035
T0 [0, 3, 0, 2, 1, 2, 0, 0, 0, 0] [344, 51, 51, 49, 98, 97, 192, 190, 190, 336] Thread-1 4035
T7 [0, 3, 0, 2, 1, 1, 1, 0, 0, 0] [344, 51, 51, 49, 98, 97, 192, 191, 190, 336] Thread-7 4035
T8 [0, 3, 0, 2, 1, 1, 0, 0, 1, 1] [344, 51, 51, 49, 98, 97, 192, 191, 191, 336] Thread-7 4053
T9 [1, 3, 0, 2, 1, 1, 0, 0, 1, 0] [344, 51, 51, 49, 98, 97, 192, 191, 191, 337] Thread-9 4053
T0 [0, 4, 0, 2, 1, 1, 0, 0, 1, 0] [345, 51, 51, 49, 98, 97, 192, 191, 191, 337] Thread-2 4054
T6 [0, 3, 0, 2, 1, 2, 0, 0, 0, 0] [345, 51, 51, 49, 98, 97, 193, 191, 191, 337] Thread-7 4054
T7 [0, 3, 0, 2, 1, 1, 1, 0, 0, 0] [345, 51, 51, 49, 98, 97, 193, 192, 191, 337] Thread-8 4055
T8 [0, 3, 0, 2, 1, 1, 0, 0, 1, 1] [345, 51, 51, 49, 98, 97, 193, 192, 192, 337] Thread-8 4072
T9 [1, 3, 0, 2, 1, 1, 0, 0, 1, 0] [345, 51, 51, 49, 98, 97, 193, 192, 192, 338] Thread-10 4072
T0 [0, 4, 0, 2, 1, 1, 0, 0, 1, 0] [346, 51, 51, 49, 98, 97, 193, 192, 192, 338] Thread-0 4073
T6 [0, 3, 0, 2, 1, 2, 0, 0, 0, 0] [346, 51, 51, 49, 98, 97, 194, 192, 192, 338] Thread-8 4073
T7 [0, 3, 0, 2, 1, 1, 1, 0, 0, 0] [346, 51, 51, 49, 98, 97, 194, 193, 192, 338] Thread-7 4075
T5 [0, 3, 0, 2, 0, 1, 1, 1, 1, 1] [346, 51, 51, 49, 98, 98, 194, 193, 192, 338] Thread-6 4075
T4 [0, 2, 0, 2, 1, 1, 1, 0, 0, 1] [346, 51, 51, 49, 99, 98, 194, 193, 192, 338] Thread-5 4076
T9 [1, 2, 0, 2, 1, 1, 1, 0, 0, 0] [346, 51, 51, 49, 99, 98, 194, 193, 192, 339] Thread-11 4076
T0 [0, 3, 0, 2, 1, 1, 1, 0, 0, 0] [347, 51, 51, 49, 99, 98, 194, 193, 192, 339] Thread-1 4076
T3 [0, 3, 0, 1, 1, 1, 1, 1, 0, 1] [347, 51, 51, 50, 99, 98, 194, 193, 192, 339] Thread-3 4082
T9 [1, 3, 0, 1, 1, 1, 1, 1, 0, 0] [347, 51, 51, 50, 99, 98, 194, 193, 192, 340] Thread-9 4082
T0 [0, 4, 0, 1, 1, 1, 1, 1, 0, 0] [348, 51, 51, 50, 99, 98, 194, 193, 192, 340] Thread-2 4083
T1 [0, 3, 1, 1, 1, 1, 1, 0, 0, 0] [348, 52, 51, 50, 99, 98, 194, 193, 192, 340] Thread-3 4083
T8 [0, 3, 1, 1, 1, 1, 0, 0, 1, 1] [348, 52, 51, 50, 99, 98, 194, 193, 193, 340] Thread-7 4093
T9 [1, 3, 1, 1, 1, 1, 0, 0, 1, 0] [348, 52, 51, 50, 99, 98, 194, 193, 193, 341] Thread-10 4093
T0 [0, 4, 1, 1, 1, 1, 0, 0, 1, 0] [349, 52, 51, 50, 99, 98, 194, 193, 193, 341] Thread-0 4093
T6 [0, 3, 1, 1, 1, 2, 0, 0, 0, 0] [349, 52, 51, 50, 99, 98, 195, 193, 193, 341] Thread-7 4094
T2 [0, 3, 0, 2, 1, 2, 0, 0, 0, 0] [349, 52, 52, 50, 99, 98, 195, 193, 193, 341] Thread-3 4094
T7 [0, 3, 0, 2, 1, 1, 1, 0, 0, 0] [349, 52, 52, 50, 99, 98, 195, 194, 193, 341] Thread-7 4097
T8 [0, 3, 0, 2, 1, 1, 0, 0, 1, 1] [349, 52, 52, 50, 99, 98, 195, 194, 194, 341] Thread-7 4114
T9 [1, 3, 0, 2, 1, 1, 0, 0, 1, 0] [349, 52, 52, 50, 99, 98, 195, 194, 194, 342] Thread-11 4114
T0 [0, 4, 0, 2, 1, 1, 0, 0, 1, 0] [350, 52, 52, 50, 99, 98, 195, 194, 194, 342] Thread-1 4115
T6 [0, 3, 0, 2, 1, 2, 0, 0, 0, 0] [350, 52, 52, 50, 99, 98, 196, 194, 194, 342] Thread-7 4115
T5 [0, 3, 0, 2, 0, 2, 0, 1, 1, 1] [350, 52, 52, 50, 99, 99, 196, 194, 194, 342] Thread-5 4117
T4 [0, 2, 0, 2, 1, 2, 0, 0, 0, 1] [350, 52, 52, 50, 100, 99, 196, 194, 194, 342] Thread-6 4117
T9 [1, 2, 0, 2, 1, 2, 0, 0, 0, 0] [350, 52, 52, 50, 100, 99, 196, 194, 194, 343] Thread-9 4118
T0 [0, 3, 0, 2, 1, 2, 0, 0, 0, 0] [351, 52, 52, 50, 100, 99, 196, 194, 194, 343] Thread-2 4118
T7 [0, 3, 0, 2, 1, 1, 1, 0, 0, 0] [351, 52, 52, 50, 100, 99, 196, 195, 194, 343] Thread-8 4118
T8 [0, 3, 0, 2, 1, 1, 0, 0, 1, 1] [351, 52, 52, 50, 100, 99, 196, 195, 195, 343] Thread-8 4134
T9 [1, 3, 0, 2, 1, 1, 0, 0, 1, 0] [351, 52, 52, 50, 100, 99, 196, 195, 195, 344] Thread-10 4134
T0 [0, 4, 0, 2, 1, 1, 0, 0, 1, 0] [352, 52, 52, 50, 100, 99, 196, 195, 195, 344] Thread-0 4135
T6 [0, 3, 0, 2, 1, 2, 0, 0, 0, 0] [352, 52, 52, 50, 100, 99, 197, 195, 195, 344] Thread-8 4135
T7 [0, 3, 0, 2, 1, 1, 1, 0, 0, 0] [352, 52, 52, 50, 100, 99, 197, 196, 195, 344] Thread-7 4139
T8 [0, 3, 0, 2, 1, 1, 0, 0, 1, 1] [352, 52, 52, 50, 100, 99, 197, 196, 196, 344] Thread-7 4156
T9 [1, 3, 0, 2, 1, 1, 0, 0, 1, 0] [352, 52, 52, 50, 100, 99, 197, 196, 196, 345] Thread-11 4156
T0 [0, 4, 0, 2, 1, 1, 0, 0, 1, 0] [353, 52, 52, 50, 100, 99, 197, 196, 196, 345] Thread-1 4157
T6 [0, 3, 0, 2, 1, 2, 0, 0, 0, 0] [353, 52, 52, 50, 100, 99, 198, 196, 196, 345] Thread-7 4157
T5 [0, 3, 0, 2, 0, 2, 0, 1, 1, 1] [353, 52, 52, 50, 100, 100, 198, 196, 196, 345] Thread-6 4158
T4 [0, 2, 0, 2, 1, 2, 0, 0, 0, 1] [353, 52, 52, 50, 101, 100, 198, 196, 196, 345] Thread-5 4158
T9 [1, 2, 0, 2, 1, 2, 0, 0, 0, 0] [353, 52, 52, 50, 101, 100, 198, 196, 196, 346] Thread-9 4158
T0 [0, 3, 0, 2, 1, 2, 0, 0, 0, 0] [354, 52, 52, 50, 101, 100, 198, 196, 196, 346] Thread-2 4159
T7 [0, 3, 0, 2, 1, 1, 1, 0, 0, 0] [354, 52, 52, 50, 101, 100, 198, 197, 196, 346] Thread-8 4159
T3 [0, 3, 0, 1, 1, 1, 1, 1, 0, 1] [354, 52, 52, 51, 101, 100, 198, 197, 196, 346] Thread-4 4164
T9 [1, 3, 0, 1, 1, 1, 1, 1, 0, 0] [354, 52, 52, 51, 101, 100, 198, 197, 196, 347] Thread-10 4164
T0 [0, 4, 0, 1, 1, 1, 1, 1, 0, 0] [355, 52, 52, 51, 101, 100, 198, 197, 196, 347] Thread-0 4165
T1 [0, 3, 1, 1, 1, 1, 1, 0, 0, 0] [355, 53, 52, 51, 101, 100, 198, 197, 196, 347] Thread-4 4165
T2 [0, 3, 0, 2, 1, 1, 1, 0, 0, 0] [355, 53, 53, 51, 101, 100, 198, 197, 196, 347] Thread-4 4176
T8 [0, 3, 0, 2, 1, 1, 0, 0, 1, 1] [355, 53, 53, 51, 101, 100, 198, 197, 197, 347] Thread-8 4177
T9 [1, 3, 0, 2, 1, 1, 0, 0, 1, 0] [355, 53, 53, 51, 101, 100, 198, 197, 197, 348] Thread-11 4177
T0 [0, 4, 0, 2, 1, 1, 0, 0, 1, 0] [356, 53, 53, 51, 101, 100, 198, 197, 197, 348] Thread-1 4178
T6 [0, 3, 0, 2, 1, 2, 0, 0, 0, 0] [356, 53, 53, 51, 101, 100, 199, 197, 197, 348] Thread-8 4178
T7 [0, 3, 0, 2, 1, 1, 1, 0, 0, 0] [356, 53, 53, 51, 101, 100, 199, 198, 197, 348] Thread-8 4180
T8 [0, 3, 0, 2, 1, 1, 0, 0, 1, 1] [356, 53, 53, 51, 101, 100, 199, 198, 198, 348] Thread-8 4197
T9 [1, 3, 0, 2, 1, 1, 0, 0, 1, 0] [356, 53, 53, 51, 101, 100, 199, 198, 198, 349] Thread-9 4197
T0 [0, 4, 0, 2, 1, 1, 0, 0, 1, 0] [357, 53, 53, 51, 101, 100, 199, 198, 198, 349] Thread-2 4198
T6 [0, 3, 0, 2, 1, 2, 0, 0, 0, 0] [357, 53, 53, 51, 101, 100, 200, 198, 198, 349] Thread-8 4198
T5 [0, 3, 0, 2, 0, 2, 0, 1, 1, 1] [357, 53, 53, 51, 101, 101, 200, 198, 198, 349] Thread-5 4199
T4 [0, 2, 0, 2, 1, 2, 0, 0, 0, 1] [357, 53, 53, 51, 102, 101, 200, 198, 198, 349] Thread-6 4199
T9 [1, 2, 0, 2, 1, 2, 0, 0, 0, 0] [357, 53, 53, 51, 102, 101, 200, 198, 198, 350] Thread-10 4200
T0 [0, 3, 0, 2, 1, 2, 0, 0, 0, 0] [358, 53, 53, 51, 102, 101, 200, 198, 198, 350] Thread-0 4200
T7 [0, 3, 0, 2, 1, 1, 1, 0, 0, 0] [358, 53, 53, 51, 102, 101, 200, 199, 198, 350] Thread-7 4200
T8 [0, 3, 0, 2, 1, 1, 0, 0, 1, 1] [358, 53, 53, 51, 102, 101, 200, 199, 199, 350] Thread-7 4218
T9 [1, 3, 0, 2, 1, 1, 0, 0, 1, 0] [358, 53, 53, 51, 102, 101, 200, 199, 199, 351] Thread-11 4218
T0 [0, 4, 0, 2, 1, 1, 0, 0, 1, 0] [359, 53, 53, 51, 102, 101, 200, 199, 199, 351] Thread-1 4219
T6 [0, 3, 0, 2, 1, 2, 0, 0, 0, 0] [359, 53, 53, 51, 102, 101, 201, 199, 199, 351] Thread-7 4219
T7 [0, 3, 0, 2, 1, 1, 1, 0, 0, 0] [359, 53, 53, 51, 102, 101, 201, 200, 199, 351] Thread-7 4221
T8 [0, 3, 0, 2, 1, 1, 0, 0, 1, 1] [359, 53, 53, 51, 102, 101, 201, 200, 200, 351] Thread-7 4238
T9 [1, 3, 0, 2, 1, 1, 0, 0, 1, 0] [359, 53, 53, 51, 102, 101, 201, 200, 200, 352] Thread-9 4238
T0 [0, 4, 0, 2, 1, 1, 0, 0, 1, 0] [360, 53, 53, 51, 102, 101, 201, 200, 200, 352] Thread-2 4239
T6 [0, 3, 0, 2, 1, 2, 0, 0, 0, 0] [360, 53, 53, 51, 102, 101, 202, 200, 200, 352] Thread-7 4239
T5 [0, 3, 0, 2, 0, 2, 0, 1, 1, 1] [360, 53, 53, 51, 102, 102, 202, 200, 200, 352] Thread-6 4241
T4 [0, 2, 0, 2, 1, 2, 0, 0, 0, 1] [360, 53, 53, 51, 103, 102, 202, 200, 200, 352] Thread-5 4241
T9 [1, 2, 0, 2, 1, 2, 0, 0, 0, 0] [360, 53, 53, 51, 103, 102, 202, 200, 200, 353] Thread-10 4242
T0 [0, 3, 0, 2, 1, 2, 0, 0, 0, 0] [361, 53, 53, 51, 103, 102, 202, 200, 200, 353] Thread-0 4242
T7 [0, 3, 0, 2, 1, 1, 1, 0, 0, 0] [361, 53, 53, 51, 103, 102, 202, 201, 200, 353] Thread-7 4242
T3 [0, 3, 0, 1, 1, 1, 1, 1, 0, 1] [361, 53, 53, 52, 103, 102, 202, 201, 200, 353] Thread-3 4244
T9 [1, 3, 0, 1, 1, 1, 1, 1, 0, 0] [361, 53, 53, 52, 103, 102, 202, 201, 200, 354] Thread-11 4244
T0 [0, 4, 0, 1, 1, 1, 1, 1, 0, 0] [362, 53, 53, 52, 103, 102, 202, 201, 200, 354] Thread-1 4245
T1 [0, 3, 1, 1, 1, 1, 1, 0, 0, 0] [362, 54, 53, 52, 103, 102, 202, 201, 200, 354] Thread-3 4245
T2 [0, 3, 0, 2, 1, 1, 1, 0, 0, 0] [362, 54, 54, 52, 103, 102, 202, 201, 200, 354] Thread-3 4256
T8 [0, 3, 0, 2, 1, 1, 0, 0, 1, 1] [362, 54, 54, 52, 103, 102, 202, 201, 201, 354] Thread-7 4259
T9 [1, 3, 0, 2, 1, 1, 0, 0, 1, 0] [362, 54, 54, 52, 103, 102, 202, 201, 201, 355] Thread-9 4259
T0 [0, 4, 0, 2, 1, 1, 0, 0, 1, 0] [363, 54, 54, 52, 103, 102, 202, 201, 201, 355] Thread-2 4259
T6 [0, 3, 0, 2, 1, 2, 0, 0, 0, 0] [363, 54, 54, 52, 103, 102, 203, 201, 201, 355] Thread-7 4260
T7 [0, 3, 0, 2, 1, 1, 1, 0, 0, 0] [363, 54, 54, 52, 103, 102, 203, 202, 201, 355] Thread-8 4262
T8 [0, 3, 0, 2, 1, 1, 0, 0, 1, 1] [363, 54, 54, 52, 103, 102, 203, 202, 202, 355] Thread-8 4279
T9 [1, 3, 0, 2, 1, 1, 0, 0, 1, 0] [363, 54, 54, 52, 103, 102, 203, 202, 202, 356] Thread-10 4279
T0 [0, 4, 0, 2, 1, 1, 0, 0, 1, 0] [364, 54, 54, 52, 103, 102, 203, 202, 202, 356] Thread-0 4280
T6 [0, 3, 0, 2, 1, 2, 0, 0, 0, 0] [364, 54, 54, 52, 103, 102, 204, 202, 202, 356] Thread-8 4280
T5 [0, 3, 0, 2, 0, 2, 0, 1, 1, 1] [364, 54, 54, 52, 103, 103, 204, 202, 202, 356] Thread-5 4282
T4 [0, 2, 0, 2, 1, 2, 0, 0, 0, 1] [364, 54, 54, 52, 104, 103, 204, 202, 202, 356] Thread-6 4282
T9 [1, 2, 0, 2, 1, 2, 0, 0, 0, 0] [364, 54, 54, 52, 104, 103, 204, 202, 202, 357] Thread-11 4283
T0 [0, 3, 0, 2, 1, 2, 0, 0, 0, 0] [365, 54, 54, 52, 104, 103, 204, 202, 202, 357] Thread-1 4283
T7 [0, 3, 0, 2, 1, 1, 1, 0, 0, 0] [365, 54, 54, 52, 104, 103, 204, 203, 202, 357] Thread-7 4283
T8 [0, 3, 0, 2, 1, 1, 0, 0, 1, 1] [365, 54, 54, 52, 104, 103, 204, 203, 203, 357] Thread-7 4300
T9 [1, 3, 0, 2, 1, 1, 0, 0, 1, 0] [365, 54, 54, 52, 104, 103, 204, 203, 203, 358] Thread-9 4300
T0 [0, 4, 0, 2, 1, 1, 0, 0, 1, 0] [366, 54, 54, 52, 104, 103, 204, 203, 203, 358] Thread-2 4300
T6 [0, 3, 0, 2, 1, 2, 0, 0, 0, 0] [366, 54, 54, 52, 104, 103, 205, 203, 203, 358] Thread-7 4302
T7 [0, 3, 0, 2, 1, 1, 1, 0, 0, 0] [366, 54, 54, 52, 104, 103, 205, 204, 203, 358] Thread-7 4304
T8 [0, 3, 0, 2, 1, 1, 0, 0, 1, 1] [366, 54, 54, 52, 104, 103, 205, 204, 204, 358] Thread-7 4321
T9 [1, 3, 0, 2, 1, 1, 0, 0, 1, 0] [366, 54, 54, 52, 104, 103, 205, 204, 204, 359] Thread-10 4321
T0 [0, 4, 0, 2, 1, 1, 0, 0, 1, 0] [367, 54, 54, 52, 104, 103, 205, 204, 204, 359] Thread-0 4322
T6 [0, 3, 0, 2, 1, 2, 0, 0, 0, 0] [367, 54, 54, 52, 104, 103, 206, 204, 204, 359] Thread-7 4322
T5 [0, 3, 0, 2, 0, 2, 0, 1, 1, 1] [367, 54, 54, 52, 104, 104, 206, 204, 204, 359] Thread-6 4323
T4 [0, 2, 0, 2, 1, 2, 0, 0, 0, 1] [367, 54, 54, 52, 105, 104, 206, 204, 204, 359] Thread-5 4323
T9 [1, 2, 0, 2, 1, 2, 0, 0, 0, 0] [367, 54, 54, 52, 105, 104, 206, 204, 204, 360] Thread-11 4324
T0 [0, 3, 0, 2, 1, 2, 0, 0, 0, 0] [368, 54, 54, 52, 105, 104, 206, 204, 204, 360] Thread-1 4324
T7 [0, 3, 0, 2, 1, 1, 1, 0, 0, 0] [368, 54, 54, 52, 105, 104, 206, 205, 204, 360] Thread-8 4325
T3 [0, 3, 0, 1, 1, 1, 1, 1, 0, 1] [368, 54, 54, 53, 105, 104, 206, 205, 204, 360] Thread-4 4325
T9 [1, 3, 0, 1, 1, 1, 1, 1, 0, 0] [368, 54, 54, 53, 105, 104, 206, 205, 204, 361] Thread-9 4325
T0 [0, 4, 0, 1, 1, 1, 1, 1, 0, 0] [369, 54, 54, 53, 105, 104, 206, 205, 204, 361] Thread-2 4326
T1 [0, 3, 1, 1, 1, 1, 1, 0, 0, 0] [369, 55, 54, 53, 105, 104, 206, 205, 204, 361] Thread-4 4326
T2 [0, 3, 0, 2, 1, 1, 1, 0, 0, 0] [369, 55, 55, 53, 105, 104, 206, 205, 204, 361] Thread-4 4337
T8 [0, 3, 0, 2, 1, 1, 0, 0, 1, 1] [369, 55, 55, 53, 105, 104, 206, 205, 205, 361] Thread-8 4343
T9 [1, 3, 0, 2, 1, 1, 0, 0, 1, 0] [369, 55, 55, 53, 105, 104, 206, 205, 205, 362] Thread-10 4343
T0 [0, 4, 0, 2, 1, 1, 0, 0, 1, 0] [370, 55, 55, 53, 105, 104, 206, 205, 205, 362] Thread-0 4344
T6 [0, 3, 0, 2, 1, 2, 0, 0, 0, 0] [370, 55, 55, 53, 105, 104, 207, 205, 205, 362] Thread-8 4344
T7 [0, 3, 0, 2, 1, 1, 1, 0, 0, 0] [370, 55, 55, 53, 105, 104, 207, 206, 205, 362] Thread-8 4346
T8 [0, 3, 0, 2, 1, 1, 0, 0, 1, 1] [370, 55, 55, 53, 105, 104, 207, 206, 206, 362] Thread-8 4363
T9 [1, 3, 0, 2, 1, 1, 0, 0, 1, 0] [370, 55, 55, 53, 105, 104, 207, 206, 206, 363] Thread-11 4363
T0 [0, 4, 0, 2, 1, 1, 0, 0, 1, 0] [371, 55, 55, 53, 105, 104, 207, 206, 206, 363] Thread-1 4364
T6 [0, 3, 0, 2, 1, 2, 0, 0, 0, 0] [371, 55, 55, 53, 105, 104, 208, 206, 206, 363] Thread-8 4364
T5 [0, 3, 0, 2, 0, 2, 0, 1, 1, 1] [371, 55, 55, 53, 105, 105, 208, 206, 206, 363] Thread-5 4365
T4 [0, 2, 0, 2, 1, 2, 0, 0, 0, 1] [371, 55, 55, 53, 106, 105, 208, 206, 206, 363] Thread-6 4365
T9 [1, 2, 0, 2, 1, 2, 0, 0, 0, 0] [371, 55, 55, 53, 106, 105, 208, 206, 206, 364] Thread-9 4366
T0 [0, 3, 0, 2, 1, 2, 0, 0, 0, 0] [372, 55, 55, 53, 106, 105, 208, 206, 206, 364] Thread-2 4366
T7 [0, 3, 0, 2, 1, 1, 1, 0, 0, 0] [372, 55, 55, 53, 106, 105, 208, 207, 206, 364] Thread-8 4366
T8 [0, 3, 0, 2, 1, 1, 0, 0, 1, 1] [372, 55, 55, 53, 106, 105, 208, 207, 207, 364] Thread-8 4382
T9 [1, 3, 0, 2, 1, 1, 0, 0, 1, 0] [372, 55, 55, 53, 106, 105, 208, 207, 207, 365] Thread-10 4382
T0 [0, 4, 0, 2, 1, 1, 0, 0, 1, 0] [373, 55, 55, 53, 106, 105, 208, 207, 207, 365] Thread-0 4383
T6 [0, 3, 0, 2, 1, 2, 0, 0, 0, 0] [373, 55, 55, 53, 106, 105, 209, 207, 207, 365] Thread-8 4383
T7 [0, 3, 0, 2, 1, 1, 1, 0, 0, 0] [373, 55, 55, 53, 106, 105, 209, 208, 207, 365] Thread-7 4386
T8 [0, 3, 0, 2, 1, 1, 0, 0, 1, 1] [373, 55, 55, 53, 106, 105, 209, 208, 208, 365] Thread-7 4403
T9 [1, 3, 0, 2, 1, 1, 0, 0, 1, 0] [373, 55, 55, 53, 106, 105, 209, 208, 208, 366] Thread-11 4403
T0 [0, 4, 0, 2, 1, 1, 0, 0, 1, 0] [374, 55, 55, 53, 106, 105, 209, 208, 208, 366] Thread-1 4404
T6 [0, 3, 0, 2, 1, 2, 0, 0, 0, 0] [374, 55, 55, 53, 106, 105, 210, 208, 208, 366] Thread-7 4404
T3 [0, 3, 0, 1, 1, 2, 0, 1, 0, 1] [374, 55, 55, 54, 106, 105, 210, 208, 208, 366] Thread-3 4406
T9 [1, 3, 0, 1, 1, 2, 0, 1, 0, 0] [374, 55, 55, 54, 106, 105, 210, 208, 208, 367] Thread-9 4406
T0 [0, 4, 0, 1, 1, 2, 0, 1, 0, 0] [375, 55, 55, 54, 106, 105, 210, 208, 208, 367] Thread-2 4407
T5 [0, 4, 0, 1, 0, 2, 0, 2, 1, 1] [375, 55, 55, 54, 106, 106, 210, 208, 208, 367] Thread-6 4407
T4 [0, 3, 0, 1, 1, 2, 0, 1, 0, 1] [375, 55, 55, 54, 107, 106, 210, 208, 208, 367] Thread-5 4407
T9 [1, 3, 0, 1, 1, 2, 0, 1, 0, 0] [375, 55, 55, 54, 107, 106, 210, 208, 208, 368] Thread-10 4408
T0 [0, 4, 0, 1, 1, 2, 0, 1, 0, 0] [376, 55, 55, 54, 107, 106, 210, 208, 208, 368] Thread-0 4408
T7 [0, 4, 0, 1, 1, 1, 1, 1, 0, 0] [376, 55, 55, 54, 107, 106, 210, 209, 208, 368] Thread-8 4409
T1 [0, 3, 1, 1, 1, 1, 1, 0, 0, 0] [376, 56, 55, 54, 107, 106, 210, 209, 208, 368] Thread-3 4409
T2 [0, 3, 0, 2, 1, 1, 1, 0, 0, 0] [376, 56, 56, 54, 107, 106, 210, 209, 208, 368] Thread-3 4421
T8 [0, 3, 0, 2, 1, 1, 0, 0, 1, 1] [376, 56, 56, 54, 107, 106, 210, 209, 209, 368] Thread-8 4425
T9 [1, 3, 0, 2, 1, 1, 0, 0, 1, 0] [376, 56, 56, 54, 107, 106, 210, 209, 209, 369] Thread-11 4425
T0 [0, 4, 0, 2, 1, 1, 0, 0, 1, 0] [377, 56, 56, 54, 107, 106, 210, 209, 209, 369] Thread-1 4426
T6 [0, 3, 0, 2, 1, 2, 0, 0, 0, 0] [377, 56, 56, 54, 107, 106, 211, 209, 209, 369] Thread-8 4426
T7 [0, 3, 0, 2, 1, 1, 1, 0, 0, 0] [377, 56, 56, 54, 107, 106, 211, 210, 209, 369] Thread-7 4430
T8 [0, 3, 0, 2, 1, 1, 0, 0, 1, 1] [377, 56, 56, 54, 107, 106, 211, 210, 210, 369] Thread-7 4447
T9 [1, 3, 0, 2, 1, 1, 0, 0, 1, 0] [377, 56, 56, 54, 107, 106, 211, 210, 210, 370] Thread-9 4447
T0 [0, 4, 0, 2, 1, 1, 0, 0, 1, 0] [378, 56, 56, 54, 107, 106, 211, 210, 210, 370] Thread-2 4448
T6 [0, 3, 0, 2, 1, 2, 0, 0, 0, 0] [378, 56, 56, 54, 107, 106, 212, 210, 210, 370] Thread-7 4448
T5 [0, 3, 0, 2, 0, 2, 0, 1, 1, 1] [378, 56, 56, 54, 107, 107, 212, 210, 210, 370] Thread-5 4448
T4 [0, 2, 0, 2, 1, 2, 0, 0, 0, 1] [378, 56, 56, 54, 108, 107, 212, 210, 210, 370] Thread-6 4449
T9 [1, 2, 0, 2, 1, 2, 0, 0, 0, 0] [378, 56, 56, 54, 108, 107, 212, 210, 210, 371] Thread-10 4449
T0 [0, 3, 0, 2, 1, 2, 0, 0, 0, 0] [379, 56, 56, 54, 108, 107, 212, 210, 210, 371] Thread-0 4449
T7 [0, 3, 0, 2, 1, 1, 1, 0, 0, 0] [379, 56, 56, 54, 108, 107, 212, 211, 210, 371] Thread-8 4450
T8 [0, 3, 0, 2, 1, 1, 0, 0, 1, 1] [379, 56, 56, 54, 108, 107, 212, 211, 211, 371] Thread-8 4467
T9 [1, 3, 0, 2, 1, 1, 0, 0, 1, 0] [379, 56, 56, 54, 108, 107, 212, 211, 211, 372] Thread-11 4467
T0 [0, 4, 0, 2, 1, 1, 0, 0, 1, 0] [380, 56, 56, 54, 108, 107, 212, 211, 211, 372] Thread-1 4468
T6 [0, 3, 0, 2, 1, 2, 0, 0, 0, 0] [380, 56, 56, 54, 108, 107, 213, 211, 211, 372] Thread-8 4468
T7 [0, 3, 0, 2, 1, 1, 1, 0, 0, 0] [380, 56, 56, 54, 108, 107, 213, 212, 211, 372] Thread-8 4471
T3 [0, 3, 0, 1, 1, 1, 1, 1, 0, 1] [380, 56, 56, 55, 108, 107, 213, 212, 211, 372] Thread-3 4487
T9 [1, 3, 0, 1, 1, 1, 1, 1, 0, 0] [380, 56, 56, 55, 108, 107, 213, 212, 211, 373] Thread-9 4487
T0 [0, 4, 0, 1, 1, 1, 1, 1, 0, 0] [381, 56, 56, 55, 108, 107, 213, 212, 211, 373] Thread-2 4488
T1 [0, 3, 1, 1, 1, 1, 1, 0, 0, 0] [381, 57, 56, 55, 108, 107, 213, 212, 211, 373] Thread-3 4488
T8 [0, 3, 1, 1, 1, 1, 0, 0, 1, 1] [381, 57, 56, 55, 108, 107, 213, 212, 212, 373] Thread-8 4489
T9 [1, 3, 1, 1, 1, 1, 0, 0, 1, 0] [381, 57, 56, 55, 108, 107, 213, 212, 212, 374] Thread-10 4489
T0 [0, 4, 1, 1, 1, 1, 0, 0, 1, 0] [382, 57, 56, 55, 108, 107, 213, 212, 212, 374] Thread-0 4489
T6 [0, 3, 1, 1, 1, 2, 0, 0, 0, 0] [382, 57, 56, 55, 108, 107, 214, 212, 212, 374] Thread-8 4490
T5 [0, 3, 1, 1, 0, 2, 0, 1, 1, 1] [382, 57, 56, 55, 108, 108, 214, 212, 212, 374] Thread-6 4491
T4 [0, 2, 1, 1, 1, 2, 0, 0, 0, 1] [382, 57, 56, 55, 109, 108, 214, 212, 212, 374] Thread-5 4491
T9 [1, 2, 1, 1, 1, 2, 0, 0, 0, 0] [382, 57, 56, 55, 109, 108, 214, 212, 212, 375] Thread-11 4492
T0 [0, 3, 1, 1, 1, 2, 0, 0, 0, 0] [383, 57, 56, 55, 109, 108, 214, 212, 212, 375] Thread-1 4492
T7 [0, 3, 1, 1, 1, 1, 1, 0, 0, 0] [383, 57, 56, 55, 109, 108, 214, 213, 212, 375] Thread-8 4492
T2 [0, 3, 0, 2, 1, 1, 1, 0, 0, 0] [383, 57, 57, 55, 109, 108, 214, 213, 212, 375] Thread-3 4499
T8 [0, 3, 0, 2, 1, 1, 0, 0, 1, 1] [383, 57, 57, 55, 109, 108, 214, 213, 213, 375] Thread-8 4509
T9 [1, 3, 0, 2, 1, 1, 0, 0, 1, 0] [383, 57, 57, 55, 109, 108, 214, 213, 213, 376] Thread-9 4509
T0 [0, 4, 0, 2, 1, 1, 0, 0, 1, 0] [384, 57, 57, 55, 109, 108, 214, 213, 213, 376] Thread-2 4510
T6 [0, 3, 0, 2, 1, 2, 0, 0, 0, 0] [384, 57, 57, 55, 109, 108, 215, 213, 213, 376] Thread-8 4510
T7 [0, 3, 0, 2, 1, 1, 1, 0, 0, 0] [384, 57, 57, 55, 109, 108, 215, 214, 213, 376] Thread-7 4514
T8 [0, 3, 0, 2, 1, 1, 0, 0, 1, 1] [384, 57, 57, 55, 109, 108, 215, 214, 214, 376] Thread-7 4531
T9 [1, 3, 0, 2, 1, 1, 0, 0, 1, 0] [384, 57, 57, 55, 109, 108, 215, 214, 214, 377] Thread-10 4531
T0 [0, 4, 0, 2, 1, 1, 0, 0, 1, 0] [385, 57, 57, 55, 109, 108, 215, 214, 214, 377] Thread-0 4532
T6 [0, 3, 0, 2, 1, 2, 0, 0, 0, 0] [385, 57, 57, 55, 109, 108, 216, 214, 214, 377] Thread-7 4532
T5 [0, 3, 0, 2, 0, 2, 0, 1, 1, 1] [385, 57, 57, 55, 109, 109, 216, 214, 214, 377] Thread-5 4533
T4 [0, 2, 0, 2, 1, 2, 0, 0, 0, 1] [385, 57, 57, 55, 110, 109, 216, 214, 214, 377] Thread-6 4533
T9 [1, 2, 0, 2, 1, 2, 0, 0, 0, 0] [385, 57, 57, 55, 110, 109, 216, 214, 214, 378] Thread-11 4533
T0 [0, 3, 0, 2, 1, 2, 0, 0, 0, 0] [386, 57, 57, 55, 110, 109, 216, 214, 214, 378] Thread-1 4534
T7 [0, 3, 0, 2, 1, 1, 1, 0, 0, 0] [386, 57, 57, 55, 110, 109, 216, 215, 214, 378] Thread-7 4534
T8 [0, 3, 0, 2, 1, 1, 0, 0, 1, 1] [386, 57, 57, 55, 110, 109, 216, 215, 215, 378] Thread-7 4552
T9 [1, 3, 0, 2, 1, 1, 0, 0, 1, 0] [386, 57, 57, 55, 110, 109, 216, 215, 215, 379] Thread-9 4552
T0 [0, 4, 0, 2, 1, 1, 0, 0, 1, 0] [387, 57, 57, 55, 110, 109, 216, 215, 215, 379] Thread-2 4553
T6 [0, 3, 0, 2, 1, 2, 0, 0, 0, 0] [387, 57, 57, 55, 110, 109, 217, 215, 215, 379] Thread-7 4553
T7 [0, 3, 0, 2, 1, 1, 1, 0, 0, 0] [387, 57, 57, 55, 110, 109, 217, 216, 215, 379] Thread-7 4555
T3 [0, 3, 0, 1, 1, 1, 1, 1, 0, 1] [387, 57, 57, 56, 110, 109, 217, 216, 215, 379] Thread-4 4567
T9 [1, 3, 0, 1, 1, 1, 1, 1, 0, 0] [387, 57, 57, 56, 110, 109, 217, 216, 215, 380] Thread-10 4567
T0 [0, 4, 0, 1, 1, 1, 1, 1, 0, 0] [388, 57, 57, 56, 110, 109, 217, 216, 215, 380] Thread-0 4568
T1 [0, 3, 1, 1, 1, 1, 1, 0, 0, 0] [388, 58, 57, 56, 110, 109, 217, 216, 215, 380] Thread-4 4568
T8 [0, 3, 1, 1, 1, 1, 0, 0, 1, 1] [388, 58, 57, 56, 110, 109, 217, 216, 216, 380] Thread-7 4572
T9 [1, 3, 1, 1, 1, 1, 0, 0, 1, 0] [388, 58, 57, 56, 110, 109, 217, 216, 216, 381] Thread-11 4572
T0 [0, 4, 1, 1, 1, 1, 0, 0, 1, 0] [389, 58, 57, 56, 110, 109, 217, 216, 216, 381] Thread-1 4573
T6 [0, 3, 1, 1, 1, 2, 0, 0, 0, 0] [389, 58, 57, 56, 110, 109, 218, 216, 216, 381] Thread-7 4573
T5 [0, 3, 1, 1, 0, 2, 0, 1, 1, 1] [389, 58, 57, 56, 110, 110, 218, 216, 216, 381] Thread-6 4575
T4 [0, 2, 1, 1, 1, 2, 0, 0, 0, 1] [389, 58, 57, 56, 111, 110, 218, 216, 216, 381] Thread-5 4575
T9 [1, 2, 1, 1, 1, 2, 0, 0, 0, 0] [389, 58, 57, 56, 111, 110, 218, 216, 216, 382] Thread-9 4575
T0 [0, 3, 1, 1, 1, 2, 0, 0, 0, 0] [390, 58, 57, 56, 111, 110, 218, 216, 216, 382] Thread-2 4576
T7 [0, 3, 1, 1, 1, 1, 1, 0, 0, 0] [390, 58, 57, 56, 111, 110, 218, 217, 216, 382] Thread-7 4576
T2 [0, 3, 0, 2, 1, 1, 1, 0, 0, 0] [390, 58, 58, 56, 111, 110, 218, 217, 216, 382] Thread-4 4580
T8 [0, 3, 0, 2, 1, 1, 0, 0, 1, 1] [390, 58, 58, 56, 111, 110, 218, 217, 217, 382] Thread-7 4593
T9 [1, 3, 0, 2, 1, 1, 0, 0, 1, 0] [390, 58, 58, 56, 111, 110, 218, 217, 217, 383] Thread-10 4593
T0 [0, 4, 0, 2, 1, 1, 0, 0, 1, 0] [391, 58, 58, 56, 111, 110, 218, 217, 217, 383] Thread-0 4594
T6 [0, 3, 0, 2, 1, 2, 0, 0, 0, 0] [391, 58, 58, 56, 111, 110, 219, 217, 217, 383] Thread-7 4594
T7 [0, 3, 0, 2, 1, 1, 1, 0, 0, 0] [391, 58, 58, 56, 111, 110, 219, 218, 217, 383] Thread-7 4597
T8 [0, 3, 0, 2, 1, 1, 0, 0, 1, 1] [391, 58, 58, 56, 111, 110, 219, 218, 218, 383] Thread-7 4614
T9 [1, 3, 0, 2, 1, 1, 0, 0, 1, 0] [391, 58, 58, 56, 111, 110, 219, 218, 218, 384] Thread-11 4615
T0 [0, 4, 0, 2, 1, 1, 0, 0, 1, 0] [392, 58, 58, 56, 111, 110, 219, 218, 218, 384] Thread-1 4615
T6 [0, 3, 0, 2, 1, 2, 0, 0, 0, 0] [392, 58, 58, 56, 111, 110, 220, 218, 218, 384] Thread-7 4615
T5 [0, 3, 0, 2, 0, 2, 0, 1, 1, 1] [392, 58, 58, 56, 111, 111, 220, 218, 218, 384] Thread-5 4616
T4 [0, 2, 0, 2, 1, 2, 0, 0, 0, 1] [392, 58, 58, 56, 112, 111, 220, 218, 218, 384] Thread-6 4616
T9 [1, 2, 0, 2, 1, 2, 0, 0, 0, 0] [392, 58, 58, 56, 112, 111, 220, 218, 218, 385] Thread-9 4617
T0 [0, 3, 0, 2, 1, 2, 0, 0, 0, 0] [393, 58, 58, 56, 112, 111, 220, 218, 218, 385] Thread-2 4617
T7 [0, 3, 0, 2, 1, 1, 1, 0, 0, 0] [393, 58, 58, 56, 112, 111, 220, 219, 218, 385] Thread-7 4618
T8 [0, 3, 0, 2, 1, 1, 0, 0, 1, 1] [393, 58, 58, 56, 112, 111, 220, 219, 219, 385] Thread-7 4634
T9 [1, 3, 0, 2, 1, 1, 0, 0, 1, 0] [393, 58, 58, 56, 112, 111, 220, 219, 219, 386] Thread-10 4634
T0 [0, 4, 0, 2, 1, 1, 0, 0, 1, 0] [394, 58, 58, 56, 112, 111, 220, 219, 219, 386] Thread-0 4635
T6 [0, 3, 0, 2, 1, 2, 0, 0, 0, 0] [394, 58, 58, 56, 112, 111, 221, 219, 219, 386] Thread-7 4635
T7 [0, 3, 0, 2, 1, 1, 1, 0, 0, 0] [394, 58, 58, 56, 112, 111, 221, 220, 219, 386] Thread-8 4638
T3 [0, 3, 0, 1, 1, 1, 1, 1, 0, 1] [394, 58, 58, 57, 112, 111, 221, 220, 219, 386] Thread-4 4648
T9 [1, 3, 0, 1, 1, 1, 1, 1, 0, 0] [394, 58, 58, 57, 112, 111, 221, 220, 219, 387] Thread-11 4648
T0 [0, 4, 0, 1, 1, 1, 1, 1, 0, 0] [395, 58, 58, 57, 112, 111, 221, 220, 219, 387] Thread-1 4649
T1 [0, 3, 1, 1, 1, 1, 1, 0, 0, 0] [395, 59, 58, 57, 112, 111, 221, 220, 219, 387] Thread-4 4649
T8 [0, 3, 1, 1, 1, 1, 0, 0, 1, 1] [395, 59, 58, 57, 112, 111, 221, 220, 220, 387] Thread-8 4655
T9 [1, 3, 1, 1, 1, 1, 0, 0, 1, 0] [395, 59, 58, 57, 112, 111, 221, 220, 220, 388] Thread-9 4655
T0 [0, 4, 1, 1, 1, 1, 0, 0, 1, 0] [396, 59, 58, 57, 112, 111, 221, 220, 220, 388] Thread-2 4656
T6 [0, 3, 1, 1, 1, 2, 0, 0, 0, 0] [396, 59, 58, 57, 112, 111, 222, 220, 220, 388] Thread-8 4656
T5 [0, 3, 1, 1, 0, 2, 0, 1, 1, 1] [396, 59, 58, 57, 112, 112, 222, 220, 220, 388] Thread-6 4657
T4 [0, 2, 1, 1, 1, 2, 0, 0, 0, 1] [396, 59, 58, 57, 113, 112, 222, 220, 220, 388] Thread-5 4657
T9 [1, 2, 1, 1, 1, 2, 0, 0, 0, 0] [396, 59, 58, 57, 113, 112, 222, 220, 220, 389] Thread-10 4657
T0 [0, 3, 1, 1, 1, 2, 0, 0, 0, 0] [397, 59, 58, 57, 113, 112, 222, 220, 220, 389] Thread-0 4658
T7 [0, 3, 1, 1, 1, 1, 1, 0, 0, 0] [397, 59, 58, 57, 113, 112, 222, 221, 220, 389] Thread-8 4658
T2 [0, 3, 0, 2, 1, 1, 1, 0, 0, 0] [397, 59, 59, 57, 113, 112, 222, 221, 220, 389] Thread-4 4660
T8 [0, 3, 0, 2, 1, 1, 0, 0, 1, 1] [397, 59, 59, 57, 113, 112, 222, 221, 221, 389] Thread-8 4675
T9 [1, 3, 0, 2, 1, 1, 0, 0, 1, 0] [397, 59, 59, 57, 113, 112, 222, 221, 221, 390] Thread-11 4675
T0 [0, 4, 0, 2, 1, 1, 0, 0, 1, 0] [398, 59, 59, 57, 113, 112, 222, 221, 221, 390] Thread-1 4676
T6 [0, 3, 0, 2, 1, 2, 0, 0, 0, 0] [398, 59, 59, 57, 113, 112, 223, 221, 221, 390] Thread-8 4676
T7 [0, 3, 0, 2, 1, 1, 1, 0, 0, 0] [398, 59, 59, 57, 113, 112, 223, 222, 221, 390] Thread-8 4680
T8 [0, 3, 0, 2, 1, 1, 0, 0, 1, 1] [398, 59, 59, 57, 113, 112, 223, 222, 222, 390] Thread-8 4697
T9 [1, 3, 0, 2, 1, 1, 0, 0, 1, 0] [398, 59, 59, 57, 113, 112, 223, 222, 222, 391] Thread-9 4697
T0 [0, 4, 0, 2, 1, 1, 0, 0, 1, 0] [399, 59, 59, 57, 113, 112, 223, 222, 222, 391] Thread-2 4698
T6 [0, 3, 0, 2, 1, 2, 0, 0, 0, 0] [399, 59, 59, 57, 113, 112, 224, 222, 222, 391] Thread-8 4698
T5 [0, 3, 0, 2, 0, 2, 0, 1, 1, 1] [399, 59, 59, 57, 113, 113, 224, 222, 222, 391] Thread-5 4699
T4 [0, 2, 0, 2, 1, 2, 0, 0, 0, 1] [399, 59, 59, 57, 114, 113, 224, 222, 222, 391] Thread-6 4699
T9 [1, 2, 0, 2, 1, 2, 0, 0, 0, 0] [399, 59, 59, 57, 114, 113, 224, 222, 222, 392] Thread-10 4699
T0 [0, 3, 0, 2, 1, 2, 0, 0, 0, 0] [400, 59, 59, 57, 114, 113, 224, 222, 222, 392] Thread-0 4700
T7 [0, 3, 0, 2, 1, 1, 1, 0, 0, 0] [400, 59, 59, 57, 114, 113, 224, 223, 222, 392] Thread-7 4701
T8 [0, 3, 0, 2, 1, 1, 0, 0, 1, 1] [400, 59, 59, 57, 114, 113, 224, 223, 223, 392] Thread-7 4718
T9 [1, 3, 0, 2, 1, 1, 0, 0, 1, 0] [400, 59, 59, 57, 114, 113, 224, 223, 223, 393] Thread-11 4718
T0 [0, 4, 0, 2, 1, 1, 0, 0, 1, 0] [401, 59, 59, 57, 114, 113, 224, 223, 223, 393] Thread-1 4719
T6 [0, 3, 0, 2, 1, 2, 0, 0, 0, 0] [401, 59, 59, 57, 114, 113, 225, 223, 223, 393] Thread-7 4719
T7 [0, 3, 0, 2, 1, 1, 1, 0, 0, 0] [401, 59, 59, 57, 114, 113, 225, 224, 223, 393] Thread-8 4722
T3 [0, 3, 0, 1, 1, 1, 1, 1, 0, 1] [401, 59, 59, 58, 114, 113, 225, 224, 223, 393] Thread-3 4730
T9 [1, 3, 0, 1, 1, 1, 1, 1, 0, 0] [401, 59, 59, 58, 114, 113, 225, 224, 223, 394] Thread-9 4730
T0 [0, 4, 0, 1, 1, 1, 1, 1, 0, 0] [402, 59, 59, 58, 114, 113, 225, 224, 223, 394] Thread-2 4731
T1 [0, 3, 1, 1, 1, 1, 1, 0, 0, 0] [402, 60, 59, 58, 114, 113, 225, 224, 223, 394] Thread-3 4731
T8 [0, 3, 1, 1, 1, 1, 0, 0, 1, 1] [402, 60, 59, 58, 114, 113, 225, 224, 224, 394] Thread-8 4739
T9 [1, 3, 1, 1, 1, 1, 0, 0, 1, 0] [402, 60, 59, 58, 114, 113, 225, 224, 224, 395] Thread-10 4739
T0 [0, 4, 1, 1, 1, 1, 0, 0, 1, 0] [403, 60, 59, 58, 114, 113, 225, 224, 224, 395] Thread-0 4740
T5 [0, 4, 1, 1, 0, 1, 0, 1, 2, 1] [403, 60, 59, 58, 114, 114, 225, 224, 224, 395] Thread-6 4740
T4 [0, 3, 1, 1, 1, 1, 0, 0, 1, 1] [403, 60, 59, 58, 115, 114, 225, 224, 224, 395] Thread-5 4741
T9 [1, 3, 1, 1, 1, 1, 0, 0, 1, 0] [403, 60, 59, 58, 115, 114, 225, 224, 224, 396] Thread-11 4741
T0 [0, 4, 1, 1, 1, 1, 0, 0, 1, 0] [404, 60, 59, 58, 115, 114, 225, 224, 224, 396] Thread-1 4741
T6 [0, 3, 1, 1, 1, 2, 0, 0, 0, 0] [404, 60, 59, 58, 115, 114, 226, 224, 224, 396] Thread-8 4742
T2 [0, 3, 0, 2, 1, 2, 0, 0, 0, 0] [404, 60, 60, 58, 115, 114, 226, 224, 224, 396] Thread-3 4742
T7 [0, 3, 0, 2, 1, 1, 1, 0, 0, 0] [404, 60, 60, 58, 115, 114, 226, 225, 224, 396] Thread-8 4742
T8 [0, 3, 0, 2, 1, 1, 0, 0, 1, 1] [404, 60, 60, 58, 115, 114, 226, 225, 225, 396] Thread-8 4759
T9 [1, 3, 0, 2, 1, 1, 0, 0, 1, 0] [404, 60, 60, 58, 115, 114, 226, 225, 225, 397] Thread-9 4759
T0 [0, 4, 0, 2, 1, 1, 0, 0, 1, 0] [405, 60, 60, 58, 115, 114, 226, 225, 225, 397] Thread-2 4760
T6 [0, 3, 0, 2, 1, 2, 0, 0, 0, 0] [405, 60, 60, 58, 115, 114, 227, 225, 225, 397] Thread-8 4760
T7 [0, 3, 0, 2, 1, 1, 1, 0, 0, 0] [405, 60, 60, 58, 115, 114, 227, 226, 225, 397] Thread-7 4763
T5 [0, 3, 0, 2, 0, 1, 1, 1, 1, 1] [405, 60, 60, 58, 115, 115, 227, 226, 225, 397] Thread-5 4781
T4 [0, 2, 0, 2, 1, 1, 1, 0, 0, 1] [405, 60, 60, 58, 116, 115, 227, 226, 225, 397] Thread-6 4781
T9 [1, 2, 0, 2, 1, 1, 1, 0, 0, 0] [405, 60, 60, 58, 116, 115, 227, 226, 225, 398] Thread-10 4782
T0 [0, 3, 0, 2, 1, 1, 1, 0, 0, 0] [406, 60, 60, 58, 116, 115, 227, 226, 225, 398] Thread-0 4782
T8 [0, 3, 0, 2, 1, 1, 0, 0, 1, 1] [406, 60, 60, 58, 116, 115, 227, 226, 226, 398] Thread-7 4783
T9 [1, 3, 0, 2, 1, 1, 0, 0, 1, 0] [406, 60, 60, 58, 116, 115, 227, 226, 226, 399] Thread-11 4783
T0 [0, 4, 0, 2, 1, 1, 0, 0, 1, 0] [407, 60, 60, 58, 116, 115, 227, 226, 226, 399] Thread-1 4783
T6 [0, 3, 0, 2, 1, 2, 0, 0, 0, 0] [407, 60, 60, 58, 116, 115, 228, 226, 226, 399] Thread-7 4784
T7 [0, 3, 0, 2, 1, 1, 1, 0, 0, 0] [407, 60, 60, 58, 116, 115, 228, 227, 226, 399] Thread-8 4784
T8 [0, 3, 0, 2, 1, 1, 0, 0, 1, 1] [407, 60, 60, 58, 116, 115, 228, 227, 227, 399] Thread-8 4802
T9 [1, 3, 0, 2, 1, 1, 0, 0, 1, 0] [407, 60, 60, 58, 116, 115, 228, 227, 227, 400] Thread-9 4802
T0 [0, 4, 0, 2, 1, 1, 0, 0, 1, 0] [408, 60, 60, 58, 116, 115, 228, 227, 227, 400] Thread-2 4803
T6 [0, 3, 0, 2, 1, 2, 0, 0, 0, 0] [408, 60, 60, 58, 116, 115, 229, 227, 227, 400] Thread-8 4803
T7 [0, 3, 0, 2, 1, 1, 1, 0, 0, 0] [408, 60, 60, 58, 116, 115, 229, 228, 227, 400] Thread-7 4805
T3 [0, 3, 0, 1, 1, 1, 1, 1, 0, 1] [408, 60, 60, 59, 116, 115, 229, 228, 227, 400] Thread-4 4811
T9 [1, 3, 0, 1, 1, 1, 1, 1, 0, 0] [408, 60, 60, 59, 116, 115, 229, 228, 227, 401] Thread-10 4811
T0 [0, 4, 0, 1, 1, 1, 1, 1, 0, 0] [409, 60, 60, 59, 116, 115, 229, 228, 227, 401] Thread-0 4812
T1 [0, 3, 1, 1, 1, 1, 1, 0, 0, 0] [409, 61, 60, 59, 116, 115, 229, 228, 227, 401] Thread-4 4812
T8 [0, 3, 1, 1, 1, 1, 0, 0, 1, 1] [409, 61, 60, 59, 116, 115, 229, 228, 228, 401] Thread-7 4822
T9 [1, 3, 1, 1, 1, 1, 0, 0, 1, 0] [409, 61, 60, 59, 116, 115, 229, 228, 228, 402] Thread-11 4822
T0 [0, 4, 1, 1, 1, 1, 0, 0, 1, 0] [410, 61, 60, 59, 116, 115, 229, 228, 228, 402] Thread-1 4823
T5 [0, 4, 1, 1, 0, 1, 0, 1, 2, 1] [410, 61, 60, 59, 116, 116, 229, 228, 228, 402] Thread-6 4823
T4 [0, 3, 1, 1, 1, 1, 0, 0, 1, 1] [410, 61, 60, 59, 117, 116, 229, 228, 228, 402] Thread-5 4823
T9 [1, 3, 1, 1, 1, 1, 0, 0, 1, 0] [410, 61, 60, 59, 117, 116, 229, 228, 228, 403] Thread-9 4823
T0 [0, 4, 1, 1, 1, 1, 0, 0, 1, 0] [411, 61, 60, 59, 117, 116, 229, 228, 228, 403] Thread-2 4824
T6 [0, 3, 1, 1, 1, 2, 0, 0, 0, 0] [411, 61, 60, 59, 117, 116, 230, 228, 228, 403] Thread-7 4824
T2 [0, 3, 0, 2, 1, 2, 0, 0, 0, 0] [411, 61, 61, 59, 117, 116, 230, 228, 228, 403] Thread-4 4825
T7 [0, 3, 0, 2, 1, 1, 1, 0, 0, 0] [411, 61, 61, 59, 117, 116, 230, 229, 228, 403] Thread-7 4825
T8 [0, 3, 0, 2, 1, 1, 0, 0, 1, 1] [411, 61, 61, 59, 117, 116, 230, 229, 229, 403] Thread-7 4842
T9 [1, 3, 0, 2, 1, 1, 0, 0, 1, 0] [411, 61, 61, 59, 117, 116, 230, 229, 229, 404] Thread-10 4842
T0 [0, 4, 0, 2, 1, 1, 0, 0, 1, 0] [412, 61, 61, 59, 117, 116, 230, 229, 229, 404] Thread-0 4843
T6 [0, 3, 0, 2, 1, 2, 0, 0, 0, 0] [412, 61, 61, 59, 117, 116, 231, 229, 229, 404] Thread-7 4843
T7 [0, 3, 0, 2, 1, 1, 1, 0, 0, 0] [412, 61, 61, 59, 117, 116, 231, 230, 229, 404] Thread-7 4846
T8 [0, 3, 0, 2, 1, 1, 0, 0, 1, 1] [412, 61, 61, 59, 117, 116, 231, 230, 230, 404] Thread-7 4863
T9 [1, 3, 0, 2, 1, 1, 0, 0, 1, 0] [412, 61, 61, 59, 117, 116, 231, 230, 230, 405] Thread-11 4863
T0 [0, 4, 0, 2, 1, 1, 0, 0, 1, 0] [413, 61, 61, 59, 117, 116, 231, 230, 230, 405] Thread-1 4864
T6 [0, 3, 0, 2, 1, 2, 0, 0, 0, 0] [413, 61, 61, 59, 117, 116, 232, 230, 230, 405] Thread-7 4864
T5 [0, 3, 0, 2, 0, 2, 0, 1, 1, 1] [413, 61, 61, 59, 117, 117, 232, 230, 230, 405] Thread-5 4864
T4 [0, 2, 0, 2, 1, 2, 0, 0, 0, 1] [413, 61, 61, 59, 118, 117, 232, 230, 230, 405] Thread-6 4865
T9 [1, 2, 0, 2, 1, 2, 0, 0, 0, 0] [413, 61, 61, 59, 118, 117, 232, 230, 230, 406] Thread-9 4865
T0 [0, 3, 0, 2, 1, 2, 0, 0, 0, 0] [414, 61, 61, 59, 118, 117, 232, 230, 230, 406] Thread-2 4866
T7 [0, 3, 0, 2, 1, 1, 1, 0, 0, 0] [414, 61, 61, 59, 118, 117, 232, 231, 230, 406] Thread-7 4866
T8 [0, 3, 0, 2, 1, 1, 0, 0, 1, 1] [414, 61, 61, 59, 118, 117, 232, 231, 231, 406] Thread-7 4884
T9 [1, 3, 0, 2, 1, 1, 0, 0, 1, 0] [414, 61, 61, 59, 118, 117, 232, 231, 231, 407] Thread-10 4884
T0 [0, 4, 0, 2, 1, 1, 0, 0, 1, 0] [415, 61, 61, 59, 118, 117, 232, 231, 231, 407] Thread-0 4885
T6 [0, 3, 0, 2, 1, 2, 0, 0, 0, 0] [415, 61, 61, 59, 118, 117, 233, 231, 231, 407] Thread-7 4885
T7 [0, 3, 0, 2, 1, 1, 1, 0, 0, 0] [415, 61, 61, 59, 118, 117, 233, 232, 231, 407] Thread-8 4886
T3 [0, 3, 0, 1, 1, 1, 1, 1, 0, 1] [415, 61, 61, 60, 118, 117, 233, 232, 231, 407] Thread-3 4892
T9 [1, 3, 0, 1, 1, 1, 1, 1, 0, 0] [415, 61, 61, 60, 118, 117, 233, 232, 231, 408] Thread-11 4892
T0 [0, 4, 0, 1, 1, 1, 1, 1, 0, 0] [416, 61, 61, 60, 118, 117, 233, 232, 231, 408] Thread-1 4893
T1 [0, 3, 1, 1, 1, 1, 1, 0, 0, 0] [416, 62, 61, 60, 118, 117, 233, 232, 231, 408] Thread-3 4893
T8 [0, 3, 1, 1, 1, 1, 0, 0, 1, 1] [416, 62, 61, 60, 118, 117, 233, 232, 232, 408] Thread-8 4903
T9 [1, 3, 1, 1, 1, 1, 0, 0, 1, 0] [416, 62, 61, 60, 118, 117, 233, 232, 232, 409] Thread-9 4903
T0 [0, 4, 1, 1, 1, 1, 0, 0, 1, 0] [417, 62, 61, 60, 118, 117, 233, 232, 232, 409] Thread-2 4904
T6 [0, 3, 1, 1, 1, 2, 0, 0, 0, 0] [417, 62, 61, 60, 118, 117, 234, 232, 232, 409] Thread-8 4904
T2 [0, 3, 0, 2, 1, 2, 0, 0, 0, 0] [417, 62, 62, 60, 118, 117, 234, 232, 232, 409] Thread-3 4905
T5 [0, 3, 0, 2, 0, 2, 0, 1, 1, 1] [417, 62, 62, 60, 118, 118, 234, 232, 232, 409] Thread-6 4906
T4 [0, 2, 0, 2, 1, 2, 0, 0, 0, 1] [417, 62, 62, 60, 119, 118, 234, 232, 232, 409] Thread-5 4906
T9 [1, 2, 0, 2, 1, 2, 0, 0, 0, 0] [417, 62, 62, 60, 119, 118, 234, 232, 232, 410] Thread-10 4907
T0 [0, 3, 0, 2, 1, 2, 0, 0, 0, 0] [418, 62, 62, 60, 119, 118, 234, 232, 232, 410] Thread-0 4907
T7 [0, 3, 0, 2, 1, 1, 1, 0, 0, 0] [418, 62, 62, 60, 119, 118, 234, 233, 232, 410] Thread-8 4907
T8 [0, 3, 0, 2, 1, 1, 0, 0, 1, 1] [418, 62, 62, 60, 119, 118, 234, 233, 233, 410] Thread-8 4924
T9 [1, 3, 0, 2, 1, 1, 0, 0, 1, 0] [418, 62, 62, 60, 119, 118, 234, 233, 233, 411] Thread-11 4924
T0 [0, 4, 0, 2, 1, 1, 0, 0, 1, 0] [419, 62, 62, 60, 119, 118, 234, 233, 233, 411] Thread-1 4925
T6 [0, 3, 0, 2, 1, 2, 0, 0, 0, 0] [419, 62, 62, 60, 119, 118, 235, 233, 233, 411] Thread-8 4925
T7 [0, 3, 0, 2, 1, 1, 1, 0, 0, 0] [419, 62, 62, 60, 119, 118, 235, 234, 233, 411] Thread-8 4929
T8 [0, 3, 0, 2, 1, 1, 0, 0, 1, 1] [419, 62, 62, 60, 119, 118, 235, 234, 234, 411] Thread-8 4946
T9 [1, 3, 0, 2, 1, 1, 0, 0, 1, 0] [419, 62, 62, 60, 119, 118, 235, 234, 234, 412] Thread-9 4946
T0 [0, 4, 0, 2, 1, 1, 0, 0, 1, 0] [420, 62, 62, 60, 119, 118, 235, 234, 234, 412] Thread-2 4947
T6 [0, 3, 0, 2, 1, 2, 0, 0, 0, 0] [420, 62, 62, 60, 119, 118, 236, 234, 234, 412] Thread-8 4947
T5 [0, 3, 0, 2, 0, 2, 0, 1, 1, 1] [420, 62, 62, 60, 119, 119, 236, 234, 234, 412] Thread-5 4948
T4 [0, 2, 0, 2, 1, 2, 0, 0, 0, 1] [420, 62, 62, 60, 120, 119, 236, 234, 234, 412] Thread-6 4948
T9 [1, 2, 0, 2, 1, 2, 0, 0, 0, 0] [420, 62, 62, 60, 120, 119, 236, 234, 234, 413] Thread-10 4948
T0 [0, 3, 0, 2, 1, 2, 0, 0, 0, 0] [421, 62, 62, 60, 120, 119, 236, 234, 234, 413] Thread-0 4949
T7 [0, 3, 0, 2, 1, 1, 1, 0, 0, 0] [421, 62, 62, 60, 120, 119, 236, 235, 234, 413] Thread-8 4949
T8 [0, 3, 0, 2, 1, 1, 0, 0, 1, 1] [421, 62, 62, 60, 120, 119, 236, 235, 235, 413] Thread-8 4966
T9 [1, 3, 0, 2, 1, 1, 0, 0, 1, 0] [421, 62, 62, 60, 120, 119, 236, 235, 235, 414] Thread-11 4966
T0 [0, 4, 0, 2, 1, 1, 0, 0, 1, 0] [422, 62, 62, 60, 120, 119, 236, 235, 235, 414] Thread-1 4966
T6 [0, 3, 0, 2, 1, 2, 0, 0, 0, 0] [422, 62, 62, 60, 120, 119, 237, 235, 235, 414] Thread-8 4966
T7 [0, 3, 0, 2, 1, 1, 1, 0, 0, 0] [422, 62, 62, 60, 120, 119, 237, 236, 235, 414] Thread-7 4969
T3 [0, 3, 0, 1, 1, 1, 1, 1, 0, 1] [422, 62, 62, 61, 120, 119, 237, 236, 235, 414] Thread-3 4973
T9 [1, 3, 0, 1, 1, 1, 1, 1, 0, 0] [422, 62, 62, 61, 120, 119, 237, 236, 235, 415] Thread-9 4973
T0 [0, 4, 0, 1, 1, 1, 1, 1, 0, 0] [423, 62, 62, 61, 120, 119, 237, 236, 235, 415] Thread-2 4974
T1 [0, 3, 1, 1, 1, 1, 1, 0, 0, 0] [423, 63, 62, 61, 120, 119, 237, 236, 235, 415] Thread-3 4974
T2 [0, 3, 0, 2, 1, 1, 1, 0, 0, 0] [423, 63, 63, 61, 120, 119, 237, 236, 235, 415] Thread-3 4984
T8 [0, 3, 0, 2, 1, 1, 0, 0, 1, 1] [423, 63, 63, 61, 120, 119, 237, 236, 236, 415] Thread-7 4985
T9 [1, 3, 0, 2, 1, 1, 0, 0, 1, 0] [423, 63, 63, 61, 120, 119, 237, 236, 236, 416] Thread-10 4985
T0 [0, 4, 0, 2, 1, 1, 0, 0, 1, 0] [424, 63, 63, 61, 120, 119, 237, 236, 236, 416] Thread-0 4986
T6 [0, 3, 0, 2, 1, 2, 0, 0, 0, 0] [424, 63, 63, 61, 120, 119, 238, 236, 236, 416] Thread-7 4986
T7 [0, 3, 0, 2, 1, 1, 1, 0, 0, 0] [424, 63, 63, 61, 120, 119, 238, 237, 236, 416] Thread-8 4989
T5 [0, 3, 0, 2, 0, 1, 1, 1, 1, 1] [424, 63, 63, 61, 120, 120, 238, 237, 236, 416] Thread-6 4989
T4 [0, 2, 0, 2, 1, 1, 1, 0, 0, 1] [424, 63, 63, 61, 121, 120, 238, 237, 236, 416] Thread-5 4990
T9 [1, 2, 0, 2, 1, 1, 1, 0, 0, 0] [424, 63, 63, 61, 121, 120, 238, 237, 236, 417] Thread-11 4990
T0 [0, 3, 0, 2, 1, 1, 1, 0, 0, 0] [425, 63, 63, 61, 121, 120, 238, 237, 236, 417] Thread-1 4991
T8 [0, 3, 0, 2, 1, 1, 0, 0, 1, 1] [425, 63, 63, 61, 121, 120, 238, 237, 237, 417] Thread-8 5005
T9 [1, 3, 0, 2, 1, 1, 0, 0, 1, 0] [425, 63, 63, 61, 121, 120, 238, 237, 237, 418] Thread-9 5005
T0 [0, 4, 0, 2, 1, 1, 0, 0, 1, 0] [426, 63, 63, 61, 121, 120, 238, 237, 237, 418] Thread-2 5006
T6 [0, 3, 0, 2, 1, 2, 0, 0, 0, 0] [426, 63, 63, 61, 121, 120, 239, 237, 237, 418] Thread-8 5006
T7 [0, 3, 0, 2, 1, 1, 1, 0, 0, 0] [426, 63, 63, 61, 121, 120, 239, 238, 237, 418] Thread-7 5009
T8 [0, 3, 0, 2, 1, 1, 0, 0, 1, 1] [426, 63, 63, 61, 121, 120, 239, 238, 238, 418] Thread-7 5026
T9 [1, 3, 0, 2, 1, 1, 0, 0, 1, 0] [426, 63, 63, 61, 121, 120, 239, 238, 238, 419] Thread-10 5026
T0 [0, 4, 0, 2, 1, 1, 0, 0, 1, 0] [427, 63, 63, 61, 121, 120, 239, 238, 238, 419] Thread-0 5026
T6 [0, 3, 0, 2, 1, 2, 0, 0, 0, 0] [427, 63, 63, 61, 121, 120, 240, 238, 238, 419] Thread-7 5028
T5 [0, 3, 0, 2, 0, 2, 0, 1, 1, 1] [427, 63, 63, 61, 121, 121, 240, 238, 238, 419] Thread-5 5029
T4 [0, 2, 0, 2, 1, 2, 0, 0, 0, 1] [427, 63, 63, 61, 122, 121, 240, 238, 238, 419] Thread-6 5029
T9 [1, 2, 0, 2, 1, 2, 0, 0, 0, 0] [427, 63, 63, 61, 122, 121, 240, 238, 238, 420] Thread-11 5030
T0 [0, 3, 0, 2, 1, 2, 0, 0, 0, 0] [428, 63, 63, 61, 122, 121, 240, 238, 238, 420] Thread-1 5030
T7 [0, 3, 0, 2, 1, 1, 1, 0, 0, 0] [428, 63, 63, 61, 122, 121, 240, 239, 238, 420] Thread-7 5030
T8 [0, 3, 0, 2, 1, 1, 0, 0, 1, 1] [428, 63, 63, 61, 122, 121, 240, 239, 239, 420] Thread-7 5047
T9 [1, 3, 0, 2, 1, 1, 0, 0, 1, 0] [428, 63, 63, 61, 122, 121, 240, 239, 239, 421] Thread-9 5047
T0 [0, 4, 0, 2, 1, 1, 0, 0, 1, 0] [429, 63, 63, 61, 122, 121, 240, 239, 239, 421] Thread-2 5048
T6 [0, 3, 0, 2, 1, 2, 0, 0, 0, 0] [429, 63, 63, 61, 122, 121, 241, 239, 239, 421] Thread-7 5048
T7 [0, 3, 0, 2, 1, 1, 1, 0, 0, 0] [429, 63, 63, 61, 122, 121, 241, 240, 239, 421] Thread-7 5051
T3 [0, 3, 0, 1, 1, 1, 1, 1, 0, 1] [429, 63, 63, 62, 122, 121, 241, 240, 239, 421] Thread-4 5054
T9 [1, 3, 0, 1, 1, 1, 1, 1, 0, 0] [429, 63, 63, 62, 122, 121, 241, 240, 239, 422] Thread-10 5054
T0 [0, 4, 0, 1, 1, 1, 1, 1, 0, 0] [430, 63, 63, 62, 122, 121, 241, 240, 239, 422] Thread-0 5055
T1 [0, 3, 1, 1, 1, 1, 1, 0, 0, 0] [430, 64, 63, 62, 122, 121, 241, 240, 239, 422] Thread-4 5055
T2 [0, 3, 0, 2, 1, 1, 1, 0, 0, 0] [430, 64, 64, 62, 122, 121, 241, 240, 239, 422] Thread-4 5066
T8 [0, 3, 0, 2, 1, 1, 0, 0, 1, 1] [430, 64, 64, 62, 122, 121, 241, 240, 240, 422] Thread-7 5068
T9 [1, 3, 0, 2, 1, 1, 0, 0, 1, 0] [430, 64, 64, 62, 122, 121, 241, 240, 240, 423] Thread-11 5068
T0 [0, 4, 0, 2, 1, 1, 0, 0, 1, 0] [431, 64, 64, 62, 122, 121, 241, 240, 240, 423] Thread-1 5069
T6 [0, 3, 0, 2, 1, 2, 0, 0, 0, 0] [431, 64, 64, 62, 122, 121, 242, 240, 240, 423] Thread-7 5069
T5 [0, 3, 0, 2, 0, 2, 0, 1, 1, 1] [431, 64, 64, 62, 122, 122, 242, 240, 240, 423] Thread-6 5070
T4 [0, 2, 0, 2, 1, 2, 0, 0, 0, 1] [431, 64, 64, 62, 123, 122, 242, 240, 240, 423] Thread-5 5070
T9 [1, 2, 0, 2, 1, 2, 0, 0, 0, 0] [431, 64, 64, 62, 123, 122, 242, 240, 240, 424] Thread-9 5071
T0 [0, 3, 0, 2, 1, 2, 0, 0, 0, 0] [432, 64, 64, 62, 123, 122, 242, 240, 240, 424] Thread-2 5071
T7 [0, 3, 0, 2, 1, 1, 1, 0, 0, 0] [432, 64, 64, 62, 123, 122, 242, 241, 240, 424] Thread-7 5072
T8 [0, 3, 0, 2, 1, 1, 0, 0, 1, 1] [432, 64, 64, 62, 123, 122, 242, 241, 241, 424] Thread-7 5088
T9 [1, 3, 0, 2, 1, 1, 0, 0, 1, 0] [432, 64, 64, 62, 123, 122, 242, 241, 241, 425] Thread-10 5088
T0 [0, 4, 0, 2, 1, 1, 0, 0, 1, 0] [433, 64, 64, 62, 123, 122, 242, 241, 241, 425] Thread-0 5089
T6 [0, 3, 0, 2, 1, 2, 0, 0, 0, 0] [433, 64, 64, 62, 123, 122, 243, 241, 241, 425] Thread-7 5089
T7 [0, 3, 0, 2, 1, 1, 1, 0, 0, 0] [433, 64, 64, 62, 123, 122, 243, 242, 241, 425] Thread-8 5093
T8 [0, 3, 0, 2, 1, 1, 0, 0, 1, 1] [433, 64, 64, 62, 123, 122, 243, 242, 242, 425] Thread-8 5110
T9 [1, 3, 0, 2, 1, 1, 0, 0, 1, 0] [433, 64, 64, 62, 123, 122, 243, 242, 242, 426] Thread-11 5110
T0 [0, 4, 0, 2, 1, 1, 0, 0, 1, 0] [434, 64, 64, 62, 123, 122, 243, 242, 242, 426] Thread-1 5111
T6 [0, 3, 0, 2, 1, 2, 0, 0, 0, 0] [434, 64, 64, 62, 123, 122, 244, 242, 242, 426] Thread-8 5111
T5 [0, 3, 0, 2, 0, 2, 0, 1, 1, 1] [434, 64, 64, 62, 123, 123, 244, 242, 242, 426] Thread-5 5112
T4 [0, 2, 0, 2, 1, 2, 0, 0, 0, 1] [434, 64, 64, 62, 124, 123, 244, 242, 242, 426] Thread-6 5112
T9 [1, 2, 0, 2, 1, 2, 0, 0, 0, 0] [434, 64, 64, 62, 124, 123, 244, 242, 242, 427] Thread-9 5112
T0 [0, 3, 0, 2, 1, 2, 0, 0, 0, 0] [435, 64, 64, 62, 124, 123, 244, 242, 242, 427] Thread-2 5113
T7 [0, 3, 0, 2, 1, 1, 1, 0, 0, 0] [435, 64, 64, 62, 124, 123, 244, 243, 242, 427] Thread-8 5113
T8 [0, 3, 0, 2, 1, 1, 0, 0, 1, 1] [435, 64, 64, 62, 124, 123, 244, 243, 243, 427] Thread-8 5130
T9 [1, 3, 0, 2, 1, 1, 0, 0, 1, 0] [435, 64, 64, 62, 124, 123, 244, 243, 243, 428] Thread-10 5130
T0 [0, 4, 0, 2, 1, 1, 0, 0, 1, 0] [436, 64, 64, 62, 124, 123, 244, 243, 243, 428] Thread-0 5130
T6 [0, 3, 0, 2, 1, 2, 0, 0, 0, 0] [436, 64, 64, 62, 124, 123, 245, 243, 243, 428] Thread-8 5131
T7 [0, 3, 0, 2, 1, 1, 1, 0, 0, 0] [436, 64, 64, 62, 124, 123, 245, 244, 243, 428] Thread-7 5133
T3 [0, 3, 0, 1, 1, 1, 1, 1, 0, 1] [436, 64, 64, 63, 124, 123, 245, 244, 243, 428] Thread-3 5134
T9 [1, 3, 0, 1, 1, 1, 1, 1, 0, 0] [436, 64, 64, 63, 124, 123, 245, 244, 243, 429] Thread-11 5134
T0 [0, 4, 0, 1, 1, 1, 1, 1, 0, 0] [437, 64, 64, 63, 124, 123, 245, 244, 243, 429] Thread-1 5135
T1 [0, 3, 1, 1, 1, 1, 1, 0, 0, 0] [437, 65, 64, 63, 124, 123, 245, 244, 243, 429] Thread-3 5135
T2 [0, 3, 0, 2, 1, 1, 1, 0, 0, 0] [437, 65, 65, 63, 124, 123, 245, 244, 243, 429] Thread-3 5146
T8 [0, 3, 0, 2, 1, 1, 0, 0, 1, 1] [437, 65, 65, 63, 124, 123, 245, 244, 244, 429] Thread-7 5151
T9 [1, 3, 0, 2, 1, 1, 0, 0, 1, 0] [437, 65, 65, 63, 124, 123, 245, 244, 244, 430] Thread-9 5151
T0 [0, 4, 0, 2, 1, 1, 0, 0, 1, 0] [438, 65, 65, 63, 124, 123, 245, 244, 244, 430] Thread-2 5151
T6 [0, 3, 0, 2, 1, 2, 0, 0, 0, 0] [438, 65, 65, 63, 124, 123, 246, 244, 244, 430] Thread-7 5152
T5 [0, 3, 0, 2, 0, 2, 0, 1, 1, 1] [438, 65, 65, 63, 124, 124, 246, 244, 244, 430] Thread-6 5153
T4 [0, 2, 0, 2, 1, 2, 0, 0, 0, 1] [438, 65, 65, 63, 125, 124, 246, 244, 244, 430] Thread-5 5153
T9 [1, 2, 0, 2, 1, 2, 0, 0, 0, 0] [438, 65, 65, 63, 125, 124, 246, 244, 244, 431] Thread-10 5153
T0 [0, 3, 0, 2, 1, 2, 0, 0, 0, 0] [439, 65, 65, 63, 125, 124, 246, 244, 244, 431] Thread-0 5154
T7 [0, 3, 0, 2, 1, 1, 1, 0, 0, 0] [439, 65, 65, 63, 125, 124, 246, 245, 244, 431] Thread-7 5154
T8 [0, 3, 0, 2, 1, 1, 0, 0, 1, 1] [439, 65, 65, 63, 125, 124, 246, 245, 245, 431] Thread-7 5172
T9 [1, 3, 0, 2, 1, 1, 0, 0, 1, 0] [439, 65, 65, 63, 125, 124, 246, 245, 245, 432] Thread-11 5172
T0 [0, 4, 0, 2, 1, 1, 0, 0, 1, 0] [440, 65, 65, 63, 125, 124, 246, 245, 245, 432] Thread-1 5173
T6 [0, 3, 0, 2, 1, 2, 0, 0, 0, 0] [440, 65, 65, 63, 125, 124, 247, 245, 245, 432] Thread-7 5173
T7 [0, 3, 0, 2, 1, 1, 1, 0, 0, 0] [440, 65, 65, 63, 125, 124, 247, 246, 245, 432] Thread-7 5175
T8 [0, 3, 0, 2, 1, 1, 0, 0, 1, 1] [440, 65, 65, 63, 125, 124, 247, 246, 246, 432] Thread-7 5192
T9 [1, 3, 0, 2, 1, 1, 0, 0, 1, 0] [440, 65, 65, 63, 125, 124, 247, 246, 246, 433] Thread-9 5192
T0 [0, 4, 0, 2, 1, 1, 0, 0, 1, 0] [441, 65, 65, 63, 125, 124, 247, 246, 246, 433] Thread-2 5193
T6 [0, 3, 0, 2, 1, 2, 0, 0, 0, 0] [441, 65, 65, 63, 125, 124, 248, 246, 246, 433] Thread-7 5193
T5 [0, 3, 0, 2, 0, 2, 0, 1, 1, 1] [441, 65, 65, 63, 125, 125, 248, 246, 246, 433] Thread-5 5194
T4 [0, 2, 0, 2, 1, 2, 0, 0, 0, 1] [441, 65, 65, 63, 126, 125, 248, 246, 246, 433] Thread-6 5194
T9 [1, 2, 0, 2, 1, 2, 0, 0, 0, 0] [441, 65, 65, 63, 126, 125, 248, 246, 246, 434] Thread-10 5195
T0 [0, 3, 0, 2, 1, 2, 0, 0, 0, 0] [442, 65, 65, 63, 126, 125, 248, 246, 246, 434] Thread-0 5195
T7 [0, 3, 0, 2, 1, 1, 1, 0, 0, 0] [442, 65, 65, 63, 126, 125, 248, 247, 246, 434] Thread-7 5196
T8 [0, 3, 0, 2, 1, 1, 0, 0, 1, 1] [442, 65, 65, 63, 126, 125, 248, 247, 247, 434] Thread-7 5213
T9 [1, 3, 0, 2, 1, 1, 0, 0, 1, 0] [442, 65, 65, 63, 126, 125, 248, 247, 247, 435] Thread-11 5213
T0 [0, 4, 0, 2, 1, 1, 0, 0, 1, 0] [443, 65, 65, 63, 126, 125, 248, 247, 247, 435] Thread-1 5214
T6 [0, 3, 0, 2, 1, 2, 0, 0, 0, 0] [443, 65, 65, 63, 126, 125, 249, 247, 247, 435] Thread-7 5214
T3 [0, 3, 0, 1, 1, 2, 0, 1, 0, 1] [443, 65, 65, 64, 126, 125, 249, 247, 247, 435] Thread-3 5215
T9 [1, 3, 0, 1, 1, 2, 0, 1, 0, 0] [443, 65, 65, 64, 126, 125, 249, 247, 247, 436] Thread-9 5215
T0 [0, 4, 0, 1, 1, 2, 0, 1, 0, 0] [444, 65, 65, 64, 126, 125, 249, 247, 247, 436] Thread-2 5216
T1 [0, 3, 1, 1, 1, 2, 0, 0, 0, 0] [444, 66, 65, 64, 126, 125, 249, 247, 247, 436] Thread-3 5216
T7 [0, 3, 1, 1, 1, 1, 1, 0, 0, 0] [444, 66, 65, 64, 126, 125, 249, 248, 247, 436] Thread-7 5217
T2 [0, 3, 0, 2, 1, 1, 1, 0, 0, 0] [444, 66, 66, 64, 126, 125, 249, 248, 247, 436] Thread-3 5227
T8 [0, 3, 0, 2, 1, 1, 0, 0, 1, 1] [444, 66, 66, 64, 126, 125, 249, 248, 248, 436] Thread-7 5234
T9 [1, 3, 0, 2, 1, 1, 0, 0, 1, 0] [444, 66, 66, 64, 126, 125, 249, 248, 248, 437] Thread-10 5234
T0 [0, 4, 0, 2, 1, 1, 0, 0, 1, 0] [445, 66, 66, 64, 126, 125, 249, 248, 248, 437] Thread-0 5235
T6 [0, 3, 0, 2, 1, 2, 0, 0, 0, 0] [445, 66, 66, 64, 126, 125, 250, 248, 248, 437] Thread-7 5235
T5 [0, 3, 0, 2, 0, 2, 0, 1, 1, 1] [445, 66, 66, 64, 126, 126, 250, 248, 248, 437] Thread-6 5235
T4 [0, 2, 0, 2, 1, 2, 0, 0, 0, 1] [445, 66, 66, 64, 127, 126, 250, 248, 248, 437] Thread-5 5236
T9 [1, 2, 0, 2, 1, 2, 0, 0, 0, 0] [445, 66, 66, 64, 127, 126, 250, 248, 248, 438] Thread-11 5236
T0 [0, 3, 0, 2, 1, 2, 0, 0, 0, 0] [446, 66, 66, 64, 127, 126, 250, 248, 248, 438] Thread-1 5237
T7 [0, 3, 0, 2, 1, 1, 1, 0, 0, 0] [446, 66, 66, 64, 127, 126, 250, 249, 248, 438] Thread-7 5237
T8 [0, 3, 0, 2, 1, 1, 0, 0, 1, 1] [446, 66, 66, 64, 127, 126, 250, 249, 249, 438] Thread-7 5253
T9 [1, 3, 0, 2, 1, 1, 0, 0, 1, 0] [446, 66, 66, 64, 127, 126, 250, 249, 249, 439] Thread-9 5253
T0 [0, 4, 0, 2, 1, 1, 0, 0, 1, 0] [447, 66, 66, 64, 127, 126, 250, 249, 249, 439] Thread-2 5254
T6 [0, 3, 0, 2, 1, 2, 0, 0, 0, 0] [447, 66, 66, 64, 127, 126, 251, 249, 249, 439] Thread-7 5254
T7 [0, 3, 0, 2, 1, 1, 1, 0, 0, 0] [447, 66, 66, 64, 127, 126, 251, 250, 249, 439] Thread-8 5258
T8 [0, 3, 0, 2, 1, 1, 0, 0, 1, 1] [447, 66, 66, 64, 127, 126, 251, 250, 250, 439] Thread-8 5275
T9 [1, 3, 0, 2, 1, 1, 0, 0, 1, 0] [447, 66, 66, 64, 127, 126, 251, 250, 250, 440] Thread-10 5275
T0 [0, 4, 0, 2, 1, 1, 0, 0, 1, 0] [448, 66, 66, 64, 127, 126, 251, 250, 250, 440] Thread-0 5276
T6 [0, 3, 0, 2, 1, 2, 0, 0, 0, 0] [448, 66, 66, 64, 127, 126, 252, 250, 250, 440] Thread-8 5276
T5 [0, 3, 0, 2, 0, 2, 0, 1, 1, 1] [448, 66, 66, 64, 127, 127, 252, 250, 250, 440] Thread-5 5277
T4 [0, 2, 0, 2, 1, 2, 0, 0, 0, 1] [448, 66, 66, 64, 128, 127, 252, 250, 250, 440] Thread-6 5277
T9 [1, 2, 0, 2, 1, 2, 0, 0, 0, 0] [448, 66, 66, 64, 128, 127, 252, 250, 250, 441] Thread-11 5277
T0 [0, 3, 0, 2, 1, 2, 0, 0, 0, 0] [449, 66, 66, 64, 128, 127, 252, 250, 250, 441] Thread-1 5278
T7 [0, 3, 0, 2, 1, 1, 1, 0, 0, 0] [449, 66, 66, 64, 128, 127, 252, 251, 250, 441] Thread-7 5278
T3 [0, 3, 0, 1, 1, 1, 1, 1, 0, 1] [449, 66, 66, 65, 128, 127, 252, 251, 250, 441] Thread-4 5296
T9 [1, 3, 0, 1, 1, 1, 1, 1, 0, 0] [449, 66, 66, 65, 128, 127, 252, 251, 250, 442] Thread-9 5296
T0 [0, 4, 0, 1, 1, 1, 1, 1, 0, 0] [450, 66, 66, 65, 128, 127, 252, 251, 250, 442] Thread-2 5297
T8 [0, 4, 0, 1, 1, 1, 0, 1, 1, 1] [450, 66, 66, 65, 128, 127, 252, 251, 251, 442] Thread-7 5297
T4 [0, 3, 0, 1, 2, 1, 0, 0, 0, 1] [450, 66, 66, 65, 129, 127, 252, 251, 251, 442] Thread-5 5298
T9 [1, 3, 0, 1, 2, 1, 0, 0, 0, 0] [450, 66, 66, 65, 129, 127, 252, 251, 251, 443] Thread-10 5298
T0 [0, 4, 0, 1, 2, 1, 0, 0, 0, 0] [451, 66, 66, 65, 129, 127, 252, 251, 251, 443] Thread-0 5298
T7 [0, 4, 0, 1, 2, 0, 1, 0, 0, 0] [451, 66, 66, 65, 129, 127, 252, 252, 251, 443] Thread-8 5299
T8 [0, 4, 0, 1, 2, 0, 0, 0, 1, 1] [451, 66, 66, 65, 129, 127, 252, 252, 252, 443] Thread-8 5315
T6 [0, 3, 0, 1, 2, 1, 0, 0, 0, 1] [451, 66, 66, 65, 129, 127, 253, 252, 252, 443] Thread-7 5315
T9 [1, 3, 0, 1, 2, 1, 0, 0, 0, 0] [451, 66, 66, 65, 129, 127, 253, 252, 252, 444] Thread-11 5315
T0 [0, 4, 0, 1, 2, 1, 0, 0, 0, 0] [452, 66, 66, 65, 129, 127, 253, 252, 252, 444] Thread-1 5317
T5 [0, 4, 0, 1, 1, 1, 0, 1, 1, 1] [452, 66, 66, 65, 129, 128, 253, 252, 252, 444] Thread-6 5318
T6 [0, 3, 0, 1, 1, 2, 0, 1, 0, 1] [452, 66, 66, 65, 129, 128, 254, 252, 252, 444] Thread-8 5318
T1 [0, 2, 1, 1, 1, 2, 0, 0, 0, 1] [452, 67, 66, 65, 129, 128, 254, 252, 252, 444] Thread-4 5319
T9 [1, 2, 1, 1, 1, 2, 0, 0, 0, 0] [452, 67, 66, 65, 129, 128, 254, 252, 252, 445] Thread-9 5319
T0 [0, 3, 1, 1, 1, 2, 0, 0, 0, 0] [453, 67, 66, 65, 129, 128, 254, 252, 252, 445] Thread-2 5319
T2 [0, 3, 0, 2, 1, 2, 0, 0, 0, 0] [453, 67, 67, 65, 129, 128, 254, 252, 252, 445] Thread-4 5329
T7 [0, 3, 0, 2, 1, 1, 1, 0, 0, 0] [453, 67, 67, 65, 129, 128, 254, 253, 252, 445] Thread-8 5336
T8 [0, 3, 0, 2, 1, 1, 0, 0, 1, 1] [453, 67, 67, 65, 129, 128, 254, 253, 253, 445] Thread-8 5353
T9 [1, 3, 0, 2, 1, 1, 0, 0, 1, 0] [453, 67, 67, 65, 129, 128, 254, 253, 253, 446] Thread-10 5353
T0 [0, 4, 0, 2, 1, 1, 0, 0, 1, 0] [454, 67, 67, 65, 129, 128, 254, 253, 253, 446] Thread-0 5354
T6 [0, 3, 0, 2, 1, 2, 0, 0, 0, 0] [454, 67, 67, 65, 129, 128, 255, 253, 253, 446] Thread-8 5354
T7 [0, 3, 0, 2, 1, 1, 1, 0, 0, 0] [454, 67, 67, 65, 129, 128, 255, 254, 253, 446] Thread-8 5357
T5 [0, 3, 0, 2, 0, 1, 1, 1, 1, 1] [454, 67, 67, 65, 129, 129, 255, 254, 253, 446] Thread-5 5359
T4 [0, 2, 0, 2, 1, 1, 1, 0, 0, 1] [454, 67, 67, 65, 130, 129, 255, 254, 253, 446] Thread-6 5359
T9 [1, 2, 0, 2, 1, 1, 1, 0, 0, 0] [454, 67, 67, 65, 130, 129, 255, 254, 253, 447] Thread-11 5360
T0 [0, 3, 0, 2, 1, 1, 1, 0, 0, 0] [455, 67, 67, 65, 130, 129, 255, 254, 253, 447] Thread-1 5360
T8 [0, 3, 0, 2, 1, 1, 0, 0, 1, 1] [455, 67, 67, 65, 130, 129, 255, 254, 254, 447] Thread-8 5373
T9 [1, 3, 0, 2, 1, 1, 0, 0, 1, 0] [455, 67, 67, 65, 130, 129, 255, 254, 254, 448] Thread-9 5373
T0 [0, 4, 0, 2, 1, 1, 0, 0, 1, 0] [456, 67, 67, 65, 130, 129, 255, 254, 254, 448] Thread-2 5374
T6 [0, 3, 0, 2, 1, 2, 0, 0, 0, 0] [456, 67, 67, 65, 130, 129, 256, 254, 254, 448] Thread-8 5374
T3 [0, 3, 0, 1, 1, 2, 0, 1, 0, 1] [456, 67, 67, 66, 130, 129, 256, 254, 254, 448] Thread-3 5376
T9 [1, 3, 0, 1, 1, 2, 0, 1, 0, 0] [456, 67, 67, 66, 130, 129, 256, 254, 254, 449] Thread-10 5376
T0 [0, 4, 0, 1, 1, 2, 0, 1, 0, 0] [457, 67, 67, 66, 130, 129, 256, 254, 254, 449] Thread-0 5377
T1 [0, 3, 1, 1, 1, 2, 0, 0, 0, 0] [457, 68, 67, 66, 130, 129, 256, 254, 254, 449] Thread-3 5377
T7 [0, 3, 1, 1, 1, 1, 1, 0, 0, 0] [457, 68, 67, 66, 130, 129, 256, 255, 254, 449] Thread-7 5378
T2 [0, 3, 0, 2, 1, 1, 1, 0, 0, 0] [457, 68, 68, 66, 130, 129, 256, 255, 254, 449] Thread-3 5388
T8 [0, 3, 0, 2, 1, 1, 0, 0, 1, 1] [457, 68, 68, 66, 130, 129, 256, 255, 255, 449] Thread-7 5395
T9 [1, 3, 0, 2, 1, 1, 0, 0, 1, 0] [457, 68, 68, 66, 130, 129, 256, 255, 255, 450] Thread-11 5395
T0 [0, 4, 0, 2, 1, 1, 0, 0, 1, 0] [458, 68, 68, 66, 130, 129, 256, 255, 255, 450] Thread-1 5396
T6 [0, 3, 0, 2, 1, 2, 0, 0, 0, 0] [458, 68, 68, 66, 130, 129, 257, 255, 255, 450] Thread-7 5396
T7 [0, 3, 0, 2, 1, 1, 1, 0, 0, 0] [458, 68, 68, 66, 130, 129, 257, 256, 255, 450] Thread-7 5397
T5 [0, 3, 0, 2, 0, 1, 1, 1, 1, 1] [458, 68, 68, 66, 130, 130, 257, 256, 255, 450] Thread-6 5400
T4 [0, 2, 0, 2, 1, 1, 1, 0, 0, 1] [458, 68, 68, 66, 131, 130, 257, 256, 255, 450] Thread-5 5400
T9 [1, 2, 0, 2, 1, 1, 1, 0, 0, 0] [458, 68, 68, 66, 131, 130, 257, 256, 255, 451] Thread-9 5401
T0 [0, 3, 0, 2, 1, 1, 1, 0, 0, 0] [459, 68, 68, 66, 131, 130, 257, 256, 255, 451] Thread-2 5401
T8 [0, 3, 0, 2, 1, 1, 0, 0, 1, 1] [459, 68, 68, 66, 131, 130, 257, 256, 256, 451] Thread-7 5414
T9 [1, 3, 0, 2, 1, 1, 0, 0, 1, 0] [459, 68, 68, 66, 131, 130, 257, 256, 256, 452] Thread-10 5414
T0 [0, 4, 0, 2, 1, 1, 0, 0, 1, 0] [460, 68, 68, 66, 131, 130, 257, 256, 256, 452] Thread-0 5415
T6 [0, 3, 0, 2, 1, 2, 0, 0, 0, 0] [460, 68, 68, 66, 131, 130, 258, 256, 256, 452] Thread-7 5415
T7 [0, 3, 0, 2, 1, 1, 1, 0, 0, 0] [460, 68, 68, 66, 131, 130, 258, 257, 256, 452] Thread-8 5417
T8 [0, 3, 0, 2, 1, 1, 0, 0, 1, 1] [460, 68, 68, 66, 131, 130, 258, 257, 257, 452] Thread-8 5433
T9 [1, 3, 0, 2, 1, 1, 0, 0, 1, 0] [460, 68, 68, 66, 131, 130, 258, 257, 257, 453] Thread-11 5433
T0 [0, 4, 0, 2, 1, 1, 0, 0, 1, 0] [461, 68, 68, 66, 131, 130, 258, 257, 257, 453] Thread-1 5434
T6 [0, 3, 0, 2, 1, 2, 0, 0, 0, 0] [461, 68, 68, 66, 131, 130, 259, 257, 257, 453] Thread-8 5434
T7 [0, 3, 0, 2, 1, 1, 1, 0, 0, 0] [461, 68, 68, 66, 131, 130, 259, 258, 257, 453] Thread-7 5437
T5 [0, 3, 0, 2, 0, 1, 1, 1, 1, 1] [461, 68, 68, 66, 131, 131, 259, 258, 257, 453] Thread-5 5440
T4 [0, 2, 0, 2, 1, 1, 1, 0, 0, 1] [461, 68, 68, 66, 132, 131, 259, 258, 257, 453] Thread-6 5440
T9 [1, 2, 0, 2, 1, 1, 1, 0, 0, 0] [461, 68, 68, 66, 132, 131, 259, 258, 257, 454] Thread-9 5441
T0 [0, 3, 0, 2, 1, 1, 1, 0, 0, 0] [462, 68, 68, 66, 132, 131, 259, 258, 257, 454] Thread-2 5441
T8 [0, 3, 0, 2, 1, 1, 0, 0, 1, 1] [462, 68, 68, 66, 132, 131, 259, 258, 258, 454] Thread-7 5454
T9 [1, 3, 0, 2, 1, 1, 0, 0, 1, 0] [462, 68, 68, 66, 132, 131, 259, 258, 258, 455] Thread-10 5454
T0 [0, 4, 0, 2, 1, 1, 0, 0, 1, 0] [463, 68, 68, 66, 132, 131, 259, 258, 258, 455] Thread-0 5455
T6 [0, 3, 0, 2, 1, 2, 0, 0, 0, 0] [463, 68, 68, 66, 132, 131, 260, 258, 258, 455] Thread-7 5455
T3 [0, 3, 0, 1, 1, 2, 0, 1, 0, 1] [463, 68, 68, 67, 132, 131, 260, 258, 258, 455] Thread-3 5457
T9 [1, 3, 0, 1, 1, 2, 0, 1, 0, 0] [463, 68, 68, 67, 132, 131, 260, 258, 258, 456] Thread-11 5457
T0 [0, 4, 0, 1, 1, 2, 0, 1, 0, 0] [464, 68, 68, 67, 132, 131, 260, 258, 258, 456] Thread-1 5458
T1 [0, 3, 1, 1, 1, 2, 0, 0, 0, 0] [464, 69, 68, 67, 132, 131, 260, 258, 258, 456] Thread-3 5458
T7 [0, 3, 1, 1, 1, 1, 1, 0, 0, 0] [464, 69, 68, 67, 132, 131, 260, 259, 258, 456] Thread-7 5458
T2 [0, 3, 0, 2, 1, 1, 1, 0, 0, 0] [464, 69, 69, 67, 132, 131, 260, 259, 258, 456] Thread-3 5469
T8 [0, 3, 0, 2, 1, 1, 0, 0, 1, 1] [464, 69, 69, 67, 132, 131, 260, 259, 259, 456] Thread-7 5475
T9 [1, 3, 0, 2, 1, 1, 0, 0, 1, 0] [464, 69, 69, 67, 132, 131, 260, 259, 259, 457] Thread-9 5475
T0 [0, 4, 0, 2, 1, 1, 0, 0, 1, 0] [465, 69, 69, 67, 132, 131, 260, 259, 259, 457] Thread-2 5476
T6 [0, 3, 0, 2, 1, 2, 0, 0, 0, 0] [465, 69, 69, 67, 132, 131, 261, 259, 259, 457] Thread-7 5476
T7 [0, 3, 0, 2, 1, 1, 1, 0, 0, 0] [465, 69, 69, 67, 132, 131, 261, 260, 259, 457] Thread-7 5479
T5 [0, 3, 0, 2, 0, 1, 1, 1, 1, 1] [465, 69, 69, 67, 132, 132, 261, 260, 259, 457] Thread-6 5482
T4 [0, 2, 0, 2, 1, 1, 1, 0, 0, 1] [465, 69, 69, 67, 133, 132, 261, 260, 259, 457] Thread-5 5482
T9 [1, 2, 0, 2, 1, 1, 1, 0, 0, 0] [465, 69, 69, 67, 133, 132, 261, 260, 259, 458] Thread-10 5483
T0 [0, 3, 0, 2, 1, 1, 1, 0, 0, 0] [466, 69, 69, 67, 133, 132, 261, 260, 259, 458] Thread-0 5483
T8 [0, 3, 0, 2, 1, 1, 0, 0, 1, 1] [466, 69, 69, 67, 133, 132, 261, 260, 260, 458] Thread-7 5496
T9 [1, 3, 0, 2, 1, 1, 0, 0, 1, 0] [466, 69, 69, 67, 133, 132, 261, 260, 260, 459] Thread-11 5496
T0 [0, 4, 0, 2, 1, 1, 0, 0, 1, 0] [467, 69, 69, 67, 133, 132, 261, 260, 260, 459] Thread-1 5497
T6 [0, 3, 0, 2, 1, 2, 0, 0, 0, 0] [467, 69, 69, 67, 133, 132, 262, 260, 260, 459] Thread-7 5497
T7 [0, 3, 0, 2, 1, 1, 1, 0, 0, 0] [467, 69, 69, 67, 133, 132, 262, 261, 260, 459] Thread-7 5500
T8 [0, 3, 0, 2, 1, 1, 0, 0, 1, 1] [467, 69, 69, 67, 133, 132, 262, 261, 261, 459] Thread-7 5517
T9 [1, 3, 0, 2, 1, 1, 0, 0, 1, 0] [467, 69, 69, 67, 133, 132, 262, 261, 261, 460] Thread-9 5517
T0 [0, 4, 0, 2, 1, 1, 0, 0, 1, 0] [468, 69, 69, 67, 133, 132, 262, 261, 261, 460] Thread-2 5518
T6 [0, 3, 0, 2, 1, 2, 0, 0, 0, 0] [468, 69, 69, 67, 133, 132, 263, 261, 261, 460] Thread-7 5518
T7 [0, 3, 0, 2, 1, 1, 1, 0, 0, 0] [468, 69, 69, 67, 133, 132, 263, 262, 261, 460] Thread-7 5522
T5 [0, 3, 0, 2, 0, 1, 1, 1, 1, 1] [468, 69, 69, 67, 133, 133, 263, 262, 261, 460] Thread-5 5523
T4 [0, 2, 0, 2, 1, 1, 1, 0, 0, 1] [468, 69, 69, 67, 134, 133, 263, 262, 261, 460] Thread-6 5523
T9 [1, 2, 0, 2, 1, 1, 1, 0, 0, 0] [468, 69, 69, 67, 134, 133, 263, 262, 261, 461] Thread-10 5524
T0 [0, 3, 0, 2, 1, 1, 1, 0, 0, 0] [469, 69, 69, 67, 134, 133, 263, 262, 261, 461] Thread-0 5524
T8 [0, 3, 0, 2, 1, 1, 0, 0, 1, 1] [469, 69, 69, 67, 134, 133, 263, 262, 262, 461] Thread-7 5538
T9 [1, 3, 0, 2, 1, 1, 0, 0, 1, 0] [469, 69, 69, 67, 134, 133, 263, 262, 262, 462] Thread-11 5538
T0 [0, 4, 0, 2, 1, 1, 0, 0, 1, 0] [470, 69, 69, 67, 134, 133, 263, 262, 262, 462] Thread-1 5539
T3 [0, 4, 0, 1, 1, 1, 0, 1, 1, 1] [470, 69, 69, 68, 134, 133, 263, 262, 262, 462] Thread-3 5539
T4 [0, 3, 0, 1, 2, 1, 0, 0, 0, 1] [470, 69, 69, 68, 135, 133, 263, 262, 262, 462] Thread-5 5540
T9 [1, 3, 0, 1, 2, 1, 0, 0, 0, 0] [470, 69, 69, 68, 135, 133, 263, 262, 262, 463] Thread-9 5540
T0 [0, 4, 0, 1, 2, 1, 0, 0, 0, 0] [471, 69, 69, 68, 135, 133, 263, 262, 262, 463] Thread-2 5540
T7 [0, 4, 0, 1, 2, 0, 1, 0, 0, 0] [471, 69, 69, 68, 135, 133, 263, 263, 262, 463] Thread-8 5542
T8 [0, 4, 0, 1, 2, 0, 0, 0, 1, 1] [471, 69, 69, 68, 135, 133, 263, 263, 263, 463] Thread-8 5560
T6 [0, 3, 0, 1, 2, 1, 0, 0, 0, 1] [471, 69, 69, 68, 135, 133, 264, 263, 263, 463] Thread-7 5560
T9 [1, 3, 0, 1, 2, 1, 0, 0, 0, 0] [471, 69, 69, 68, 135, 133, 264, 263, 263, 464] Thread-10 5560
T0 [0, 4, 0, 1, 2, 1, 0, 0, 0, 0] [472, 69, 69, 68, 135, 133, 264, 263, 263, 464] Thread-0 5561
T5 [0, 4, 0, 1, 1, 1, 0, 1, 1, 1] [472, 69, 69, 68, 135, 134, 264, 263, 263, 464] Thread-6 5564
T9 [1, 4, 0, 1, 1, 1, 0, 1, 1, 0] [472, 69, 69, 68, 135, 134, 264, 263, 263, 465] Thread-11 5564
T1 [1, 3, 1, 1, 1, 1, 0, 0, 1, 0] [472, 70, 69, 68, 135, 134, 264, 263, 263, 465] Thread-3 5565
T6 [1, 2, 1, 1, 1, 2, 0, 0, 0, 0] [472, 70, 69, 68, 135, 134, 265, 263, 263, 465] Thread-8 5565
T0 [0, 3, 1, 1, 1, 2, 0, 0, 0, 0] [473, 70, 69, 68, 135, 134, 265, 263, 263, 465] Thread-1 5565
T2 [0, 3, 0, 2, 1, 2, 0, 0, 0, 0] [473, 70, 70, 68, 135, 134, 265, 263, 263, 465] Thread-3 5575
T7 [0, 3, 0, 2, 1, 1, 1, 0, 0, 0] [473, 70, 70, 68, 135, 134, 265, 264, 263, 465] Thread-8 5580
T8 [0, 3, 0, 2, 1, 1, 0, 0, 1, 1] [473, 70, 70, 68, 135, 134, 265, 264, 264, 465] Thread-8 5597
T9 [1, 3, 0, 2, 1, 1, 0, 0, 1, 0] [473, 70, 70, 68, 135, 134, 265, 264, 264, 466] Thread-9 5597
T0 [0, 4, 0, 2, 1, 1, 0, 0, 1, 0] [474, 70, 70, 68, 135, 134, 265, 264, 264, 466] Thread-2 5598
T6 [0, 3, 0, 2, 1, 2, 0, 0, 0, 0] [474, 70, 70, 68, 135, 134, 266, 264, 264, 466] Thread-8 5598
T7 [0, 3, 0, 2, 1, 1, 1, 0, 0, 0] [474, 70, 70, 68, 135, 134, 266, 265, 264, 466] Thread-8 5601
T5 [0, 3, 0, 2, 0, 1, 1, 1, 1, 1] [474, 70, 70, 68, 135, 135, 266, 265, 264, 466] Thread-5 5605
T4 [0, 2, 0, 2, 1, 1, 1, 0, 0, 1] [474, 70, 70, 68, 136, 135, 266, 265, 264, 466] Thread-6 5605
T9 [1, 2, 0, 2, 1, 1, 1, 0, 0, 0] [474, 70, 70, 68, 136, 135, 266, 265, 264, 467] Thread-10 5606
T0 [0, 3, 0, 2, 1, 1, 1, 0, 0, 0] [475, 70, 70, 68, 136, 135, 266, 265, 264, 467] Thread-0 5606
T8 [0, 3, 0, 2, 1, 1, 0, 0, 1, 1] [475, 70, 70, 68, 136, 135, 266, 265, 265, 467] Thread-8 5618
T9 [1, 3, 0, 2, 1, 1, 0, 0, 1, 0] [475, 70, 70, 68, 136, 135, 266, 265, 265, 468] Thread-11 5618
T0 [0, 4, 0, 2, 1, 1, 0, 0, 1, 0] [476, 70, 70, 68, 136, 135, 266, 265, 265, 468] Thread-1 5619
T6 [0, 3, 0, 2, 1, 2, 0, 0, 0, 0] [476, 70, 70, 68, 136, 135, 267, 265, 265, 468] Thread-8 5619
T3 [0, 3, 0, 1, 1, 2, 0, 1, 0, 1] [476, 70, 70, 69, 136, 135, 267, 265, 265, 468] Thread-3 5620
T9 [1, 3, 0, 1, 1, 2, 0, 1, 0, 0] [476, 70, 70, 69, 136, 135, 267, 265, 265, 469] Thread-9 5620
T0 [0, 4, 0, 1, 1, 2, 0, 1, 0, 0] [477, 70, 70, 69, 136, 135, 267, 265, 265, 469] Thread-2 5621
T1 [0, 3, 1, 1, 1, 2, 0, 0, 0, 0] [477, 71, 70, 69, 136, 135, 267, 265, 265, 469] Thread-3 5621
T7 [0, 3, 1, 1, 1, 1, 1, 0, 0, 0] [477, 71, 70, 69, 136, 135, 267, 266, 265, 469] Thread-7 5621
T2 [0, 3, 0, 2, 1, 1, 1, 0, 0, 0] [477, 71, 71, 69, 136, 135, 267, 266, 265, 469] Thread-3 5633
T8 [0, 3, 0, 2, 1, 1, 0, 0, 1, 1] [477, 71, 71, 69, 136, 135, 267, 266, 266, 469] Thread-7 5639
T9 [1, 3, 0, 2, 1, 1, 0, 0, 1, 0] [477, 71, 71, 69, 136, 135, 267, 266, 266, 470] Thread-10 5639
T0 [0, 4, 0, 2, 1, 1, 0, 0, 1, 0] [478, 71, 71, 69, 136, 135, 267, 266, 266, 470] Thread-0 5640
T6 [0, 3, 0, 2, 1, 2, 0, 0, 0, 0] [478, 71, 71, 69, 136, 135, 268, 266, 266, 470] Thread-7 5640
T7 [0, 3, 0, 2, 1, 1, 1, 0, 0, 0] [478, 71, 71, 69, 136, 135, 268, 267, 266, 470] Thread-7 5642
T5 [0, 3, 0, 2, 0, 1, 1, 1, 1, 1] [478, 71, 71, 69, 136, 136, 268, 267, 266, 470] Thread-6 5646
T4 [0, 2, 0, 2, 1, 1, 1, 0, 0, 1] [478, 71, 71, 69, 137, 136, 268, 267, 266, 470] Thread-5 5646
T9 [1, 2, 0, 2, 1, 1, 1, 0, 0, 0] [478, 71, 71, 69, 137, 136, 268, 267, 266, 471] Thread-11 5647
T0 [0, 3, 0, 2, 1, 1, 1, 0, 0, 0] [479, 71, 71, 69, 137, 136, 268, 267, 266, 471] Thread-1 5647
T8 [0, 3, 0, 2, 1, 1, 0, 0, 1, 1] [479, 71, 71, 69, 137, 136, 268, 267, 267, 471] Thread-7 5659
T9 [1, 3, 0, 2, 1, 1, 0, 0, 1, 0] [479, 71, 71, 69, 137, 136, 268, 267, 267, 472] Thread-9 5659
T0 [0, 4, 0, 2, 1, 1, 0, 0, 1, 0] [480, 71, 71, 69, 137, 136, 268, 267, 267, 472] Thread-2 5660
T6 [0, 3, 0, 2, 1, 2, 0, 0, 0, 0] [480, 71, 71, 69, 137, 136, 269, 267, 267, 472] Thread-7 5660
T7 [0, 3, 0, 2, 1, 1, 1, 0, 0, 0] [480, 71, 71, 69, 137, 136, 269, 268, 267, 472] Thread-8 5662
T8 [0, 3, 0, 2, 1, 1, 0, 0, 1, 1] [480, 71, 71, 69, 137, 136, 269, 268, 268, 472] Thread-8 5680
T9 [1, 3, 0, 2, 1, 1, 0, 0, 1, 0] [480, 71, 71, 69, 137, 136, 269, 268, 268, 473] Thread-10 5680
T0 [0, 4, 0, 2, 1, 1, 0, 0, 1, 0] [481, 71, 71, 69, 137, 136, 269, 268, 268, 473] Thread-0 5681
T6 [0, 3, 0, 2, 1, 2, 0, 0, 0, 0] [481, 71, 71, 69, 137, 136, 270, 268, 268, 473] Thread-8 5681
T7 [0, 3, 0, 2, 1, 1, 1, 0, 0, 0] [481, 71, 71, 69, 137, 136, 270, 269, 268, 473] Thread-8 5683
T5 [0, 3, 0, 2, 0, 1, 1, 1, 1, 1] [481, 71, 71, 69, 137, 137, 270, 269, 268, 473] Thread-5 5687
T4 [0, 2, 0, 2, 1, 1, 1, 0, 0, 1] [481, 71, 71, 69, 138, 137, 270, 269, 268, 473] Thread-6 5687
T9 [1, 2, 0, 2, 1, 1, 1, 0, 0, 0] [481, 71, 71, 69, 138, 137, 270, 269, 268, 474] Thread-11 5687
T0 [0, 3, 0, 2, 1, 1, 1, 0, 0, 0] [482, 71, 71, 69, 138, 137, 270, 269, 268, 474] Thread-1 5689
T3 [0, 3, 0, 1, 1, 1, 1, 1, 0, 1] [482, 71, 71, 70, 138, 137, 270, 269, 268, 474] Thread-3 5700
T9 [1, 3, 0, 1, 1, 1, 1, 1, 0, 0] [482, 71, 71, 70, 138, 137, 270, 269, 268, 475] Thread-9 5700
T0 [0, 4, 0, 1, 1, 1, 1, 1, 0, 0] [483, 71, 71, 70, 138, 137, 270, 269, 268, 475] Thread-2 5701
T8 [0, 4, 0, 1, 1, 1, 0, 1, 1, 1] [483, 71, 71, 70, 138, 137, 270, 269, 269, 475] Thread-8 5701
T4 [0, 3, 0, 1, 2, 1, 0, 0, 0, 1] [483, 71, 71, 70, 139, 137, 270, 269, 269, 475] Thread-5 5701
T9 [1, 3, 0, 1, 2, 1, 0, 0, 0, 0] [483, 71, 71, 70, 139, 137, 270, 269, 269, 476] Thread-10 5703
T0 [0, 4, 0, 1, 2, 1, 0, 0, 0, 0] [484, 71, 71, 70, 139, 137, 270, 269, 269, 476] Thread-0 5703
T7 [0, 4, 0, 1, 2, 0, 1, 0, 0, 0] [484, 71, 71, 70, 139, 137, 270, 270, 269, 476] Thread-7 5704
T8 [0, 4, 0, 1, 2, 0, 0, 0, 1, 1] [484, 71, 71, 70, 139, 137, 270, 270, 270, 476] Thread-7 5721
T9 [1, 4, 0, 1, 2, 0, 0, 0, 1, 0] [484, 71, 71, 70, 139, 137, 270, 270, 270, 477] Thread-11 5722
T6 [1, 3, 0, 1, 2, 1, 0, 0, 0, 0] [484, 71, 71, 70, 139, 137, 271, 270, 270, 477] Thread-8 5722
T0 [0, 4, 0, 1, 2, 1, 0, 0, 0, 0] [485, 71, 71, 70, 139, 137, 271, 270, 270, 477] Thread-1 5722
T5 [0, 4, 0, 1, 1, 1, 0, 1, 1, 1] [485, 71, 71, 70, 139, 138, 271, 270, 270, 477] Thread-5 5728
T1 [0, 3, 1, 1, 1, 1, 0, 0, 1, 1] [485, 72, 71, 70, 139, 138, 271, 270, 270, 477] Thread-3 5728
T9 [1, 3, 1, 1, 1, 1, 0, 0, 1, 0] [485, 72, 71, 70, 139, 138, 271, 270, 270, 478] Thread-9 5728
T6 [1, 2, 1, 1, 1, 2, 0, 0, 0, 0] [485, 72, 71, 70, 139, 138, 272, 270, 270, 478] Thread-7 5729
T0 [0, 3, 1, 1, 1, 2, 0, 0, 0, 0] [486, 72, 71, 70, 139, 138, 272, 270, 270, 478] Thread-2 5729
T2 [0, 3, 0, 2, 1, 2, 0, 0, 0, 0] [486, 72, 72, 70, 139, 138, 272, 270, 270, 478] Thread-3 5740
T7 [0, 3, 0, 2, 1, 1, 1, 0, 0, 0] [486, 72, 72, 70, 139, 138, 272, 271, 270, 478] Thread-8 5743
T8 [0, 3, 0, 2, 1, 1, 0, 0, 1, 1] [486, 72, 72, 70, 139, 138, 272, 271, 271, 478] Thread-8 5760
T9 [1, 3, 0, 2, 1, 1, 0, 0, 1, 0] [486, 72, 72, 70, 139, 138, 272, 271, 271, 479] Thread-10 5760
T0 [0, 4, 0, 2, 1, 1, 0, 0, 1, 0] [487, 72, 72, 70, 139, 138, 272, 271, 271, 479] Thread-0 5761
T6 [0, 3, 0, 2, 1, 2, 0, 0, 0, 0] [487, 72, 72, 70, 139, 138, 273, 271, 271, 479] Thread-8 5761
T7 [0, 3, 0, 2, 1, 1, 1, 0, 0, 0] [487, 72, 72, 70, 139, 138, 273, 272, 271, 479] Thread-8 5764
T5 [0, 3, 0, 2, 0, 1, 1, 1, 1, 1] [487, 72, 72, 70, 139, 139, 273, 272, 271, 479] Thread-6 5769
T4 [0, 2, 0, 2, 1, 1, 1, 0, 0, 1] [487, 72, 72, 70, 140, 139, 273, 272, 271, 479] Thread-5 5769
T9 [1, 2, 0, 2, 1, 1, 1, 0, 0, 0] [487, 72, 72, 70, 140, 139, 273, 272, 271, 480] Thread-11 5770
T0 [0, 3, 0, 2, 1, 1, 1, 0, 0, 0] [488, 72, 72, 70, 140, 139, 273, 272, 271, 480] Thread-1 5770
T3 [0, 3, 0, 1, 1, 1, 1, 1, 0, 1] [488, 72, 72, 71, 140, 139, 273, 272, 271, 480] Thread-3 5781
T9 [1, 3, 0, 1, 1, 1, 1, 1, 0, 0] [488, 72, 72, 71, 140, 139, 273, 272, 271, 481] Thread-9 5781
T0 [0, 4, 0, 1, 1, 1, 1, 1, 0, 0] [489, 72, 72, 71, 140, 139, 273, 272, 271, 481] Thread-2 5782
T8 [0, 4, 0, 1, 1, 1, 0, 1, 1, 1] [489, 72, 72, 71, 140, 139, 273, 272, 272, 481] Thread-8 5782
T4 [0, 3, 0, 1, 2, 1, 0, 0, 0, 1] [489, 72, 72, 71, 141, 139, 273, 272, 272, 481] Thread-6 5782
T9 [1, 3, 0, 1, 2, 1, 0, 0, 0, 0] [489, 72, 72, 71, 141, 139, 273, 272, 272, 482] Thread-10 5783
T0 [0, 4, 0, 1, 2, 1, 0, 0, 0, 0] [490, 72, 72, 71, 141, 139, 273, 272, 272, 482] Thread-0 5783
T7 [0, 4, 0, 1, 2, 0, 1, 0, 0, 0] [490, 72, 72, 71, 141, 139, 273, 273, 272, 482] Thread-7 5785
T8 [0, 4, 0, 1, 2, 0, 0, 0, 1, 1] [490, 72, 72, 71, 141, 139, 273, 273, 273, 482] Thread-7 5803
T6 [0, 3, 0, 1, 2, 1, 0, 0, 0, 1] [490, 72, 72, 71, 141, 139, 274, 273, 273, 482] Thread-8 5803
T9 [1, 3, 0, 1, 2, 1, 0, 0, 0, 0] [490, 72, 72, 71, 141, 139, 274, 273, 273, 483] Thread-11 5804
T0 [0, 4, 0, 1, 2, 1, 0, 0, 0, 0] [491, 72, 72, 71, 141, 139, 274, 273, 273, 483] Thread-1 5804
T5 [0, 4, 0, 1, 1, 1, 0, 1, 1, 1] [491, 72, 72, 71, 141, 140, 274, 273, 273, 483] Thread-6 5810
T1 [0, 3, 1, 1, 1, 1, 0, 0, 1, 1] [491, 73, 72, 71, 141, 140, 274, 273, 273, 483] Thread-3 5810
T9 [1, 3, 1, 1, 1, 1, 0, 0, 1, 0] [491, 73, 72, 71, 141, 140, 274, 273, 273, 484] Thread-9 5811
T6 [1, 2, 1, 1, 1, 2, 0, 0, 0, 0] [491, 73, 72, 71, 141, 140, 275, 273, 273, 484] Thread-7 5811
T0 [0, 3, 1, 1, 1, 2, 0, 0, 0, 0] [492, 73, 72, 71, 141, 140, 275, 273, 273, 484] Thread-2 5812
T2 [0, 3, 0, 2, 1, 2, 0, 0, 0, 0] [492, 73, 73, 71, 141, 140, 275, 273, 273, 484] Thread-3 5821
T7 [0, 3, 0, 2, 1, 1, 1, 0, 0, 0] [492, 73, 73, 71, 141, 140, 275, 274, 273, 484] Thread-7 5823
T8 [0, 3, 0, 2, 1, 1, 0, 0, 1, 1] [492, 73, 73, 71, 141, 140, 275, 274, 274, 484] Thread-7 5840
T9 [1, 3, 0, 2, 1, 1, 0, 0, 1, 0] [492, 73, 73, 71, 141, 140, 275, 274, 274, 485] Thread-10 5840
T0 [0, 4, 0, 2, 1, 1, 0, 0, 1, 0] [493, 73, 73, 71, 141, 140, 275, 274, 274, 485] Thread-0 5841
T6 [0, 3, 0, 2, 1, 2, 0, 0, 0, 0] [493, 73, 73, 71, 141, 140, 276, 274, 274, 485] Thread-7 5841
T7 [0, 3, 0, 2, 1, 1, 1, 0, 0, 0] [493, 73, 73, 71, 141, 140, 276, 275, 274, 485] Thread-8 5844
T5 [0, 3, 0, 2, 0, 1, 1, 1, 1, 1] [493, 73, 73, 71, 141, 141, 276, 275, 274, 485] Thread-5 5850
T4 [0, 2, 0, 2, 1, 1, 1, 0, 0, 1] [493, 73, 73, 71, 142, 141, 276, 275, 274, 485] Thread-6 5850
T9 [1, 2, 0, 2, 1, 1, 1, 0, 0, 0] [493, 73, 73, 71, 142, 141, 276, 275, 274, 486] Thread-11 5851
T0 [0, 3, 0, 2, 1, 1, 1, 0, 0, 0] [494, 73, 73, 71, 142, 141, 276, 275, 274, 486] Thread-1 5851
T8 [0, 3, 0, 2, 1, 1, 0, 0, 1, 1] [494, 73, 73, 71, 142, 141, 276, 275, 275, 486] Thread-8 5860
T9 [1, 3, 0, 2, 1, 1, 0, 0, 1, 0] [494, 73, 73, 71, 142, 141, 276, 275, 275, 487] Thread-9 5860
T0 [0, 4, 0, 2, 1, 1, 0, 0, 1, 0] [495, 73, 73, 71, 142, 141, 276, 275, 275, 487] Thread-2 5861
T6 [0, 3, 0, 2, 1, 2, 0, 0, 0, 0] [495, 73, 73, 71, 142, 141, 277, 275, 275, 487] Thread-8 5861
T3 [0, 3, 0, 1, 1, 2, 0, 1, 0, 1] [495, 73, 73, 72, 142, 141, 277, 275, 275, 487] Thread-3 5862
T9 [1, 3, 0, 1, 1, 2, 0, 1, 0, 0] [495, 73, 73, 72, 142, 141, 277, 275, 275, 488] Thread-10 5862
T0 [0, 4, 0, 1, 1, 2, 0, 1, 0, 0] [496, 73, 73, 72, 142, 141, 277, 275, 275, 488] Thread-0 5862
T1 [0, 3, 1, 1, 1, 2, 0, 0, 0, 0] [496, 74, 73, 72, 142, 141, 277, 275, 275, 488] Thread-3 5863
T7 [0, 3, 1, 1, 1, 1, 1, 0, 0, 0] [496, 74, 73, 72, 142, 141, 277, 276, 275, 488] Thread-7 5864
T2 [0, 3, 0, 2, 1, 1, 1, 0, 0, 0] [496, 74, 74, 72, 142, 141, 277, 276, 275, 488] Thread-3 5874
T8 [0, 3, 0, 2, 1, 1, 0, 0, 1, 1] [496, 74, 74, 72, 142, 141, 277, 276, 276, 488] Thread-7 5881
T9 [1, 3, 0, 2, 1, 1, 0, 0, 1, 0] [496, 74, 74, 72, 142, 141, 277, 276, 276, 489] Thread-11 5881
T0 [0, 4, 0, 2, 1, 1, 0, 0, 1, 0] [497, 74, 74, 72, 142, 141, 277, 276, 276, 489] Thread-1 5882
T6 [0, 3, 0, 2, 1, 2, 0, 0, 0, 0] [497, 74, 74, 72, 142, 141, 278, 276, 276, 489] Thread-7 5883
T7 [0, 3, 0, 2, 1, 1, 1, 0, 0, 0] [497, 74, 74, 72, 142, 141, 278, 277, 276, 489] Thread-8 5884
T5 [0, 3, 0, 2, 0, 1, 1, 1, 1, 1] [497, 74, 74, 72, 142, 142, 278, 277, 276, 489] Thread-6 5891
T4 [0, 2, 0, 2, 1, 1, 1, 0, 0, 1] [497, 74, 74, 72, 143, 142, 278, 277, 276, 489] Thread-5 5891
T9 [1, 2, 0, 2, 1, 1, 1, 0, 0, 0] [497, 74, 74, 72, 143, 142, 278, 277, 276, 490] Thread-9 5892
T0 [0, 3, 0, 2, 1, 1, 1, 0, 0, 0] [498, 74, 74, 72, 143, 142, 278, 277, 276, 490] Thread-2 5892
T8 [0, 3, 0, 2, 1, 1, 0, 0, 1, 1] [498, 74, 74, 72, 143, 142, 278, 277, 277, 490] Thread-8 5901
T9 [1, 3, 0, 2, 1, 1, 0, 0, 1, 0] [498, 74, 74, 72, 143, 142, 278, 277, 277, 491] Thread-10 5901
T0 [0, 4, 0, 2, 1, 1, 0, 0, 1, 0] [499, 74, 74, 72, 143, 142, 278, 277, 277, 491] Thread-0 5902
T6 [0, 3, 0, 2, 1, 2, 0, 0, 0, 0] [499, 74, 74, 72, 143, 142, 279, 277, 277, 491] Thread-8 5902
T7 [0, 3, 0, 2, 1, 1, 1, 0, 0, 0] [499, 74, 74, 72, 143, 142, 279, 278, 277, 491] Thread-8 5905
T8 [0, 3, 0, 2, 1, 1, 0, 0, 1, 1] [499, 74, 74, 72, 143, 142, 279, 278, 278, 491] Thread-8 5922
T9 [1, 3, 0, 2, 1, 1, 0, 0, 1, 0] [499, 74, 74, 72, 143, 142, 279, 278, 278, 492] Thread-11 5922
T0 [0, 4, 0, 2, 1, 1, 0, 0, 1, 0] [500, 74, 74, 72, 143, 142, 279, 278, 278, 492] Thread-1 5923
T6 [0, 3, 0, 2, 1, 2, 0, 0, 0, 0] [500, 74, 74, 72, 143, 142, 280, 278, 278, 492] Thread-8 5923
T7 [0, 3, 0, 2, 1, 1, 1, 0, 0, 0] [500, 74, 74, 72, 143, 142, 280, 279, 278, 492] Thread-7 5926
T5 [0, 3, 0, 2, 0, 1, 1, 1, 1, 1] [500, 74, 74, 72, 143, 143, 280, 279, 278, 492] Thread-5 5933
T4 [0, 2, 0, 2, 1, 1, 1, 0, 0, 1] [500, 74, 74, 72, 144, 143, 280, 279, 278, 492] Thread-6 5933
T9 [1, 2, 0, 2, 1, 1, 1, 0, 0, 0] [500, 74, 74, 72, 144, 143, 280, 279, 278, 493] Thread-9 5934
T0 [0, 3, 0, 2, 1, 1, 1, 0, 0, 0] [501, 74, 74, 72, 144, 143, 280, 279, 278, 493] Thread-2 5934
T3 [0, 3, 0, 1, 1, 1, 1, 1, 0, 1] [501, 74, 74, 73, 144, 143, 280, 279, 278, 493] Thread-4 5943
T9 [1, 3, 0, 1, 1, 1, 1, 1, 0, 0] [501, 74, 74, 73, 144, 143, 280, 279, 278, 494] Thread-10 5943
T0 [0, 4, 0, 1, 1, 1, 1, 1, 0, 0] [502, 74, 74, 73, 144, 143, 280, 279, 278, 494] Thread-0 5944
T8 [0, 4, 0, 1, 1, 1, 0, 1, 1, 1] [502, 74, 74, 73, 144, 143, 280, 279, 279, 494] Thread-7 5944
T4 [0, 3, 0, 1, 2, 1, 0, 0, 0, 1] [502, 74, 74, 73, 145, 143, 280, 279, 279, 494] Thread-5 5945
T9 [1, 3, 0, 1, 2, 1, 0, 0, 0, 0] [502, 74, 74, 73, 145, 143, 280, 279, 279, 495] Thread-11 5945
T0 [0, 4, 0, 1, 2, 1, 0, 0, 0, 0] [503, 74, 74, 73, 145, 143, 280, 279, 279, 495] Thread-1 5945
T7 [0, 4, 0, 1, 2, 0, 1, 0, 0, 0] [503, 74, 74, 73, 145, 143, 280, 280, 279, 495] Thread-8 5946
T8 [0, 4, 0, 1, 2, 0, 0, 0, 1, 1] [503, 74, 74, 73, 145, 143, 280, 280, 280, 495] Thread-8 5963
T9 [1, 4, 0, 1, 2, 0, 0, 0, 1, 0] [503, 74, 74, 73, 145, 143, 280, 280, 280, 496] Thread-9 5963
T6 [1, 3, 0, 1, 2, 1, 0, 0, 0, 0] [503, 74, 74, 73, 145, 143, 281, 280, 280, 496] Thread-7 5964
T0 [0, 4, 0, 1, 2, 1, 0, 0, 0, 0] [504, 74, 74, 73, 145, 143, 281, 280, 280, 496] Thread-2 5964
T5 [0, 4, 0, 1, 1, 1, 0, 1, 1, 1] [504, 74, 74, 73, 145, 144, 281, 280, 280, 496] Thread-6 5974
T6 [0, 3, 0, 1, 1, 2, 0, 1, 0, 1] [504, 74, 74, 73, 145, 144, 282, 280, 280, 496] Thread-8 5975
T9 [1, 3, 0, 1, 1, 2, 0, 1, 0, 0] [504, 74, 74, 73, 145, 144, 282, 280, 280, 497] Thread-10 5975
T0 [0, 4, 0, 1, 1, 2, 0, 1, 0, 0] [505, 74, 74, 73, 145, 144, 282, 280, 280, 497] Thread-0 5975
T1 [0, 3, 1, 1, 1, 2, 0, 0, 0, 0] [505, 75, 74, 73, 145, 144, 282, 280, 280, 497] Thread-4 5976
T7 [0, 3, 1, 1, 1, 1, 1, 0, 0, 0] [505, 75, 74, 73, 145, 144, 282, 281, 280, 497] Thread-7 5984
T2 [0, 3, 0, 2, 1, 1, 1, 0, 0, 0] [505, 75, 75, 73, 145, 144, 282, 281, 280, 497] Thread-4 5986
T8 [0, 3, 0, 2, 1, 1, 0, 0, 1, 1] [505, 75, 75, 73, 145, 144, 282, 281, 281, 497] Thread-7 6001
T9 [1, 3, 0, 2, 1, 1, 0, 0, 1, 0] [505, 75, 75, 73, 145, 144, 282, 281, 281, 498] Thread-11 6001
T0 [0, 4, 0, 2, 1, 1, 0, 0, 1, 0] [506, 75, 75, 73, 145, 144, 282, 281, 281, 498] Thread-1 6002
T6 [0, 3, 0, 2, 1, 2, 0, 0, 0, 0] [506, 75, 75, 73, 145, 144, 283, 281, 281, 498] Thread-7 6002
T7 [0, 3, 0, 2, 1, 1, 1, 0, 0, 0] [506, 75, 75, 73, 145, 144, 283, 282, 281, 498] Thread-7 6006
T5 [0, 3, 0, 2, 0, 1, 1, 1, 1, 1] [506, 75, 75, 73, 145, 145, 283, 282, 281, 498] Thread-5 6015
T4 [0, 2, 0, 2, 1, 1, 1, 0, 0, 1] [506, 75, 75, 73, 146, 145, 283, 282, 281, 498] Thread-6 6015
T9 [1, 2, 0, 2, 1, 1, 1, 0, 0, 0] [506, 75, 75, 73, 146, 145, 283, 282, 281, 499] Thread-9 6016
T0 [0, 3, 0, 2, 1, 1, 1, 0, 0, 0] [507, 75, 75, 73, 146, 145, 283, 282, 281, 499] Thread-2 6016
T8 [0, 3, 0, 2, 1, 1, 0, 0, 1, 1] [507, 75, 75, 73, 146, 145, 283, 282, 282, 499] Thread-7 6023
T9 [1, 3, 0, 2, 1, 1, 0, 0, 1, 0] [507, 75, 75, 73, 146, 145, 283, 282, 282, 500] Thread-10 6023
T0 [0, 4, 0, 2, 1, 1, 0, 0, 1, 0] [508, 75, 75, 73, 146, 145, 283, 282, 282, 500] Thread-0 6024
T6 [0, 3, 0, 2, 1, 2, 0, 0, 0, 0] [508, 75, 75, 73, 146, 145, 284, 282, 282, 500] Thread-7 6024
T3 [0, 3, 0, 1, 1, 2, 0, 1, 0, 1] [508, 75, 75, 74, 146, 145, 284, 282, 282, 500] Thread-3 6025
T9 [1, 3, 0, 1, 1, 2, 0, 1, 0, 0] [508, 75, 75, 74, 146, 145, 284, 282, 282, 501] Thread-11 6025
T0 [0, 4, 0, 1, 1, 2, 0, 1, 0, 0] [509, 75, 75, 74, 146, 145, 284, 282, 282, 501] Thread-1 6025
T1 [0, 3, 1, 1, 1, 2, 0, 0, 0, 0] [509, 76, 75, 74, 146, 145, 284, 282, 282, 501] Thread-3 6026
T7 [0, 3, 1, 1, 1, 1, 1, 0, 0, 0] [509, 76, 75, 74, 146, 145, 284, 283, 282, 501] Thread-7 6027
T2 [0, 3, 0, 2, 1, 1, 1, 0, 0, 0] [509, 76, 76, 74, 146, 145, 284, 283, 282, 501] Thread-3 6036
T8 [0, 3, 0, 2, 1, 1, 0, 0, 1, 1] [509, 76, 76, 74, 146, 145, 284, 283, 283, 501] Thread-7 6043
T9 [1, 3, 0, 2, 1, 1, 0, 0, 1, 0] [509, 76, 76, 74, 146, 145, 284, 283, 283, 502] Thread-9 6043
T0 [0, 4, 0, 2, 1, 1, 0, 0, 1, 0] [510, 76, 76, 74, 146, 145, 284, 283, 283, 502] Thread-2 6044
T6 [0, 3, 0, 2, 1, 2, 0, 0, 0, 0] [510, 76, 76, 74, 146, 145, 285, 283, 283, 502] Thread-7 6044
T7 [0, 3, 0, 2, 1, 1, 1, 0, 0, 0] [510, 76, 76, 74, 146, 145, 285, 284, 283, 502] Thread-8 6048
T5 [0, 3, 0, 2, 0, 1, 1, 1, 1, 1] [510, 76, 76, 74, 146, 146, 285, 284, 283, 502] Thread-6 6057
T4 [0, 2, 0, 2, 1, 1, 1, 0, 0, 1] [510, 76, 76, 74, 147, 146, 285, 284, 283, 502] Thread-5 6057
T9 [1, 2, 0, 2, 1, 1, 1, 0, 0, 0] [510, 76, 76, 74, 147, 146, 285, 284, 283, 503] Thread-10 6057
T0 [0, 3, 0, 2, 1, 1, 1, 0, 0, 0] [511, 76, 76, 74, 147, 146, 285, 284, 283, 503] Thread-0 6058
T8 [0, 3, 0, 2, 1, 1, 0, 0, 1, 1] [511, 76, 76, 74, 147, 146, 285, 284, 284, 503] Thread-8 6065
T9 [1, 3, 0, 2, 1, 1, 0, 0, 1, 0] [511, 76, 76, 74, 147, 146, 285, 284, 284, 504] Thread-11 6065
T0 [0, 4, 0, 2, 1, 1, 0, 0, 1, 0] [512, 76, 76, 74, 147, 146, 285, 284, 284, 504] Thread-1 6066
T6 [0, 3, 0, 2, 1, 2, 0, 0, 0, 0] [512, 76, 76, 74, 147, 146, 286, 284, 284, 504] Thread-8 6066
T7 [0, 3, 0, 2, 1, 1, 1, 0, 0, 0] [512, 76, 76, 74, 147, 146, 286, 285, 284, 504] Thread-7 6068
T8 [0, 3, 0, 2, 1, 1, 0, 0, 1, 1] [512, 76, 76, 74, 147, 146, 286, 285, 285, 504] Thread-7 6085
T9 [1, 3, 0, 2, 1, 1, 0, 0, 1, 0] [512, 76, 76, 74, 147, 146, 286, 285, 285, 505] Thread-9 6085
T0 [0, 4, 0, 2, 1, 1, 0, 0, 1, 0] [513, 76, 76, 74, 147, 146, 286, 285, 285, 505] Thread-2 6086
T6 [0, 3, 0, 2, 1, 2, 0, 0, 0, 0] [513, 76, 76, 74, 147, 146, 287, 285, 285, 505] Thread-7 6086
T7 [0, 3, 0, 2, 1, 1, 1, 0, 0, 0] [513, 76, 76, 74, 147, 146, 287, 286, 285, 505] Thread-8 6089
T5 [0, 3, 0, 2, 0, 1, 1, 1, 1, 1] [513, 76, 76, 74, 147, 147, 287, 286, 285, 505] Thread-5 6098
T4 [0, 2, 0, 2, 1, 1, 1, 0, 0, 1] [513, 76, 76, 74, 148, 147, 287, 286, 285, 505] Thread-6 6098
T9 [1, 2, 0, 2, 1, 1, 1, 0, 0, 0] [513, 76, 76, 74, 148, 147, 287, 286, 285, 506] Thread-10 6099
T0 [0, 3, 0, 2, 1, 1, 1, 0, 0, 0] [514, 76, 76, 74, 148, 147, 287, 286, 285, 506] Thread-0 6099
T8 [0, 3, 0, 2, 1, 1, 0, 0, 1, 1] [514, 76, 76, 74, 148, 147, 287, 286, 286, 506] Thread-8 6106
T9 [1, 3, 0, 2, 1, 1, 0, 0, 1, 0] [514, 76, 76, 74, 148, 147, 287, 286, 286, 507] Thread-11 6106
T0 [0, 4, 0, 2, 1, 1, 0, 0, 1, 0] [515, 76, 76, 74, 148, 147, 287, 286, 286, 507] Thread-1 6107
T3 [0, 4, 0, 1, 1, 1, 0, 1, 1, 1] [515, 76, 76, 75, 148, 147, 287, 286, 286, 507] Thread-4 6107
T4 [0, 3, 0, 1, 2, 1, 0, 0, 0, 1] [515, 76, 76, 75, 149, 147, 287, 286, 286, 507] Thread-5 6107
T9 [1, 3, 0, 1, 2, 1, 0, 0, 0, 0] [515, 76, 76, 75, 149, 147, 287, 286, 286, 508] Thread-9 6107
T0 [0, 4, 0, 1, 2, 1, 0, 0, 0, 0] [516, 76, 76, 75, 149, 147, 287, 286, 286, 508] Thread-2 6108
T7 [0, 4, 0, 1, 2, 0, 1, 0, 0, 0] [516, 76, 76, 75, 149, 147, 287, 287, 286, 508] Thread-7 6110
T8 [0, 4, 0, 1, 2, 0, 0, 0, 1, 1] [516, 76, 76, 75, 149, 147, 287, 287, 287, 508] Thread-7 6128
T9 [1, 4, 0, 1, 2, 0, 0, 0, 1, 0] [516, 76, 76, 75, 149, 147, 287, 287, 287, 509] Thread-10 6128
T6 [1, 3, 0, 1, 2, 1, 0, 0, 0, 0] [516, 76, 76, 75, 149, 147, 288, 287, 287, 509] Thread-8 6129
T0 [0, 4, 0, 1, 2, 1, 0, 0, 0, 0] [517, 76, 76, 75, 149, 147, 288, 287, 287, 509] Thread-0 6129
T5 [0, 4, 0, 1, 1, 1, 0, 1, 1, 1] [517, 76, 76, 75, 149, 148, 288, 287, 287, 509] Thread-5 6139
T1 [0, 3, 1, 1, 1, 1, 0, 0, 1, 1] [517, 77, 76, 75, 149, 148, 288, 287, 287, 509] Thread-4 6139
T9 [1, 3, 1, 1, 1, 1, 0, 0, 1, 0] [517, 77, 76, 75, 149, 148, 288, 287, 287, 510] Thread-11 6140
T0 [0, 4, 1, 1, 1, 1, 0, 0, 1, 0] [518, 77, 76, 75, 149, 148, 288, 287, 287, 510] Thread-1 6140
T6 [0, 3, 1, 1, 1, 2, 0, 0, 0, 0] [518, 77, 76, 75, 149, 148, 289, 287, 287, 510] Thread-7 6140
T7 [0, 3, 1, 1, 1, 1, 1, 0, 0, 0] [518, 77, 76, 75, 149, 148, 289, 288, 287, 510] Thread-7 6148
T2 [0, 3, 0, 2, 1, 1, 1, 0, 0, 0] [518, 77, 77, 75, 149, 148, 289, 288, 287, 510] Thread-4 6150
T8 [0, 3, 0, 2, 1, 1, 0, 0, 1, 1] [518, 77, 77, 75, 149, 148, 289, 288, 288, 510] Thread-7 6166
T9 [1, 3, 0, 2, 1, 1, 0, 0, 1, 0] [518, 77, 77, 75, 149, 148, 289, 288, 288, 511] Thread-9 6166
T0 [0, 4, 0, 2, 1, 1, 0, 0, 1, 0] [519, 77, 77, 75, 149, 148, 289, 288, 288, 511] Thread-2 6167
T6 [0, 3, 0, 2, 1, 2, 0, 0, 0, 0] [519, 77, 77, 75, 149, 148, 290, 288, 288, 511] Thread-7 6167
T7 [0, 3, 0, 2, 1, 1, 1, 0, 0, 0] [519, 77, 77, 75, 149, 148, 290, 289, 288, 511] Thread-8 6168
T5 [0, 3, 0, 2, 0, 1, 1, 1, 1, 1] [519, 77, 77, 75, 149, 149, 290, 289, 288, 511] Thread-6 6180
T4 [0, 2, 0, 2, 1, 1, 1, 0, 0, 1] [519, 77, 77, 75, 150, 149, 290, 289, 288, 511] Thread-5 6180
T9 [1, 2, 0, 2, 1, 1, 1, 0, 0, 0] [519, 77, 77, 75, 150, 149, 290, 289, 288, 512] Thread-10 6181
T0 [0, 3, 0, 2, 1, 1, 1, 0, 0, 0] [520, 77, 77, 75, 150, 149, 290, 289, 288, 512] Thread-0 6181
T8 [0, 3, 0, 2, 1, 1, 0, 0, 1, 1] [520, 77, 77, 75, 150, 149, 290, 289, 289, 512] Thread-8 6185
T9 [1, 3, 0, 2, 1, 1, 0, 0, 1, 0] [520, 77, 77, 75, 150, 149, 290, 289, 289, 513] Thread-11 6185
T0 [0, 4, 0, 2, 1, 1, 0, 0, 1, 0] [521, 77, 77, 75, 150, 149, 290, 289, 289, 513] Thread-1 6186
T6 [0, 3, 0, 2, 1, 2, 0, 0, 0, 0] [521, 77, 77, 75, 150, 149, 291, 289, 289, 513] Thread-8 6186
T7 [0, 3, 0, 2, 1, 1, 1, 0, 0, 0] [521, 77, 77, 75, 150, 149, 291, 290, 289, 513] Thread-7 6188
T3 [0, 3, 0, 1, 1, 1, 1, 1, 0, 1] [521, 77, 77, 76, 150, 149, 291, 290, 289, 513] Thread-3 6188
T9 [1, 3, 0, 1, 1, 1, 1, 1, 0, 0] [521, 77, 77, 76, 150, 149, 291, 290, 289, 514] Thread-9 6189
T0 [0, 4, 0, 1, 1, 1, 1, 1, 0, 0] [522, 77, 77, 76, 150, 149, 291, 290, 289, 514] Thread-2 6189
T1 [0, 3, 1, 1, 1, 1, 1, 0, 0, 0] [522, 78, 77, 76, 150, 149, 291, 290, 289, 514] Thread-3 6189
T2 [0, 3, 0, 2, 1, 1, 1, 0, 0, 0] [522, 78, 78, 76, 150, 149, 291, 290, 289, 514] Thread-3 6199
T8 [0, 3, 0, 2, 1, 1, 0, 0, 1, 1] [522, 78, 78, 76, 150, 149, 291, 290, 290, 514] Thread-7 6205
T9 [1, 3, 0, 2, 1, 1, 0, 0, 1, 0] [522, 78, 78, 76, 150, 149, 291, 290, 290, 515] Thread-10 6205
T0 [0, 4, 0, 2, 1, 1, 0, 0, 1, 0] [523, 78, 78, 76, 150, 149, 291, 290, 290, 515] Thread-0 6206
T6 [0, 3, 0, 2, 1, 2, 0, 0, 0, 0] [523, 78, 78, 76, 150, 149, 292, 290, 290, 515] Thread-7 6206
T7 [0, 3, 0, 2, 1, 1, 1, 0, 0, 0] [523, 78, 78, 76, 150, 149, 292, 291, 290, 515] Thread-8 6208
T5 [0, 3, 0, 2, 0, 1, 1, 1, 1, 1] [523, 78, 78, 76, 150, 150, 292, 291, 290, 515] Thread-5 6221
T4 [0, 2, 0, 2, 1, 1, 1, 0, 0, 1] [523, 78, 78, 76, 151, 150, 292, 291, 290, 515] Thread-6 6221
T9 [1, 2, 0, 2, 1, 1, 1, 0, 0, 0] [523, 78, 78, 76, 151, 150, 292, 291, 290, 516] Thread-11 6222
T0 [0, 3, 0, 2, 1, 1, 1, 0, 0, 0] [524, 78, 78, 76, 151, 150, 292, 291, 290, 516] Thread-1 6222
T8 [0, 3, 0, 2, 1, 1, 0, 0, 1, 1] [524, 78, 78, 76, 151, 150, 292, 291, 291, 516] Thread-8 6225
T9 [1, 3, 0, 2, 1, 1, 0, 0, 1, 0] [524, 78, 78, 76, 151, 150, 292, 291, 291, 517] Thread-9 6225
T0 [0, 4, 0, 2, 1, 1, 0, 0, 1, 0] [525, 78, 78, 76, 151, 150, 292, 291, 291, 517] Thread-2 6226
T6 [0, 3, 0, 2, 1, 2, 0, 0, 0, 0] [525, 78, 78, 76, 151, 150, 293, 291, 291, 517] Thread-8 6226
T7 [0, 3, 0, 2, 1, 1, 1, 0, 0, 0] [525, 78, 78, 76, 151, 150, 293, 292, 291, 517] Thread-8 6229
T8 [0, 3, 0, 2, 1, 1, 0, 0, 1, 1] [525, 78, 78, 76, 151, 150, 293, 292, 292, 517] Thread-8 6246
T9 [1, 3, 0, 2, 1, 1, 0, 0, 1, 0] [525, 78, 78, 76, 151, 150, 293, 292, 292, 518] Thread-10 6246
T0 [0, 4, 0, 2, 1, 1, 0, 0, 1, 0] [526, 78, 78, 76, 151, 150, 293, 292, 292, 518] Thread-0 6247
T6 [0, 3, 0, 2, 1, 2, 0, 0, 0, 0] [526, 78, 78, 76, 151, 150, 294, 292, 292, 518] Thread-8 6247
T7 [0, 3, 0, 2, 1, 1, 1, 0, 0, 0] [526, 78, 78, 76, 151, 150, 294, 293, 292, 518] Thread-8 6250
T5 [0, 3, 0, 2, 0, 1, 1, 1, 1, 1] [526, 78, 78, 76, 151, 151, 294, 293, 292, 518] Thread-6 6262
T4 [0, 2, 0, 2, 1, 1, 1, 0, 0, 1] [526, 78, 78, 76, 152, 151, 294, 293, 292, 518] Thread-5 6262
T9 [1, 2, 0, 2, 1, 1, 1, 0, 0, 0] [526, 78, 78, 76, 152, 151, 294, 293, 292, 519] Thread-11 6263
T0 [0, 3, 0, 2, 1, 1, 1, 0, 0, 0] [527, 78, 78, 76, 152, 151, 294, 293, 292, 519] Thread-1 6263
T8 [0, 3, 0, 2, 1, 1, 0, 0, 1, 1] [527, 78, 78, 76, 152, 151, 294, 293, 293, 519] Thread-8 6266
T9 [1, 3, 0, 2, 1, 1, 0, 0, 1, 0] [527, 78, 78, 76, 152, 151, 294, 293, 293, 520] Thread-9 6266
T0 [0, 4, 0, 2, 1, 1, 0, 0, 1, 0] [528, 78, 78, 76, 152, 151, 294, 293, 293, 520] Thread-2 6267
T6 [0, 3, 0, 2, 1, 2, 0, 0, 0, 0] [528, 78, 78, 76, 152, 151, 295, 293, 293, 520] Thread-8 6267
T3 [0, 3, 0, 1, 1, 2, 0, 1, 0, 1] [528, 78, 78, 77, 152, 151, 295, 293, 293, 520] Thread-3 6269
T9 [1, 3, 0, 1, 1, 2, 0, 1, 0, 0] [528, 78, 78, 77, 152, 151, 295, 293, 293, 521] Thread-10 6269
T0 [0, 4, 0, 1, 1, 2, 0, 1, 0, 0] [529, 78, 78, 77, 152, 151, 295, 293, 293, 521] Thread-0 6269
T1 [0, 3, 1, 1, 1, 2, 0, 0, 0, 0] [529, 79, 78, 77, 152, 151, 295, 293, 293, 521] Thread-3 6270
T7 [0, 3, 1, 1, 1, 1, 1, 0, 0, 0] [529, 79, 78, 77, 152, 151, 295, 294, 293, 521] Thread-7 6270
T2 [0, 3, 0, 2, 1, 1, 1, 0, 0, 0] [529, 79, 79, 77, 152, 151, 295, 294, 293, 521] Thread-3 6281
T8 [0, 3, 0, 2, 1, 1, 0, 0, 1, 1] [529, 79, 79, 77, 152, 151, 295, 294, 294, 521] Thread-7 6288
T9 [1, 3, 0, 2, 1, 1, 0, 0, 1, 0] [529, 79, 79, 77, 152, 151, 295, 294, 294, 522] Thread-11 6288
T0 [0, 4, 0, 2, 1, 1, 0, 0, 1, 0] [530, 79, 79, 77, 152, 151, 295, 294, 294, 522] Thread-1 6289
T6 [0, 3, 0, 2, 1, 2, 0, 0, 0, 0] [530, 79, 79, 77, 152, 151, 296, 294, 294, 522] Thread-7 6289
T7 [0, 3, 0, 2, 1, 1, 1, 0, 0, 0] [530, 79, 79, 77, 152, 151, 296, 295, 294, 522] Thread-7 6291
T5 [0, 3, 0, 2, 0, 1, 1, 1, 1, 1] [530, 79, 79, 77, 152, 152, 296, 295, 294, 522] Thread-5 6303
T4 [0, 2, 0, 2, 1, 1, 1, 0, 0, 1] [530, 79, 79, 77, 153, 152, 296, 295, 294, 522] Thread-6 6303
T9 [1, 2, 0, 2, 1, 1, 1, 0, 0, 0] [530, 79, 79, 77, 153, 152, 296, 295, 294, 523] Thread-9 6304
T0 [0, 3, 0, 2, 1, 1, 1, 0, 0, 0] [531, 79, 79, 77, 153, 152, 296, 295, 294, 523] Thread-2 6304
T8 [0, 3, 0, 2, 1, 1, 0, 0, 1, 1] [531, 79, 79, 77, 153, 152, 296, 295, 295, 523] Thread-7 6308
T9 [1, 3, 0, 2, 1, 1, 0, 0, 1, 0] [531, 79, 79, 77, 153, 152, 296, 295, 295, 524] Thread-10 6308
T0 [0, 4, 0, 2, 1, 1, 0, 0, 1, 0] [532, 79, 79, 77, 153, 152, 296, 295, 295, 524] Thread-0 6309
T6 [0, 3, 0, 2, 1, 2, 0, 0, 0, 0] [532, 79, 79, 77, 153, 152, 297, 295, 295, 524] Thread-7 6309
T7 [0, 3, 0, 2, 1, 1, 1, 0, 0, 0] [532, 79, 79, 77, 153, 152, 297, 296, 295, 524] Thread-8 6312
T8 [0, 3, 0, 2, 1, 1, 0, 0, 1, 1] [532, 79, 79, 77, 153, 152, 297, 296, 296, 524] Thread-8 6329
T9 [1, 3, 0, 2, 1, 1, 0, 0, 1, 0] [532, 79, 79, 77, 153, 152, 297, 296, 296, 525] Thread-11 6329
T0 [0, 4, 0, 2, 1, 1, 0, 0, 1, 0] [533, 79, 79, 77, 153, 152, 297, 296, 296, 525] Thread-1 6330
T6 [0, 3, 0, 2, 1, 2, 0, 0, 0, 0] [533, 79, 79, 77, 153, 152, 298, 296, 296, 525] Thread-8 6330
T7 [0, 3, 0, 2, 1, 1, 1, 0, 0, 0] [533, 79, 79, 77, 153, 152, 298, 297, 296, 525] Thread-8 6333
T5 [0, 3, 0, 2, 0, 1, 1, 1, 1, 1] [533, 79, 79, 77, 153, 153, 298, 297, 296, 525] Thread-6 6344
T4 [0, 2, 0, 2, 1, 1, 1, 0, 0, 1] [533, 79, 79, 77, 154, 153, 298, 297, 296, 525] Thread-5 6344
T9 [1, 2, 0, 2, 1, 1, 1, 0, 0, 0] [533, 79, 79, 77, 154, 153, 298, 297, 296, 526] Thread-9 6345
T0 [0, 3, 0, 2, 1, 1, 1, 0, 0, 0] [534, 79, 79, 77, 154, 153, 298, 297, 296, 526] Thread-2 6345
T8 [0, 3, 0, 2, 1, 1, 0, 0, 1, 1] [534, 79, 79, 77, 154, 153, 298, 297, 297, 526] Thread-8 6350
T9 [1, 3, 0, 2, 1, 1, 0, 0, 1, 0] [534, 79, 79, 77, 154, 153, 298, 297, 297, 527] Thread-10 6350
T0 [0, 4, 0, 2, 1, 1, 0, 0, 1, 0] [535, 79, 79, 77, 154, 153, 298, 297, 297, 527] Thread-0 6351
T3 [0, 4, 0, 1, 1, 1, 0, 1, 1, 1] [535, 79, 79, 78, 154, 153, 298, 297, 297, 527] Thread-4 6351
T4 [0, 3, 0, 1, 2, 1, 0, 0, 0, 1] [535, 79, 79, 78, 155, 153, 298, 297, 297, 527] Thread-6 6351
T9 [1, 3, 0, 1, 2, 1, 0, 0, 0, 0] [535, 79, 79, 78, 155, 153, 298, 297, 297, 528] Thread-11 6352
T0 [0, 4, 0, 1, 2, 1, 0, 0, 0, 0] [536, 79, 79, 78, 155, 153, 298, 297, 297, 528] Thread-1 6352
T7 [0, 4, 0, 1, 2, 0, 1, 0, 0, 0] [536, 79, 79, 78, 155, 153, 298, 298, 297, 528] Thread-7 6354
T8 [0, 4, 0, 1, 2, 0, 0, 0, 1, 1] [536, 79, 79, 78, 155, 153, 298, 298, 298, 528] Thread-7 6371
T9 [1, 4, 0, 1, 2, 0, 0, 0, 1, 0] [536, 79, 79, 78, 155, 153, 298, 298, 298, 529] Thread-9 6371
T0 [0, 5, 0, 1, 2, 0, 0, 0, 1, 0] [537, 79, 79, 78, 155, 153, 298, 298, 298, 529] Thread-2 6372
T6 [0, 4, 0, 1, 2, 1, 0, 0, 0, 0] [537, 79, 79, 78, 155, 153, 299, 298, 298, 529] Thread-8 6372
T5 [0, 4, 0, 1, 1, 1, 0, 1, 1, 1] [537, 79, 79, 78, 155, 154, 299, 298, 298, 529] Thread-6 6385
T9 [1, 4, 0, 1, 1, 1, 0, 1, 1, 0] [537, 79, 79, 78, 155, 154, 299, 298, 298, 530] Thread-10 6385
T1 [1, 3, 1, 1, 1, 1, 0, 0, 1, 0] [537, 80, 79, 78, 155, 154, 299, 298, 298, 530] Thread-4 6386
T0 [0, 4, 1, 1, 1, 1, 0, 0, 1, 0] [538, 80, 79, 78, 155, 154, 299, 298, 298, 530] Thread-0 6386
T6 [0, 3, 1, 1, 1, 2, 0, 0, 0, 0] [538, 80, 79, 78, 155, 154, 300, 298, 298, 530] Thread-7 6386
T7 [0, 3, 1, 1, 1, 1, 1, 0, 0, 0] [538, 80, 79, 78, 155, 154, 300, 299, 298, 530] Thread-8 6393
T2 [0, 3, 0, 2, 1, 1, 1, 0, 0, 0] [538, 80, 80, 78, 155, 154, 300, 299, 298, 530] Thread-4 6398
T8 [0, 3, 0, 2, 1, 1, 0, 0, 1, 1] [538, 80, 80, 78, 155, 154, 300, 299, 299, 530] Thread-8 6410
T9 [1, 3, 0, 2, 1, 1, 0, 0, 1, 0] [538, 80, 80, 78, 155, 154, 300, 299, 299, 531] Thread-11 6410
T0 [0, 4, 0, 2, 1, 1, 0, 0, 1, 0] [539, 80, 80, 78, 155, 154, 300, 299, 299, 531] Thread-1 6411
T6 [0, 3, 0, 2, 1, 2, 0, 0, 0, 0] [539, 80, 80, 78, 155, 154, 301, 299, 299, 531] Thread-8 6411
T7 [0, 3, 0, 2, 1, 1, 1, 0, 0, 0] [539, 80, 80, 78, 155, 154, 301, 300, 299, 531] Thread-7 6413
T5 [0, 3, 0, 2, 0, 1, 1, 1, 1, 1] [539, 80, 80, 78, 155, 155, 301, 300, 299, 531] Thread-5 6427
T4 [0, 2, 0, 2, 1, 1, 1, 0, 0, 1] [539, 80, 80, 78, 156, 155, 301, 300, 299, 531] Thread-6 6427
T9 [1, 2, 0, 2, 1, 1, 1, 0, 0, 0] [539, 80, 80, 78, 156, 155, 301, 300, 299, 532] Thread-9 6428
T0 [0, 3, 0, 2, 1, 1, 1, 0, 0, 0] [540, 80, 80, 78, 156, 155, 301, 300, 299, 532] Thread-2 6428
T8 [0, 3, 0, 2, 1, 1, 0, 0, 1, 1] [540, 80, 80, 78, 156, 155, 301, 300, 300, 532] Thread-7 6430
T9 [1, 3, 0, 2, 1, 1, 0, 0, 1, 0] [540, 80, 80, 78, 156, 155, 301, 300, 300, 533] Thread-10 6430
T0 [0, 4, 0, 2, 1, 1, 0, 0, 1, 0] [541, 80, 80, 78, 156, 155, 301, 300, 300, 533] Thread-0 6431
T6 [0, 3, 0, 2, 1, 2, 0, 0, 0, 0] [541, 80, 80, 78, 156, 155, 302, 300, 300, 533] Thread-7 6431
T3 [0, 3, 0, 1, 1, 2, 0, 1, 0, 1] [541, 80, 80, 79, 156, 155, 302, 300, 300, 533] Thread-4 6431
T9 [1, 3, 0, 1, 1, 2, 0, 1, 0, 0] [541, 80, 80, 79, 156, 155, 302, 300, 300, 534] Thread-11 6432
T0 [0, 4, 0, 1, 1, 2, 0, 1, 0, 0] [542, 80, 80, 79, 156, 155, 302, 300, 300, 534] Thread-1 6432
T1 [0, 3, 1, 1, 1, 2, 0, 0, 0, 0] [542, 81, 80, 79, 156, 155, 302, 300, 300, 534] Thread-4 6432
T7 [0, 3, 1, 1, 1, 1, 1, 0, 0, 0] [542, 81, 80, 79, 156, 155, 302, 301, 300, 534] Thread-7 6434
T2 [0, 3, 0, 2, 1, 1, 1, 0, 0, 0] [542, 81, 81, 79, 156, 155, 302, 301, 300, 534] Thread-4 6443
T8 [0, 3, 0, 2, 1, 1, 0, 0, 1, 1] [542, 81, 81, 79, 156, 155, 302, 301, 301, 534] Thread-7 6451
T9 [1, 3, 0, 2, 1, 1, 0, 0, 1, 0] [542, 81, 81, 79, 156, 155, 302, 301, 301, 535] Thread-9 6451
T0 [0, 4, 0, 2, 1, 1, 0, 0, 1, 0] [543, 81, 81, 79, 156, 155, 302, 301, 301, 535] Thread-2 6452
T6 [0, 3, 0, 2, 1, 2, 0, 0, 0, 0] [543, 81, 81, 79, 156, 155, 303, 301, 301, 535] Thread-7 6452
T7 [0, 3, 0, 2, 1, 1, 1, 0, 0, 0] [543, 81, 81, 79, 156, 155, 303, 302, 301, 535] Thread-7 6456
T5 [0, 3, 0, 2, 0, 1, 1, 1, 1, 1] [543, 81, 81, 79, 156, 156, 303, 302, 301, 535] Thread-6 6469
T4 [0, 2, 0, 2, 1, 1, 1, 0, 0, 1] [543, 81, 81, 79, 157, 156, 303, 302, 301, 535] Thread-5 6469
T9 [1, 2, 0, 2, 1, 1, 1, 0, 0, 0] [543, 81, 81, 79, 157, 156, 303, 302, 301, 536] Thread-10 6470
T0 [0, 3, 0, 2, 1, 1, 1, 0, 0, 0] [544, 81, 81, 79, 157, 156, 303, 302, 301, 536] Thread-0 6470
T8 [0, 3, 0, 2, 1, 1, 0, 0, 1, 1] [544, 81, 81, 79, 157, 156, 303, 302, 302, 536] Thread-7 6473
T9 [1, 3, 0, 2, 1, 1, 0, 0, 1, 0] [544, 81, 81, 79, 157, 156, 303, 302, 302, 537] Thread-11 6473
T0 [0, 4, 0, 2, 1, 1, 0, 0, 1, 0] [545, 81, 81, 79, 157, 156, 303, 302, 302, 537] Thread-1 6474
T6 [0, 3, 0, 2, 1, 2, 0, 0, 0, 0] [545, 81, 81, 79, 157, 156, 304, 302, 302, 537] Thread-7 6474
T7 [0, 3, 0, 2, 1, 1, 1, 0, 0, 0] [545, 81, 81, 79, 157, 156, 304, 303, 302, 537] Thread-8 6477
T8 [0, 3, 0, 2, 1, 1, 0, 0, 1, 1] [545, 81, 81, 79, 157, 156, 304, 303, 303, 537] Thread-8 6494
T9 [1, 3, 0, 2, 1, 1, 0, 0, 1, 0] [545, 81, 81, 79, 157, 156, 304, 303, 303, 538] Thread-9 6494
T0 [0, 4, 0, 2, 1, 1, 0, 0, 1, 0] [546, 81, 81, 79, 157, 156, 304, 303, 303, 538] Thread-2 6495
T6 [0, 3, 0, 2, 1, 2, 0, 0, 0, 0] [546, 81, 81, 79, 157, 156, 305, 303, 303, 538] Thread-8 6495
T7 [0, 3, 0, 2, 1, 1, 1, 0, 0, 0] [546, 81, 81, 79, 157, 156, 305, 304, 303, 538] Thread-7 6497
T5 [0, 3, 0, 2, 0, 1, 1, 1, 1, 1] [546, 81, 81, 79, 157, 157, 305, 304, 303, 538] Thread-5 6509
T4 [0, 2, 0, 2, 1, 1, 1, 0, 0, 1] [546, 81, 81, 79, 158, 157, 305, 304, 303, 538] Thread-6 6509
T9 [1, 2, 0, 2, 1, 1, 1, 0, 0, 0] [546, 81, 81, 79, 158, 157, 305, 304, 303, 539] Thread-10 6510
T0 [0, 3, 0, 2, 1, 1, 1, 0, 0, 0] [547, 81, 81, 79, 158, 157, 305, 304, 303, 539] Thread-0 6510
T3 [0, 3, 0, 1, 1, 1, 1, 1, 0, 1] [547, 81, 81, 80, 158, 157, 305, 304, 303, 539] Thread-3 6513
T9 [1, 3, 0, 1, 1, 1, 1, 1, 0, 0] [547, 81, 81, 80, 158, 157, 305, 304, 303, 540] Thread-11 6513
T0 [0, 4, 0, 1, 1, 1, 1, 1, 0, 0] [548, 81, 81, 80, 158, 157, 305, 304, 303, 540] Thread-1 6514
T1 [0, 3, 1, 1, 1, 1, 1, 0, 0, 0] [548, 82, 81, 80, 158, 157, 305, 304, 303, 540] Thread-3 6514
T8 [0, 3, 1, 1, 1, 1, 0, 0, 1, 1] [548, 82, 81, 80, 158, 157, 305, 304, 304, 540] Thread-7 6515
T9 [1, 3, 1, 1, 1, 1, 0, 0, 1, 0] [548, 82, 81, 80, 158, 157, 305, 304, 304, 541] Thread-9 6515
T0 [0, 4, 1, 1, 1, 1, 0, 0, 1, 0] [549, 82, 81, 80, 158, 157, 305, 304, 304, 541] Thread-2 6516
T6 [0, 3, 1, 1, 1, 2, 0, 0, 0, 0] [549, 82, 81, 80, 158, 157, 306, 304, 304, 541] Thread-7 6516
T7 [0, 3, 1, 1, 1, 1, 1, 0, 0, 0] [549, 82, 81, 80, 158, 157, 306, 305, 304, 541] Thread-7 6518
T2 [0, 3, 0, 2, 1, 1, 1, 0, 0, 0] [549, 82, 82, 80, 158, 157, 306, 305, 304, 541] Thread-3 6525
T8 [0, 3, 0, 2, 1, 1, 0, 0, 1, 1] [549, 82, 82, 80, 158, 157, 306, 305, 305, 541] Thread-7 6535
T9 [1, 3, 0, 2, 1, 1, 0, 0, 1, 0] [549, 82, 82, 80, 158, 157, 306, 305, 305, 542] Thread-10 6535
T0 [0, 4, 0, 2, 1, 1, 0, 0, 1, 0] [550, 82, 82, 80, 158, 157, 306, 305, 305, 542] Thread-0 6536
T6 [0, 3, 0, 2, 1, 2, 0, 0, 0, 0] [550, 82, 82, 80, 158, 157, 307, 305, 305, 542] Thread-7 6536
T7 [0, 3, 0, 2, 1, 1, 1, 0, 0, 0] [550, 82, 82, 80, 158, 157, 307, 306, 305, 542] Thread-7 6539
T5 [0, 3, 0, 2, 0, 1, 1, 1, 1, 1] [550, 82, 82, 80, 158, 158, 307, 306, 305, 542] Thread-6 6551
T4 [0, 2, 0, 2, 1, 1, 1, 0, 0, 1] [550, 82, 82, 80, 159, 158, 307, 306, 305, 542] Thread-5 6551
T9 [1, 2, 0, 2, 1, 1, 1, 0, 0, 0] [550, 82, 82, 80, 159, 158, 307, 306, 305, 543] Thread-11 6552
T0 [0, 3, 0, 2, 1, 1, 1, 0, 0, 0] [551, 82, 82, 80, 159, 158, 307, 306, 305, 543] Thread-1 6552
T8 [0, 3, 0, 2, 1, 1, 0, 0, 1, 1] [551, 82, 82, 80, 159, 158, 307, 306, 306, 543] Thread-7 6556
T9 [1, 3, 0, 2, 1, 1, 0, 0, 1, 0] [551, 82, 82, 80, 159, 158, 307, 306, 306, 544] Thread-9 6556
T0 [0, 4, 0, 2, 1, 1, 0, 0, 1, 0] [552, 82, 82, 80, 159, 158, 307, 306, 306, 544] Thread-2 6557
T6 [0, 3, 0, 2, 1, 2, 0, 0, 0, 0] [552, 82, 82, 80, 159, 158, 308, 306, 306, 544] Thread-7 6557
T7 [0, 3, 0, 2, 1, 1, 1, 0, 0, 0] [552, 82, 82, 80, 159, 158, 308, 307, 306, 544] Thread-8 6560
T8 [0, 3, 0, 2, 1, 1, 0, 0, 1, 1] [552, 82, 82, 80, 159, 158, 308, 307, 307, 544] Thread-8 6577
T9 [1, 3, 0, 2, 1, 1, 0, 0, 1, 0] [552, 82, 82, 80, 159, 158, 308, 307, 307, 545] Thread-10 6577
T0 [0, 4, 0, 2, 1, 1, 0, 0, 1, 0] [553, 82, 82, 80, 159, 158, 308, 307, 307, 545] Thread-0 6578
T6 [0, 3, 0, 2, 1, 2, 0, 0, 0, 0] [553, 82, 82, 80, 159, 158, 309, 307, 307, 545] Thread-8 6578
T7 [0, 3, 0, 2, 1, 1, 1, 0, 0, 0] [553, 82, 82, 80, 159, 158, 309, 308, 307, 545] Thread-7 6581
T5 [0, 3, 0, 2, 0, 1, 1, 1, 1, 1] [553, 82, 82, 80, 159, 159, 309, 308, 307, 545] Thread-5 6592
T4 [0, 2, 0, 2, 1, 1, 1, 0, 0, 1] [553, 82, 82, 80, 160, 159, 309, 308, 307, 545] Thread-6 6592
T9 [1, 2, 0, 2, 1, 1, 1, 0, 0, 0] [553, 82, 82, 80, 160, 159, 309, 308, 307, 546] Thread-11 6593
T0 [0, 3, 0, 2, 1, 1, 1, 0, 0, 0] [554, 82, 82, 80, 160, 159, 309, 308, 307, 546] Thread-1 6593
T3 [0, 3, 0, 1, 1, 1, 1, 1, 0, 1] [554, 82, 82, 81, 160, 159, 309, 308, 307, 546] Thread-4 6594
T9 [1, 3, 0, 1, 1, 1, 1, 1, 0, 0] [554, 82, 82, 81, 160, 159, 309, 308, 307, 547] Thread-9 6594
T0 [0, 4, 0, 1, 1, 1, 1, 1, 0, 0] [555, 82, 82, 81, 160, 159, 309, 308, 307, 547] Thread-2 6594
T1 [0, 3, 1, 1, 1, 1, 1, 0, 0, 0] [555, 83, 82, 81, 160, 159, 309, 308, 307, 547] Thread-4 6595
T8 [0, 3, 1, 1, 1, 1, 0, 0, 1, 1] [555, 83, 82, 81, 160, 159, 309, 308, 308, 547] Thread-7 6599
T9 [1, 3, 1, 1, 1, 1, 0, 0, 1, 0] [555, 83, 82, 81, 160, 159, 309, 308, 308, 548] Thread-10 6599
T0 [0, 4, 1, 1, 1, 1, 0, 0, 1, 0] [556, 83, 82, 81, 160, 159, 309, 308, 308, 548] Thread-0 6599
T6 [0, 3, 1, 1, 1, 2, 0, 0, 0, 0] [556, 83, 82, 81, 160, 159, 310, 308, 308, 548] Thread-7 6600
T7 [0, 3, 1, 1, 1, 1, 1, 0, 0, 0] [556, 83, 82, 81, 160, 159, 310, 309, 308, 548] Thread-7 6602
T2 [0, 3, 0, 2, 1, 1, 1, 0, 0, 0] [556, 83, 83, 81, 160, 159, 310, 309, 308, 548] Thread-4 6605
T8 [0, 3, 0, 2, 1, 1, 0, 0, 1, 1] [556, 83, 83, 81, 160, 159, 310, 309, 309, 548] Thread-7 6619
T9 [1, 3, 0, 2, 1, 1, 0, 0, 1, 0] [556, 83, 83, 81, 160, 159, 310, 309, 309, 549] Thread-11 6619
T0 [0, 4, 0, 2, 1, 1, 0, 0, 1, 0] [557, 83, 83, 81, 160, 159, 310, 309, 309, 549] Thread-1 6620
T6 [0, 3, 0, 2, 1, 2, 0, 0, 0, 0] [557, 83, 83, 81, 160, 159, 311, 309, 309, 549] Thread-7 6620
T7 [0, 3, 0, 2, 1, 1, 1, 0, 0, 0] [557, 83, 83, 81, 160, 159, 311, 310, 309, 549] Thread-7 6623
T5 [0, 3, 0, 2, 0, 1, 1, 1, 1, 1] [557, 83, 83, 81, 160, 160, 311, 310, 309, 549] Thread-6 6634
T4 [0, 2, 0, 2, 1, 1, 1, 0, 0, 1] [557, 83, 83, 81, 161, 160, 311, 310, 309, 549] Thread-5 6634
T9 [1, 2, 0, 2, 1, 1, 1, 0, 0, 0] [557, 83, 83, 81, 161, 160, 311, 310, 309, 550] Thread-9 6635
T0 [0, 3, 0, 2, 1, 1, 1, 0, 0, 0] [558, 83, 83, 81, 161, 160, 311, 310, 309, 550] Thread-2 6635
T8 [0, 3, 0, 2, 1, 1, 0, 0, 1, 1] [558, 83, 83, 81, 161, 160, 311, 310, 310, 550] Thread-7 6640
T9 [1, 3, 0, 2, 1, 1, 0, 0, 1, 0] [558, 83, 83, 81, 161, 160, 311, 310, 310, 551] Thread-10 6640
T0 [0, 4, 0, 2, 1, 1, 0, 0, 1, 0] [559, 83, 83, 81, 161, 160, 311, 310, 310, 551] Thread-0 6641
T6 [0, 3, 0, 2, 1, 2, 0, 0, 0, 0] [559, 83, 83, 81, 161, 160, 312, 310, 310, 551] Thread-7 6641
T7 [0, 3, 0, 2, 1, 1, 1, 0, 0, 0] [559, 83, 83, 81, 161, 160, 312, 311, 310, 551] Thread-8 6644
T8 [0, 3, 0, 2, 1, 1, 0, 0, 1, 1] [559, 83, 83, 81, 161, 160, 312, 311, 311, 551] Thread-8 6661
T9 [1, 3, 0, 2, 1, 1, 0, 0, 1, 0] [559, 83, 83, 81, 161, 160, 312, 311, 311, 552] Thread-11 6661
T0 [0, 4, 0, 2, 1, 1, 0, 0, 1, 0] [560, 83, 83, 81, 161, 160, 312, 311, 311, 552] Thread-1 6662
T6 [0, 3, 0, 2, 1, 2, 0, 0, 0, 0] [560, 83, 83, 81, 161, 160, 313, 311, 311, 552] Thread-8 6662
T7 [0, 3, 0, 2, 1, 1, 1, 0, 0, 0] [560, 83, 83, 81, 161, 160, 313, 312, 311, 552] Thread-8 6665
T3 [0, 3, 0, 1, 1, 1, 1, 1, 0, 1] [560, 83, 83, 82, 161, 160, 313, 312, 311, 552] Thread-4 6674
T9 [1, 3, 0, 1, 1, 1, 1, 1, 0, 0] [560, 83, 83, 82, 161, 160, 313, 312, 311, 553] Thread-9 6674
T0 [0, 4, 0, 1, 1, 1, 1, 1, 0, 0] [561, 83, 83, 82, 161, 160, 313, 312, 311, 553] Thread-2 6675
T1 [0, 3, 1, 1, 1, 1, 1, 0, 0, 0] [561, 84, 83, 82, 161, 160, 313, 312, 311, 553] Thread-4 6675
T5 [0, 3, 1, 1, 0, 1, 1, 1, 1, 1] [561, 84, 83, 82, 161, 161, 313, 312, 311, 553] Thread-5 6675
T4 [0, 2, 1, 1, 1, 1, 1, 0, 0, 1] [561, 84, 83, 82, 162, 161, 313, 312, 311, 553] Thread-6 6677
T9 [1, 2, 1, 1, 1, 1, 1, 0, 0, 0] [561, 84, 83, 82, 162, 161, 313, 312, 311, 554] Thread-10 6677
T0 [0, 3, 1, 1, 1, 1, 1, 0, 0, 0] [562, 84, 83, 82, 162, 161, 313, 312, 311, 554] Thread-0 6677
T8 [0, 3, 1, 1, 1, 1, 0, 0, 1, 1] [562, 84, 83, 82, 162, 161, 313, 312, 312, 554] Thread-8 6682
T9 [1, 3, 1, 1, 1, 1, 0, 0, 1, 0] [562, 84, 83, 82, 162, 161, 313, 312, 312, 555] Thread-11 6682
T0 [0, 4, 1, 1, 1, 1, 0, 0, 1, 0] [563, 84, 83, 82, 162, 161, 313, 312, 312, 555] Thread-1 6682
T6 [0, 3, 1, 1, 1, 2, 0, 0, 0, 0] [563, 84, 83, 82, 162, 161, 314, 312, 312, 555] Thread-8 6683
T7 [0, 3, 1, 1, 1, 1, 1, 0, 0, 0] [563, 84, 83, 82, 162, 161, 314, 313, 312, 555] Thread-8 6686
T2 [0, 3, 0, 2, 1, 1, 1, 0, 0, 0] [563, 84, 84, 82, 162, 161, 314, 313, 312, 555] Thread-4 6687
T8 [0, 3, 0, 2, 1, 1, 0, 0, 1, 1] [563, 84, 84, 82, 162, 161, 314, 313, 313, 555] Thread-8 6702
T9 [1, 3, 0, 2, 1, 1, 0, 0, 1, 0] [563, 84, 84, 82, 162, 161, 314, 313, 313, 556] Thread-9 6702
T0 [0, 4, 0, 2, 1, 1, 0, 0, 1, 0] [564, 84, 84, 82, 162, 161, 314, 313, 313, 556] Thread-2 6703
T6 [0, 3, 0, 2, 1, 2, 0, 0, 0, 0] [564, 84, 84, 82, 162, 161, 315, 313, 313, 556] Thread-8 6703
T7 [0, 3, 0, 2, 1, 1, 1, 0, 0, 0] [564, 84, 84, 82, 162, 161, 315, 314, 313, 556] Thread-7 6706
T5 [0, 3, 0, 2, 0, 1, 1, 1, 1, 1] [564, 84, 84, 82, 162, 162, 315, 314, 313, 556] Thread-6 6716
T4 [0, 2, 0, 2, 1, 1, 1, 0, 0, 1] [564, 84, 84, 82, 163, 162, 315, 314, 313, 556] Thread-5 6716
T9 [1, 2, 0, 2, 1, 1, 1, 0, 0, 0] [564, 84, 84, 82, 163, 162, 315, 314, 313, 557] Thread-10 6717
T0 [0, 3, 0, 2, 1, 1, 1, 0, 0, 0] [565, 84, 84, 82, 163, 162, 315, 314, 313, 557] Thread-0 6717
T8 [0, 3, 0, 2, 1, 1, 0, 0, 1, 1] [565, 84, 84, 82, 163, 162, 315, 314, 314, 557] Thread-7 6722
T9 [1, 3, 0, 2, 1, 1, 0, 0, 1, 0] [565, 84, 84, 82, 163, 162, 315, 314, 314, 558] Thread-11 6722
T0 [0, 4, 0, 2, 1, 1, 0, 0, 1, 0] [566, 84, 84, 82, 163, 162, 315, 314, 314, 558] Thread-1 6723
T6 [0, 3, 0, 2, 1, 2, 0, 0, 0, 0] [566, 84, 84, 82, 163, 162, 316, 314, 314, 558] Thread-7 6723
T7 [0, 3, 0, 2, 1, 1, 1, 0, 0, 0] [566, 84, 84, 82, 163, 162, 316, 315, 314, 558] Thread-8 6726
T8 [0, 3, 0, 2, 1, 1, 0, 0, 1, 1] [566, 84, 84, 82, 163, 162, 316, 315, 315, 558] Thread-8 6743
T9 [1, 3, 0, 2, 1, 1, 0, 0, 1, 0] [566, 84, 84, 82, 163, 162, 316, 315, 315, 559] Thread-9 6743
T0 [0, 4, 0, 2, 1, 1, 0, 0, 1, 0] [567, 84, 84, 82, 163, 162, 316, 315, 315, 559] Thread-2 6744
T6 [0, 3, 0, 2, 1, 2, 0, 0, 0, 0] [567, 84, 84, 82, 163, 162, 317, 315, 315, 559] Thread-8 6744
T7 [0, 3, 0, 2, 1, 1, 1, 0, 0, 0] [567, 84, 84, 82, 163, 162, 317, 316, 315, 559] Thread-7 6746
T3 [0, 3, 0, 1, 1, 1, 1, 1, 0, 1] [567, 84, 84, 83, 163, 162, 317, 316, 315, 559] Thread-4 6754
T9 [1, 3, 0, 1, 1, 1, 1, 1, 0, 0] [567, 84, 84, 83, 163, 162, 317, 316, 315, 560] Thread-10 6754
T0 [0, 4, 0, 1, 1, 1, 1, 1, 0, 0] [568, 84, 84, 83, 163, 162, 317, 316, 315, 560] Thread-0 6754
T1 [0, 3, 1, 1, 1, 1, 1, 0, 0, 0] [568, 85, 84, 83, 163, 162, 317, 316, 315, 560] Thread-4 6756
T5 [0, 3, 1, 1, 0, 1, 1, 1, 1, 1] [568, 85, 84, 83, 163, 163, 317, 316, 315, 560] Thread-5 6757
T4 [0, 2, 1, 1, 1, 1, 1, 0, 0, 1] [568, 85, 84, 83, 164, 163, 317, 316, 315, 560] Thread-6 6757
T9 [1, 2, 1, 1, 1, 1, 1, 0, 0, 0] [568, 85, 84, 83, 164, 163, 317, 316, 315, 561] Thread-11 6758
T0 [0, 3, 1, 1, 1, 1, 1, 0, 0, 0] [569, 85, 84, 83, 164, 163, 317, 316, 315, 561] Thread-1 6758
T8 [0, 3, 1, 1, 1, 1, 0, 0, 1, 1] [569, 85, 84, 83, 164, 163, 317, 316, 316, 561] Thread-7 6763
T9 [1, 3, 1, 1, 1, 1, 0, 0, 1, 0] [569, 85, 84, 83, 164, 163, 317, 316, 316, 562] Thread-9 6763
T0 [0, 4, 1, 1, 1, 1, 0, 0, 1, 0] [570, 85, 84, 83, 164, 163, 317, 316, 316, 562] Thread-2 6764
T6 [0, 3, 1, 1, 1, 2, 0, 0, 0, 0] [570, 85, 84, 83, 164, 163, 318, 316, 316, 562] Thread-7 6764
T7 [0, 3, 1, 1, 1, 1, 1, 0, 0, 0] [570, 85, 84, 83, 164, 163, 318, 317, 316, 562] Thread-8 6766
T2 [0, 3, 0, 2, 1, 1, 1, 0, 0, 0] [570, 85, 85, 83, 164, 163, 318, 317, 316, 562] Thread-4 6767
T8 [0, 3, 0, 2, 1, 1, 0, 0, 1, 1] [570, 85, 85, 83, 164, 163, 318, 317, 317, 562] Thread-8 6783
T9 [1, 3, 0, 2, 1, 1, 0, 0, 1, 0] [570, 85, 85, 83, 164, 163, 318, 317, 317, 563] Thread-10 6783
T0 [0, 4, 0, 2, 1, 1, 0, 0, 1, 0] [571, 85, 85, 83, 164, 163, 318, 317, 317, 563] Thread-0 6784
T6 [0, 3, 0, 2, 1, 2, 0, 0, 0, 0] [571, 85, 85, 83, 164, 163, 319, 317, 317, 563] Thread-8 6784
T7 [0, 3, 0, 2, 1, 1, 1, 0, 0, 0] [571, 85, 85, 83, 164, 163, 319, 318, 317, 563] Thread-7 6786
T5 [0, 3, 0, 2, 0, 1, 1, 1, 1, 1] [571, 85, 85, 83, 164, 164, 319, 318, 317, 563] Thread-6 6797
T4 [0, 2, 0, 2, 1, 1, 1, 0, 0, 1] [571, 85, 85, 83, 165, 164, 319, 318, 317, 563] Thread-5 6797
T9 [1, 2, 0, 2, 1, 1, 1, 0, 0, 0] [571, 85, 85, 83, 165, 164, 319, 318, 317, 564] Thread-11 6798
T0 [0, 3, 0, 2, 1, 1, 1, 0, 0, 0] [572, 85, 85, 83, 165, 164, 319, 318, 317, 564] Thread-1 6798
T8 [0, 3, 0, 2, 1, 1, 0, 0, 1, 1] [572, 85, 85, 83, 165, 164, 319, 318, 318, 564] Thread-7 6803
T9 [1, 3, 0, 2, 1, 1, 0, 0, 1, 0] [572, 85, 85, 83, 165, 164, 319, 318, 318, 565] Thread-9 6803
T0 [0, 4, 0, 2, 1, 1, 0, 0, 1, 0] [573, 85, 85, 83, 165, 164, 319, 318, 318, 565] Thread-2 6804
T6 [0, 3, 0, 2, 1, 2, 0, 0, 0, 0] [573, 85, 85, 83, 165, 164, 320, 318, 318, 565] Thread-7 6804
T7 [0, 3, 0, 2, 1, 1, 1, 0, 0, 0] [573, 85, 85, 83, 165, 164, 320, 319, 318, 565] Thread-7 6807
T8 [0, 3, 0, 2, 1, 1, 0, 0, 1, 1] [573, 85, 85, 83, 165, 164, 320, 319, 319, 565] Thread-7 6825
T9 [1, 3, 0, 2, 1, 1, 0, 0, 1, 0] [573, 85, 85, 83, 165, 164, 320, 319, 319, 566] Thread-10 6825
T0 [0, 4, 0, 2, 1, 1, 0, 0, 1, 0] [574, 85, 85, 83, 165, 164, 320, 319, 319, 566] Thread-0 6826
T6 [0, 3, 0, 2, 1, 2, 0, 0, 0, 0] [574, 85, 85, 83, 165, 164, 321, 319, 319, 566] Thread-7 6826
T7 [0, 3, 0, 2, 1, 1, 1, 0, 0, 0] [574, 85, 85, 83, 165, 164, 321, 320, 319, 566] Thread-7 6828
T3 [0, 3, 0, 1, 1, 1, 1, 1, 0, 1] [574, 85, 85, 84, 165, 164, 321, 320, 319, 566] Thread-3 6835
T9 [1, 3, 0, 1, 1, 1, 1, 1, 0, 0] [574, 85, 85, 84, 165, 164, 321, 320, 319, 567] Thread-11 6835
T0 [0, 4, 0, 1, 1, 1, 1, 1, 0, 0] [575, 85, 85, 84, 165, 164, 321, 320, 319, 567] Thread-1 6836
T1 [0, 3, 1, 1, 1, 1, 1, 0, 0, 0] [575, 86, 85, 84, 165, 164, 321, 320, 319, 567] Thread-3 6836
T5 [0, 3, 1, 1, 0, 1, 1, 1, 1, 1] [575, 86, 85, 84, 165, 165, 321, 320, 319, 567] Thread-5 6839
T4 [0, 2, 1, 1, 1, 1, 1, 0, 0, 1] [575, 86, 85, 84, 166, 165, 321, 320, 319, 567] Thread-6 6839
T9 [1, 2, 1, 1, 1, 1, 1, 0, 0, 0] [575, 86, 85, 84, 166, 165, 321, 320, 319, 568] Thread-9 6840
T0 [0, 3, 1, 1, 1, 1, 1, 0, 0, 0] [576, 86, 85, 84, 166, 165, 321, 320, 319, 568] Thread-2 6840
T8 [0, 3, 1, 1, 1, 1, 0, 0, 1, 1] [576, 86, 85, 84, 166, 165, 321, 320, 320, 568] Thread-7 6845
T9 [1, 3, 1, 1, 1, 1, 0, 0, 1, 0] [576, 86, 85, 84, 166, 165, 321, 320, 320, 569] Thread-10 6845
T0 [0, 4, 1, 1, 1, 1, 0, 0, 1, 0] [577, 86, 85, 84, 166, 165, 321, 320, 320, 569] Thread-0 6846
T6 [0, 3, 1, 1, 1, 2, 0, 0, 0, 0] [577, 86, 85, 84, 166, 165, 322, 320, 320, 569] Thread-7 6846
T2 [0, 3, 0, 2, 1, 2, 0, 0, 0, 0] [577, 86, 86, 84, 166, 165, 322, 320, 320, 569] Thread-3 6847
T7 [0, 3, 0, 2, 1, 1, 1, 0, 0, 0] [577, 86, 86, 84, 166, 165, 322, 321, 320, 569] Thread-8 6849
T8 [0, 3, 0, 2, 1, 1, 0, 0, 1, 1] [577, 86, 86, 84, 166, 165, 322, 321, 321, 569] Thread-8 6866
T9 [1, 3, 0, 2, 1, 1, 0, 0, 1, 0] [577, 86, 86, 84, 166, 165, 322, 321, 321, 570] Thread-11 6867
T0 [0, 4, 0, 2, 1, 1, 0, 0, 1, 0] [578, 86, 86, 84, 166, 165, 322, 321, 321, 570] Thread-1 6867
T6 [0, 3, 0, 2, 1, 2, 0, 0, 0, 0] [578, 86, 86, 84, 166, 165, 323, 321, 321, 570] Thread-8 6868
T7 [0, 3, 0, 2, 1, 1, 1, 0, 0, 0] [578, 86, 86, 84, 166, 165, 323, 322, 321, 570] Thread-7 6870
T5 [0, 3, 0, 2, 0, 1, 1, 1, 1, 1] [578, 86, 86, 84, 166, 166, 323, 322, 321, 570] Thread-6 6880
T4 [0, 2, 0, 2, 1, 1, 1, 0, 0, 1] [578, 86, 86, 84, 167, 166, 323, 322, 321, 570] Thread-5 6880
T9 [1, 2, 0, 2, 1, 1, 1, 0, 0, 0] [578, 86, 86, 84, 167, 166, 323, 322, 321, 571] Thread-9 6881
T0 [0, 3, 0, 2, 1, 1, 1, 0, 0, 0] [579, 86, 86, 84, 167, 166, 323, 322, 321, 571] Thread-2 6881
T8 [0, 3, 0, 2, 1, 1, 0, 0, 1, 1] [579, 86, 86, 84, 167, 166, 323, 322, 322, 571] Thread-7 6887
T9 [1, 3, 0, 2, 1, 1, 0, 0, 1, 0] [579, 86, 86, 84, 167, 166, 323, 322, 322, 572] Thread-10 6888
T0 [0, 4, 0, 2, 1, 1, 0, 0, 1, 0] [580, 86, 86, 84, 167, 166, 323, 322, 322, 572] Thread-0 6888
T6 [0, 3, 0, 2, 1, 2, 0, 0, 0, 0] [580, 86, 86, 84, 167, 166, 324, 322, 322, 572] Thread-7 6889
T7 [0, 3, 0, 2, 1, 1, 1, 0, 0, 0] [580, 86, 86, 84, 167, 166, 324, 323, 322, 572] Thread-7 6892
T8 [0, 3, 0, 2, 1, 1, 0, 0, 1, 1] [580, 86, 86, 84, 167, 166, 324, 323, 323, 572] Thread-7 6909
T9 [1, 3, 0, 2, 1, 1, 0, 0, 1, 0] [580, 86, 86, 84, 167, 166, 324, 323, 323, 573] Thread-11 6909
T0 [0, 4, 0, 2, 1, 1, 0, 0, 1, 0] [581, 86, 86, 84, 167, 166, 324, 323, 323, 573] Thread-1 6910
T6 [0, 3, 0, 2, 1, 2, 0, 0, 0, 0] [581, 86, 86, 84, 167, 166, 325, 323, 323, 573] Thread-7 6910
T7 [0, 3, 0, 2, 1, 1, 1, 0, 0, 0] [581, 86, 86, 84, 167, 166, 325, 324, 323, 573] Thread-8 6913
T3 [0, 3, 0, 1, 1, 1, 1, 1, 0, 1] [581, 86, 86, 85, 167, 166, 325, 324, 323, 573] Thread-3 6916
T9 [1, 3, 0, 1, 1, 1, 1, 1, 0, 0] [581, 86, 86, 85, 167, 166, 325, 324, 323, 574] Thread-9 6916
T0 [0, 4, 0, 1, 1, 1, 1, 1, 0, 0] [582, 86, 86, 85, 167, 166, 325, 324, 323, 574] Thread-2 6917
T1 [0, 3, 1, 1, 1, 1, 1, 0, 0, 0] [582, 87, 86, 85, 167, 166, 325, 324, 323, 574] Thread-3 6917
T5 [0, 3, 1, 1, 0, 1, 1, 1, 1, 1] [582, 87, 86, 85, 167, 167, 325, 324, 323, 574] Thread-5 6922
T4 [0, 2, 1, 1, 1, 1, 1, 0, 0, 1] [582, 87, 86, 85, 168, 167, 325, 324, 323, 574] Thread-6 6922
T9 [1, 2, 1, 1, 1, 1, 1, 0, 0, 0] [582, 87, 86, 85, 168, 167, 325, 324, 323, 575] Thread-10 6923
T0 [0, 3, 1, 1, 1, 1, 1, 0, 0, 0] [583, 87, 86, 85, 168, 167, 325, 324, 323, 575] Thread-0 6923
T2 [0, 3, 0, 2, 1, 1, 1, 0, 0, 0] [583, 87, 87, 85, 168, 167, 325, 324, 323, 575] Thread-3 6928
T8 [0, 3, 0, 2, 1, 1, 0, 0, 1, 1] [583, 87, 87, 85, 168, 167, 325, 324, 324, 575] Thread-8 6929
T9 [1, 3, 0, 2, 1, 1, 0, 0, 1, 0] [583, 87, 87, 85, 168, 167, 325, 324, 324, 576] Thread-11 6929
T0 [0, 4, 0, 2, 1, 1, 0, 0, 1, 0] [584, 87, 87, 85, 168, 167, 325, 324, 324, 576] Thread-1 6929
T6 [0, 3, 0, 2, 1, 2, 0, 0, 0, 0] [584, 87, 87, 85, 168, 167, 326, 324, 324, 576] Thread-8 6931
T7 [0, 3, 0, 2, 1, 1, 1, 0, 0, 0] [584, 87, 87, 85, 168, 167, 326, 325, 324, 576] Thread-8 6934
T8 [0, 3, 0, 2, 1, 1, 0, 0, 1, 1] [584, 87, 87, 85, 168, 167, 326, 325, 325, 576] Thread-8 6950
T9 [1, 3, 0, 2, 1, 1, 0, 0, 1, 0] [584, 87, 87, 85, 168, 167, 326, 325, 325, 577] Thread-9 6950
T0 [0, 4, 0, 2, 1, 1, 0, 0, 1, 0] [585, 87, 87, 85, 168, 167, 326, 325, 325, 577] Thread-2 6951
T6 [0, 3, 0, 2, 1, 2, 0, 0, 0, 0] [585, 87, 87, 85, 168, 167, 327, 325, 325, 577] Thread-8 6951
T7 [0, 3, 0, 2, 1, 1, 1, 0, 0, 0] [585, 87, 87, 85, 168, 167, 327, 326, 325, 577] Thread-7 6955
T5 [0, 3, 0, 2, 0, 1, 1, 1, 1, 1] [585, 87, 87, 85, 168, 168, 327, 326, 325, 577] Thread-6 6963
T4 [0, 2, 0, 2, 1, 1, 1, 0, 0, 1] [585, 87, 87, 85, 169, 168, 327, 326, 325, 577] Thread-5 6963
T9 [1, 2, 0, 2, 1, 1, 1, 0, 0, 0] [585, 87, 87, 85, 169, 168, 327, 326, 325, 578] Thread-10 6964
T0 [0, 3, 0, 2, 1, 1, 1, 0, 0, 0] [586, 87, 87, 85, 169, 168, 327, 326, 325, 578] Thread-0 6964
T8 [0, 3, 0, 2, 1, 1, 0, 0, 1, 1] [586, 87, 87, 85, 169, 168, 327, 326, 326, 578] Thread-7 6972
T9 [1, 3, 0, 2, 1, 1, 0, 0, 1, 0] [586, 87, 87, 85, 169, 168, 327, 326, 326, 579] Thread-11 6972
T0 [0, 4, 0, 2, 1, 1, 0, 0, 1, 0] [587, 87, 87, 85, 169, 168, 327, 326, 326, 579] Thread-1 6973
T6 [0, 3, 0, 2, 1, 2, 0, 0, 0, 0] [587, 87, 87, 85, 169, 168, 328, 326, 326, 579] Thread-7 6973
T7 [0, 3, 0, 2, 1, 1, 1, 0, 0, 0] [587, 87, 87, 85, 169, 168, 328, 327, 326, 579] Thread-8 6975
T8 [0, 3, 0, 2, 1, 1, 0, 0, 1, 1] [587, 87, 87, 85, 169, 168, 328, 327, 327, 579] Thread-8 6991
T9 [1, 3, 0, 2, 1, 1, 0, 0, 1, 0] [587, 87, 87, 85, 169, 168, 328, 327, 327, 580] Thread-9 6991
T0 [0, 4, 0, 2, 1, 1, 0, 0, 1, 0] [588, 87, 87, 85, 169, 168, 328, 327, 327, 580] Thread-2 6992
T6 [0, 3, 0, 2, 1, 2, 0, 0, 0, 0] [588, 87, 87, 85, 169, 168, 329, 327, 327, 580] Thread-8 6992
T7 [0, 3, 0, 2, 1, 1, 1, 0, 0, 0] [588, 87, 87, 85, 169, 168, 329, 328, 327, 580] Thread-7 6995
T3 [0, 3, 0, 1, 1, 1, 1, 1, 0, 1] [588, 87, 87, 86, 169, 168, 329, 328, 327, 580] Thread-4 6996
T9 [1, 3, 0, 1, 1, 1, 1, 1, 0, 0] [588, 87, 87, 86, 169, 168, 329, 328, 327, 581] Thread-10 6996
T0 [0, 4, 0, 1, 1, 1, 1, 1, 0, 0] [589, 87, 87, 86, 169, 168, 329, 328, 327, 581] Thread-0 6997
T1 [0, 3, 1, 1, 1, 1, 1, 0, 0, 0] [589, 88, 87, 86, 169, 168, 329, 328, 327, 581] Thread-4 6997
T5 [0, 3, 1, 1, 0, 1, 1, 1, 1, 1] [589, 88, 87, 86, 169, 169, 329, 328, 327, 581] Thread-5 7004
T4 [0, 2, 1, 1, 1, 1, 1, 0, 0, 1] [589, 88, 87, 86, 170, 169, 329, 328, 327, 581] Thread-6 7004
T9 [1, 2, 1, 1, 1, 1, 1, 0, 0, 0] [589, 88, 87, 86, 170, 169, 329, 328, 327, 582] Thread-11 7006
T0 [0, 3, 1, 1, 1, 1, 1, 0, 0, 0] [590, 88, 87, 86, 170, 169, 329, 328, 327, 582] Thread-1 7006
T2 [0, 3, 0, 2, 1, 1, 1, 0, 0, 0] [590, 88, 88, 86, 170, 169, 329, 328, 327, 582] Thread-4 7009
T8 [0, 3, 0, 2, 1, 1, 0, 0, 1, 1] [590, 88, 88, 86, 170, 169, 329, 328, 328, 582] Thread-7 7013
T9 [1, 3, 0, 2, 1, 1, 0, 0, 1, 0] [590, 88, 88, 86, 170, 169, 329, 328, 328, 583] Thread-9 7013
T0 [0, 4, 0, 2, 1, 1, 0, 0, 1, 0] [591, 88, 88, 86, 170, 169, 329, 328, 328, 583] Thread-2 7014
T6 [0, 3, 0, 2, 1, 2, 0, 0, 0, 0] [591, 88, 88, 86, 170, 169, 330, 328, 328, 583] Thread-7 7014
T7 [0, 3, 0, 2, 1, 1, 1, 0, 0, 0] [591, 88, 88, 86, 170, 169, 330, 329, 328, 583] Thread-7 7016
T8 [0, 3, 0, 2, 1, 1, 0, 0, 1, 1] [591, 88, 88, 86, 170, 169, 330, 329, 329, 583] Thread-7 7033
T9 [1, 3, 0, 2, 1, 1, 0, 0, 1, 0] [591, 88, 88, 86, 170, 169, 330, 329, 329, 584] Thread-10 7033
T0 [0, 4, 0, 2, 1, 1, 0, 0, 1, 0] [592, 88, 88, 86, 170, 169, 330, 329, 329, 584] Thread-0 7034
T6 [0, 3, 0, 2, 1, 2, 0, 0, 0, 0] [592, 88, 88, 86, 170, 169, 331, 329, 329, 584] Thread-7 7034
T7 [0, 3, 0, 2, 1, 1, 1, 0, 0, 0] [592, 88, 88, 86, 170, 169, 331, 330, 329, 584] Thread-8 7036
T5 [0, 3, 0, 2, 0, 1, 1, 1, 1, 1] [592, 88, 88, 86, 170, 170, 331, 330, 329, 584] Thread-6 7045
T4 [0, 2, 0, 2, 1, 1, 1, 0, 0, 1] [592, 88, 88, 86, 171, 170, 331, 330, 329, 584] Thread-5 7045
T9 [1, 2, 0, 2, 1, 1, 1, 0, 0, 0] [592, 88, 88, 86, 171, 170, 331, 330, 329, 585] Thread-11 7046
T0 [0, 3, 0, 2, 1, 1, 1, 0, 0, 0] [593, 88, 88, 86, 171, 170, 331, 330, 329, 585] Thread-1 7046
T8 [0, 3, 0, 2, 1, 1, 0, 0, 1, 1] [593, 88, 88, 86, 171, 170, 331, 330, 330, 585] Thread-8 7053
T9 [1, 3, 0, 2, 1, 1, 0, 0, 1, 0] [593, 88, 88, 86, 171, 170, 331, 330, 330, 586] Thread-9 7053
T0 [0, 4, 0, 2, 1, 1, 0, 0, 1, 0] [594, 88, 88, 86, 171, 170, 331, 330, 330, 586] Thread-2 7054
T6 [0, 3, 0, 2, 1, 2, 0, 0, 0, 0] [594, 88, 88, 86, 171, 170, 332, 330, 330, 586] Thread-8 7054
T7 [0, 3, 0, 2, 1, 1, 1, 0, 0, 0] [594, 88, 88, 86, 171, 170, 332, 331, 330, 586] Thread-7 7056
T8 [0, 3, 0, 2, 1, 1, 0, 0, 1, 1] [594, 88, 88, 86, 171, 170, 332, 331, 331, 586] Thread-7 7073
T9 [1, 3, 0, 2, 1, 1, 0, 0, 1, 0] [594, 88, 88, 86, 171, 170, 332, 331, 331, 587] Thread-10 7073
T0 [0, 4, 0, 2, 1, 1, 0, 0, 1, 0] [595, 88, 88, 86, 171, 170, 332, 331, 331, 587] Thread-0 7074
T6 [0, 3, 0, 2, 1, 2, 0, 0, 0, 0] [595, 88, 88, 86, 171, 170, 333, 331, 331, 587] Thread-7 7074
T3 [0, 3, 0, 1, 1, 2, 0, 1, 0, 1] [595, 88, 88, 87, 171, 170, 333, 331, 331, 587] Thread-4 7076
T9 [1, 3, 0, 1, 1, 2, 0, 1, 0, 0] [595, 88, 88, 87, 171, 170, 333, 331, 331, 588] Thread-11 7076
T0 [0, 4, 0, 1, 1, 2, 0, 1, 0, 0] [596, 88, 88, 87, 171, 170, 333, 331, 331, 588] Thread-1 7078
T7 [0, 4, 0, 1, 1, 1, 1, 1, 0, 0] [596, 88, 88, 87, 171, 170, 333, 332, 331, 588] Thread-8 7078
T1 [0, 3, 1, 1, 1, 1, 1, 0, 0, 0] [596, 89, 88, 87, 171, 170, 333, 332, 331, 588] Thread-4 7078
T5 [0, 3, 1, 1, 0, 1, 1, 1, 1, 1] [596, 89, 88, 87, 171, 171, 333, 332, 331, 588] Thread-5 7086
T4 [0, 2, 1, 1, 1, 1, 1, 0, 0, 1] [596, 89, 88, 87, 172, 171, 333, 332, 331, 588] Thread-6 7086
T9 [1, 2, 1, 1, 1, 1, 1, 0, 0, 0] [596, 89, 88, 87, 172, 171, 333, 332, 331, 589] Thread-9 7087
T0 [0, 3, 1, 1, 1, 1, 1, 0, 0, 0] [597, 89, 88, 87, 172, 171, 333, 332, 331, 589] Thread-2 7087
T2 [0, 3, 0, 2, 1, 1, 1, 0, 0, 0] [597, 89, 89, 87, 172, 171, 333, 332, 331, 589] Thread-4 7090
T8 [0, 3, 0, 2, 1, 1, 0, 0, 1, 1] [597, 89, 89, 87, 172, 171, 333, 332, 332, 589] Thread-8 7095
T9 [1, 3, 0, 2, 1, 1, 0, 0, 1, 0] [597, 89, 89, 87, 172, 171, 333, 332, 332, 590] Thread-10 7095
T0 [0, 4, 0, 2, 1, 1, 0, 0, 1, 0] [598, 89, 89, 87, 172, 171, 333, 332, 332, 590] Thread-0 7096
T6 [0, 3, 0, 2, 1, 2, 0, 0, 0, 0] [598, 89, 89, 87, 172, 171, 334, 332, 332, 590] Thread-8 7096
T7 [0, 3, 0, 2, 1, 1, 1, 0, 0, 0] [598, 89, 89, 87, 172, 171, 334, 333, 332, 590] Thread-8 7099
T8 [0, 3, 0, 2, 1, 1, 0, 0, 1, 1] [598, 89, 89, 87, 172, 171, 334, 333, 333, 590] Thread-8 7116
T9 [1, 3, 0, 2, 1, 1, 0, 0, 1, 0] [598, 89, 89, 87, 172, 171, 334, 333, 333, 591] Thread-11 7116
T0 [0, 4, 0, 2, 1, 1, 0, 0, 1, 0] [599, 89, 89, 87, 172, 171, 334, 333, 333, 591] Thread-1 7117
T6 [0, 3, 0, 2, 1, 2, 0, 0, 0, 0] [599, 89, 89, 87, 172, 171, 335, 333, 333, 591] Thread-8 7117
T7 [0, 3, 0, 2, 1, 1, 1, 0, 0, 0] [599, 89, 89, 87, 172, 171, 335, 334, 333, 591] Thread-8 7120
T5 [0, 3, 0, 2, 0, 1, 1, 1, 1, 1] [599, 89, 89, 87, 172, 172, 335, 334, 333, 591] Thread-6 7128
T4 [0, 2, 0, 2, 1, 1, 1, 0, 0, 1] [599, 89, 89, 87, 173, 172, 335, 334, 333, 591] Thread-5 7128
T9 [1, 2, 0, 2, 1, 1, 1, 0, 0, 0] [599, 89, 89, 87, 173, 172, 335, 334, 333, 592] Thread-9 7129
T0 [0, 3, 0, 2, 1, 1, 1, 0, 0, 0] [600, 89, 89, 87, 173, 172, 335, 334, 333, 592] Thread-2 7129
T8 [0, 3, 0, 2, 1, 1, 0, 0, 1, 1] [600, 89, 89, 87, 173, 172, 335, 334, 334, 592] Thread-8 7137
T9 [1, 3, 0, 2, 1, 1, 0, 0, 1, 0] [600, 89, 89, 87, 173, 172, 335, 334, 334, 593] Thread-10 7137
T0 [0, 4, 0, 2, 1, 1, 0, 0, 1, 0] [601, 89, 89, 87, 173, 172, 335, 334, 334, 593] Thread-0 7138
T6 [0, 3, 0, 2, 1, 2, 0, 0, 0, 0] [601, 89, 89, 87, 173, 172, 336, 334, 334, 593] Thread-8 7138
T7 [0, 3, 0, 2, 1, 1, 1, 0, 0, 0] [601, 89, 89, 87, 173, 172, 336, 335, 334, 593] Thread-7 7141
T3 [0, 3, 0, 1, 1, 1, 1, 1, 0, 1] [601, 89, 89, 88, 173, 172, 336, 335, 334, 593] Thread-4 7157
T9 [1, 3, 0, 1, 1, 1, 1, 1, 0, 0] [601, 89, 89, 88, 173, 172, 336, 335, 334, 594] Thread-11 7157
T0 [0, 4, 0, 1, 1, 1, 1, 1, 0, 0] [602, 89, 89, 88, 173, 172, 336, 335, 334, 594] Thread-1 7158
T1 [0, 3, 1, 1, 1, 1, 1, 0, 0, 0] [602, 90, 89, 88, 173, 172, 336, 335, 334, 594] Thread-4 7158
T8 [0, 3, 1, 1, 1, 1, 0, 0, 1, 1] [602, 90, 89, 88, 173, 172, 336, 335, 335, 594] Thread-7 7159
T9 [1, 3, 1, 1, 1, 1, 0, 0, 1, 0] [602, 90, 89, 88, 173, 172, 336, 335, 335, 595] Thread-9 7159
T0 [0, 4, 1, 1, 1, 1, 0, 0, 1, 0] [603, 90, 89, 88, 173, 172, 336, 335, 335, 595] Thread-2 7159
T6 [0, 3, 1, 1, 1, 2, 0, 0, 0, 0] [603, 90, 89, 88, 173, 172, 337, 335, 335, 595] Thread-7 7160
T7 [0, 3, 1, 1, 1, 1, 1, 0, 0, 0] [603, 90, 89, 88, 173, 172, 337, 336, 335, 595] Thread-8 7162
T2 [0, 3, 0, 2, 1, 1, 1, 0, 0, 0] [603, 90, 90, 88, 173, 172, 337, 336, 335, 595] Thread-4 7169
T5 [0, 3, 0, 2, 0, 1, 1, 1, 1, 1] [603, 90, 90, 88, 173, 173, 337, 336, 335, 595] Thread-5 7169
T4 [0, 2, 0, 2, 1, 1, 1, 0, 0, 1] [603, 90, 90, 88, 174, 173, 337, 336, 335, 595] Thread-6 7170
T9 [1, 2, 0, 2, 1, 1, 1, 0, 0, 0] [603, 90, 90, 88, 174, 173, 337, 336, 335, 596] Thread-10 7170
T0 [0, 3, 0, 2, 1, 1, 1, 0, 0, 0] [604, 90, 90, 88, 174, 173, 337, 336, 335, 596] Thread-0 7170
T8 [0, 3, 0, 2, 1, 1, 0, 0, 1, 1] [604, 90, 90, 88, 174, 173, 337, 336, 336, 596] Thread-8 7178
T9 [1, 3, 0, 2, 1, 1, 0, 0, 1, 0] [604, 90, 90, 88, 174, 173, 337, 336, 336, 597] Thread-11 7178
T0 [0, 4, 0, 2, 1, 1, 0, 0, 1, 0] [605, 90, 90, 88, 174, 173, 337, 336, 336, 597] Thread-1 7179
T6 [0, 3, 0, 2, 1, 2, 0, 0, 0, 0] [605, 90, 90, 88, 174, 173, 338, 336, 336, 597] Thread-8 7179
T7 [0, 3, 0, 2, 1, 1, 1, 0, 0, 0] [605, 90, 90, 88, 174, 173, 338, 337, 336, 597] Thread-7 7183
T8 [0, 3, 0, 2, 1, 1, 0, 0, 1, 1] [605, 90, 90, 88, 174, 173, 338, 337, 337, 597] Thread-7 7199
T9 [1, 3, 0, 2, 1, 1, 0, 0, 1, 0] [605, 90, 90, 88, 174, 173, 338, 337, 337, 598] Thread-9 7199
T0 [0, 4, 0, 2, 1, 1, 0, 0, 1, 0] [606, 90, 90, 88, 174, 173, 338, 337, 337, 598] Thread-2 7200
T6 [0, 3, 0, 2, 1, 2, 0, 0, 0, 0] [606, 90, 90, 88, 174, 173, 339, 337, 337, 598] Thread-7 7200
T7 [0, 3, 0, 2, 1, 1, 1, 0, 0, 0] [606, 90, 90, 88, 174, 173, 339, 338, 337, 598] Thread-8 7203
T5 [0, 3, 0, 2, 0, 1, 1, 1, 1, 1] [606, 90, 90, 88, 174, 174, 339, 338, 337, 598] Thread-6 7211
T4 [0, 2, 0, 2, 1, 1, 1, 0, 0, 1] [606, 90, 90, 88, 175, 174, 339, 338, 337, 598] Thread-5 7211
T9 [1, 2, 0, 2, 1, 1, 1, 0, 0, 0] [606, 90, 90, 88, 175, 174, 339, 338, 337, 599] Thread-10 7212
T0 [0, 3, 0, 2, 1, 1, 1, 0, 0, 0] [607, 90, 90, 88, 175, 174, 339, 338, 337, 599] Thread-0 7212
T8 [0, 3, 0, 2, 1, 1, 0, 0, 1, 1] [607, 90, 90, 88, 175, 174, 339, 338, 338, 599] Thread-8 7220
T9 [1, 3, 0, 2, 1, 1, 0, 0, 1, 0] [607, 90, 90, 88, 175, 174, 339, 338, 338, 600] Thread-11 7220
T0 [0, 4, 0, 2, 1, 1, 0, 0, 1, 0] [608, 90, 90, 88, 175, 174, 339, 338, 338, 600] Thread-1 7221
T6 [0, 3, 0, 2, 1, 2, 0, 0, 0, 0] [608, 90, 90, 88, 175, 174, 340, 338, 338, 600] Thread-8 7221
T7 [0, 3, 0, 2, 1, 1, 1, 0, 0, 0] [608, 90, 90, 88, 175, 174, 340, 339, 338, 600] Thread-7 7223
T3 [0, 3, 0, 1, 1, 1, 1, 1, 0, 1] [608, 90, 90, 89, 175, 174, 340, 339, 338, 600] Thread-3 7238
T9 [1, 3, 0, 1, 1, 1, 1, 1, 0, 0] [608, 90, 90, 89, 175, 174, 340, 339, 338, 601] Thread-9 7238
T0 [0, 4, 0, 1, 1, 1, 1, 1, 0, 0] [609, 90, 90, 89, 175, 174, 340, 339, 338, 601] Thread-2 7238
T1 [0, 3, 1, 1, 1, 1, 1, 0, 0, 0] [609, 91, 90, 89, 175, 174, 340, 339, 338, 601] Thread-3 7239
T8 [0, 3, 1, 1, 1, 1, 0, 0, 1, 1] [609, 91, 90, 89, 175, 174, 340, 339, 339, 601] Thread-7 7240
T9 [1, 3, 1, 1, 1, 1, 0, 0, 1, 0] [609, 91, 90, 89, 175, 174, 340, 339, 339, 602] Thread-10 7240
T0 [0, 4, 1, 1, 1, 1, 0, 0, 1, 0] [610, 91, 90, 89, 175, 174, 340, 339, 339, 602] Thread-0 7240
T6 [0, 3, 1, 1, 1, 2, 0, 0, 0, 0] [610, 91, 90, 89, 175, 174, 341, 339, 339, 602] Thread-7 7241
T7 [0, 3, 1, 1, 1, 1, 1, 0, 0, 0] [610, 91, 90, 89, 175, 174, 341, 340, 339, 602] Thread-7 7244
T2 [0, 3, 0, 2, 1, 1, 1, 0, 0, 0] [610, 91, 91, 89, 175, 174, 341, 340, 339, 602] Thread-3 7249
T5 [0, 3, 0, 2, 0, 1, 1, 1, 1, 1] [610, 91, 91, 89, 175, 175, 341, 340, 339, 602] Thread-5 7252
T4 [0, 2, 0, 2, 1, 1, 1, 0, 0, 1] [610, 91, 91, 89, 176, 175, 341, 340, 339, 602] Thread-6 7252
T9 [1, 2, 0, 2, 1, 1, 1, 0, 0, 0] [610, 91, 91, 89, 176, 175, 341, 340, 339, 603] Thread-11 7253
T0 [0, 3, 0, 2, 1, 1, 1, 0, 0, 0] [611, 91, 91, 89, 176, 175, 341, 340, 339, 603] Thread-1 7253
T8 [0, 3, 0, 2, 1, 1, 0, 0, 1, 1] [611, 91, 91, 89, 176, 175, 341, 340, 340, 603] Thread-7 7261
T9 [1, 3, 0, 2, 1, 1, 0, 0, 1, 0] [611, 91, 91, 89, 176, 175, 341, 340, 340, 604] Thread-9 7261
T0 [0, 4, 0, 2, 1, 1, 0, 0, 1, 0] [612, 91, 91, 89, 176, 175, 341, 340, 340, 604] Thread-2 7262
T6 [0, 3, 0, 2, 1, 2, 0, 0, 0, 0] [612, 91, 91, 89, 176, 175, 342, 340, 340, 604] Thread-7 7262
T7 [0, 3, 0, 2, 1, 1, 1, 0, 0, 0] [612, 91, 91, 89, 176, 175, 342, 341, 340, 604] Thread-8 7264
T8 [0, 3, 0, 2, 1, 1, 0, 0, 1, 1] [612, 91, 91, 89, 176, 175, 342, 341, 341, 604] Thread-8 7281
T9 [1, 3, 0, 2, 1, 1, 0, 0, 1, 0] [612, 91, 91, 89, 176, 175, 342, 341, 341, 605] Thread-10 7281
T0 [0, 4, 0, 2, 1, 1, 0, 0, 1, 0] [613, 91, 91, 89, 176, 175, 342, 341, 341, 605] Thread-0 7282
T6 [0, 3, 0, 2, 1, 2, 0, 0, 0, 0] [613, 91, 91, 89, 176, 175, 343, 341, 341, 605] Thread-8 7282
T7 [0, 3, 0, 2, 1, 1, 1, 0, 0, 0] [613, 91, 91, 89, 176, 175, 343, 342, 341, 605] Thread-7 7284
T5 [0, 3, 0, 2, 0, 1, 1, 1, 1, 1] [613, 91, 91, 89, 176, 176, 343, 342, 341, 605] Thread-6 7293
T4 [0, 2, 0, 2, 1, 1, 1, 0, 0, 1] [613, 91, 91, 89, 177, 176, 343, 342, 341, 605] Thread-5 7293
T9 [1, 2, 0, 2, 1, 1, 1, 0, 0, 0] [613, 91, 91, 89, 177, 176, 343, 342, 341, 606] Thread-11 7294
T0 [0, 3, 0, 2, 1, 1, 1, 0, 0, 0] [614, 91, 91, 89, 177, 176, 343, 342, 341, 606] Thread-1 7294
T8 [0, 3, 0, 2, 1, 1, 0, 0, 1, 1] [614, 91, 91, 89, 177, 176, 343, 342, 342, 606] Thread-7 7301
T9 [1, 3, 0, 2, 1, 1, 0, 0, 1, 0] [614, 91, 91, 89, 177, 176, 343, 342, 342, 607] Thread-9 7301
T0 [0, 4, 0, 2, 1, 1, 0, 0, 1, 0] [615, 91, 91, 89, 177, 176, 343, 342, 342, 607] Thread-2 7302
T6 [0, 3, 0, 2, 1, 2, 0, 0, 0, 0] [615, 91, 91, 89, 177, 176, 344, 342, 342, 607] Thread-7 7302
T7 [0, 3, 0, 2, 1, 1, 1, 0, 0, 0] [615, 91, 91, 89, 177, 176, 344, 343, 342, 607] Thread-7 7305
T3 [0, 3, 0, 1, 1, 1, 1, 1, 0, 1] [615, 91, 91, 90, 177, 176, 344, 343, 342, 607] Thread-4 7318
T9 [1, 3, 0, 1, 1, 1, 1, 1, 0, 0] [615, 91, 91, 90, 177, 176, 344, 343, 342, 608] Thread-10 7318
T0 [0, 4, 0, 1, 1, 1, 1, 1, 0, 0] [616, 91, 91, 90, 177, 176, 344, 343, 342, 608] Thread-0 7319
T1 [0, 3, 1, 1, 1, 1, 1, 0, 0, 0] [616, 92, 91, 90, 177, 176, 344, 343, 342, 608] Thread-4 7319
T8 [0, 3, 1, 1, 1, 1, 0, 0, 1, 1] [616, 92, 91, 90, 177, 176, 344, 343, 343, 608] Thread-7 7321
T9 [1, 3, 1, 1, 1, 1, 0, 0, 1, 0] [616, 92, 91, 90, 177, 176, 344, 343, 343, 609] Thread-11 7321
T0 [0, 4, 1, 1, 1, 1, 0, 0, 1, 0] [617, 92, 91, 90, 177, 176, 344, 343, 343, 609] Thread-1 7322
T6 [0, 3, 1, 1, 1, 2, 0, 0, 0, 0] [617, 92, 91, 90, 177, 176, 345, 343, 343, 609] Thread-7 7322
T7 [0, 3, 1, 1, 1, 1, 1, 0, 0, 0] [617, 92, 91, 90, 177, 176, 345, 344, 343, 609] Thread-8 7325
T2 [0, 3, 0, 2, 1, 1, 1, 0, 0, 0] [617, 92, 92, 90, 177, 176, 345, 344, 343, 609] Thread-4 7331
T5 [0, 3, 0, 2, 0, 1, 1, 1, 1, 1] [617, 92, 92, 90, 177, 177, 345, 344, 343, 609] Thread-5 7334
T4 [0, 2, 0, 2, 1, 1, 1, 0, 0, 1] [617, 92, 92, 90, 178, 177, 345, 344, 343, 609] Thread-6 7334
T9 [1, 2, 0, 2, 1, 1, 1, 0, 0, 0] [617, 92, 92, 90, 178, 177, 345, 344, 343, 610] Thread-9 7335
T0 [0, 3, 0, 2, 1, 1, 1, 0, 0, 0] [618, 92, 92, 90, 178, 177, 345, 344, 343, 610] Thread-2 7335
T8 [0, 3, 0, 2, 1, 1, 0, 0, 1, 1] [618, 92, 92, 90, 178, 177, 345, 344, 344, 610] Thread-8 7343
T9 [1, 3, 0, 2, 1, 1, 0, 0, 1, 0] [618, 92, 92, 90, 178, 177, 345, 344, 344, 611] Thread-10 7343
T0 [0, 4, 0, 2, 1, 1, 0, 0, 1, 0] [619, 92, 92, 90, 178, 177, 345, 344, 344, 611] Thread-0 7344
T6 [0, 3, 0, 2, 1, 2, 0, 0, 0, 0] [619, 92, 92, 90, 178, 177, 346, 344, 344, 611] Thread-8 7344
T7 [0, 3, 0, 2, 1, 1, 1, 0, 0, 0] [619, 92, 92, 90, 178, 177, 346, 345, 344, 611] Thread-8 7346
T8 [0, 3, 0, 2, 1, 1, 0, 0, 1, 1] [619, 92, 92, 90, 178, 177, 346, 345, 345, 611] Thread-8 7363
T9 [1, 3, 0, 2, 1, 1, 0, 0, 1, 0] [619, 92, 92, 90, 178, 177, 346, 345, 345, 612] Thread-11 7363
T0 [0, 4, 0, 2, 1, 1, 0, 0, 1, 0] [620, 92, 92, 90, 178, 177, 346, 345, 345, 612] Thread-1 7364
T6 [0, 3, 0, 2, 1, 2, 0, 0, 0, 0] [620, 92, 92, 90, 178, 177, 347, 345, 345, 612] Thread-8 7364
T7 [0, 3, 0, 2, 1, 1, 1, 0, 0, 0] [620, 92, 92, 90, 178, 177, 347, 346, 345, 612] Thread-8 7367
T5 [0, 3, 0, 2, 0, 1, 1, 1, 1, 1] [620, 92, 92, 90, 178, 178, 347, 346, 345, 612] Thread-6 7375
T4 [0, 2, 0, 2, 1, 1, 1, 0, 0, 1] [620, 92, 92, 90, 179, 178, 347, 346, 345, 612] Thread-5 7375
T9 [1, 2, 0, 2, 1, 1, 1, 0, 0, 0] [620, 92, 92, 90, 179, 178, 347, 346, 345, 613] Thread-9 7376
T0 [0, 3, 0, 2, 1, 1, 1, 0, 0, 0] [621, 92, 92, 90, 179, 178, 347, 346, 345, 613] Thread-2 7376
T8 [0, 3, 0, 2, 1, 1, 0, 0, 1, 1] [621, 92, 92, 90, 179, 178, 347, 346, 346, 613] Thread-8 7384
T9 [1, 3, 0, 2, 1, 1, 0, 0, 1, 0] [621, 92, 92, 90, 179, 178, 347, 346, 346, 614] Thread-10 7384
T0 [0, 4, 0, 2, 1, 1, 0, 0, 1, 0] [622, 92, 92, 90, 179, 178, 347, 346, 346, 614] Thread-0 7385
T6 [0, 3, 0, 2, 1, 2, 0, 0, 0, 0] [622, 92, 92, 90, 179, 178, 348, 346, 346, 614] Thread-8 7385
T7 [0, 3, 0, 2, 1, 1, 1, 0, 0, 0] [622, 92, 92, 90, 179, 178, 348, 347, 346, 614] Thread-7 7388
T3 [0, 3, 0, 1, 1, 1, 1, 1, 0, 1] [622, 92, 92, 91, 179, 178, 348, 347, 346, 614] Thread-3 7399
T9 [1, 3, 0, 1, 1, 1, 1, 1, 0, 0] [622, 92, 92, 91, 179, 178, 348, 347, 346, 615] Thread-11 7399
T0 [0, 4, 0, 1, 1, 1, 1, 1, 0, 0] [623, 92, 92, 91, 179, 178, 348, 347, 346, 615] Thread-1 7400
T1 [0, 3, 1, 1, 1, 1, 1, 0, 0, 0] [623, 93, 92, 91, 179, 178, 348, 347, 346, 615] Thread-3 7400
T8 [0, 3, 1, 1, 1, 1, 0, 0, 1, 1] [623, 93, 92, 91, 179, 178, 348, 347, 347, 615] Thread-7 7405
T9 [1, 3, 1, 1, 1, 1, 0, 0, 1, 0] [623, 93, 92, 91, 179, 178, 348, 347, 347, 616] Thread-9 7405
T0 [0, 4, 1, 1, 1, 1, 0, 0, 1, 0] [624, 93, 92, 91, 179, 178, 348, 347, 347, 616] Thread-2 7406
T6 [0, 3, 1, 1, 1, 2, 0, 0, 0, 0] [624, 93, 92, 91, 179, 178, 349, 347, 347, 616] Thread-7 7406
T7 [0, 3, 1, 1, 1, 1, 1, 0, 0, 0] [624, 93, 92, 91, 179, 178, 349, 348, 347, 616] Thread-7 7409
T2 [0, 3, 0, 2, 1, 1, 1, 0, 0, 0] [624, 93, 93, 91, 179, 178, 349, 348, 347, 616] Thread-3 7411
T5 [0, 3, 0, 2, 0, 1, 1, 1, 1, 1] [624, 93, 93, 91, 179, 179, 349, 348, 347, 616] Thread-5 7417
T4 [0, 2, 0, 2, 1, 1, 1, 0, 0, 1] [624, 93, 93, 91, 180, 179, 349, 348, 347, 616] Thread-6 7417
T9 [1, 2, 0, 2, 1, 1, 1, 0, 0, 0] [624, 93, 93, 91, 180, 179, 349, 348, 347, 617] Thread-10 7418
T0 [0, 3, 0, 2, 1, 1, 1, 0, 0, 0] [625, 93, 93, 91, 180, 179, 349, 348, 347, 617] Thread-0 7418
T8 [0, 3, 0, 2, 1, 1, 0, 0, 1, 1] [625, 93, 93, 91, 180, 179, 349, 348, 348, 617] Thread-7 7426
T9 [1, 3, 0, 2, 1, 1, 0, 0, 1, 0] [625, 93, 93, 91, 180, 179, 349, 348, 348, 618] Thread-11 7426
T0 [0, 4, 0, 2, 1, 1, 0, 0, 1, 0] [626, 93, 93, 91, 180, 179, 349, 348, 348, 618] Thread-1 7427
T6 [0, 3, 0, 2, 1, 2, 0, 0, 0, 0] [626, 93, 93, 91, 180, 179, 350, 348, 348, 618] Thread-7 7427
T7 [0, 3, 0, 2, 1, 1, 1, 0, 0, 0] [626, 93, 93, 91, 180, 179, 350, 349, 348, 618] Thread-8 7429
T8 [0, 3, 0, 2, 1, 1, 0, 0, 1, 1] [626, 93, 93, 91, 180, 179, 350, 349, 349, 618] Thread-8 7447
T9 [1, 3, 0, 2, 1, 1, 0, 0, 1, 0] [626, 93, 93, 91, 180, 179, 350, 349, 349, 619] Thread-9 7447
T0 [0, 4, 0, 2, 1, 1, 0, 0, 1, 0] [627, 93, 93, 91, 180, 179, 350, 349, 349, 619] Thread-2 7448
T6 [0, 3, 0, 2, 1, 2, 0, 0, 0, 0] [627, 93, 93, 91, 180, 179, 351, 349, 349, 619] Thread-8 7448
T7 [0, 3, 0, 2, 1, 1, 1, 0, 0, 0] [627, 93, 93, 91, 180, 179, 351, 350, 349, 619] Thread-8 7450
T5 [0, 3, 0, 2, 0, 1, 1, 1, 1, 1] [627, 93, 93, 91, 180, 180, 351, 350, 349, 619] Thread-6 7458
T4 [0, 2, 0, 2, 1, 1, 1, 0, 0, 1] [627, 93, 93, 91, 181, 180, 351, 350, 349, 619] Thread-5 7458
T9 [1, 2, 0, 2, 1, 1, 1, 0, 0, 0] [627, 93, 93, 91, 181, 180, 351, 350, 349, 620] Thread-10 7459
T0 [0, 3, 0, 2, 1, 1, 1, 0, 0, 0] [628, 93, 93, 91, 181, 180, 351, 350, 349, 620] Thread-0 7459
T8 [0, 3, 0, 2, 1, 1, 0, 0, 1, 1] [628, 93, 93, 91, 181, 180, 351, 350, 350, 620] Thread-8 7467
T9 [1, 3, 0, 2, 1, 1, 0, 0, 1, 0] [628, 93, 93, 91, 181, 180, 351, 350, 350, 621] Thread-11 7467
T0 [0, 4, 0, 2, 1, 1, 0, 0, 1, 0] [629, 93, 93, 91, 181, 180, 351, 350, 350, 621] Thread-1 7468
T6 [0, 3, 0, 2, 1, 2, 0, 0, 0, 0] [629, 93, 93, 91, 181, 180, 352, 350, 350, 621] Thread-8 7468
T7 [0, 3, 0, 2, 1, 1, 1, 0, 0, 0] [629, 93, 93, 91, 181, 180, 352, 351, 350, 621] Thread-8 7471
T3 [0, 3, 0, 1, 1, 1, 1, 1, 0, 1] [629, 93, 93, 92, 181, 180, 352, 351, 350, 621] Thread-3 7480
T9 [1, 3, 0, 1, 1, 1, 1, 1, 0, 0] [629, 93, 93, 92, 181, 180, 352, 351, 350, 622] Thread-9 7480
T0 [0, 4, 0, 1, 1, 1, 1, 1, 0, 0] [630, 93, 93, 92, 181, 180, 352, 351, 350, 622] Thread-2 7481
T1 [0, 3, 1, 1, 1, 1, 1, 0, 0, 0] [630, 94, 93, 92, 181, 180, 352, 351, 350, 622] Thread-3 7481
T8 [0, 3, 1, 1, 1, 1, 0, 0, 1, 1] [630, 94, 93, 92, 181, 180, 352, 351, 351, 622] Thread-8 7488
T9 [1, 3, 1, 1, 1, 1, 0, 0, 1, 0] [630, 94, 93, 92, 181, 180, 352, 351, 351, 623] Thread-10 7488
T0 [0, 4, 1, 1, 1, 1, 0, 0, 1, 0] [631, 94, 93, 92, 181, 180, 352, 351, 351, 623] Thread-0 7489
T6 [0, 3, 1, 1, 1, 2, 0, 0, 0, 0] [631, 94, 93, 92, 181, 180, 353, 351, 351, 623] Thread-8 7489
T7 [0, 3, 1, 1, 1, 1, 1, 0, 0, 0] [631, 94, 93, 92, 181, 180, 353, 352, 351, 623] Thread-7 7492
T2 [0, 3, 0, 2, 1, 1, 1, 0, 0, 0] [631, 94, 94, 92, 181, 180, 353, 352, 351, 623] Thread-3 7492
T5 [0, 3, 0, 2, 0, 1, 1, 1, 1, 1] [631, 94, 94, 92, 181, 181, 353, 352, 351, 623] Thread-5 7499
T4 [0, 2, 0, 2, 1, 1, 1, 0, 0, 1] [631, 94, 94, 92, 182, 181, 353, 352, 351, 623] Thread-6 7499
T9 [1, 2, 0, 2, 1, 1, 1, 0, 0, 0] [631, 94, 94, 92, 182, 181, 353, 352, 351, 624] Thread-11 7500
T0 [0, 3, 0, 2, 1, 1, 1, 0, 0, 0] [632, 94, 94, 92, 182, 181, 353, 352, 351, 624] Thread-1 7500
T8 [0, 3, 0, 2, 1, 1, 0, 0, 1, 1] [632, 94, 94, 92, 182, 181, 353, 352, 352, 624] Thread-7 7509
T9 [1, 3, 0, 2, 1, 1, 0, 0, 1, 0] [632, 94, 94, 92, 182, 181, 353, 352, 352, 625] Thread-9 7509
T0 [0, 4, 0, 2, 1, 1, 0, 0, 1, 0] [633, 94, 94, 92, 182, 181, 353, 352, 352, 625] Thread-2 7510
T6 [0, 3, 0, 2, 1, 2, 0, 0, 0, 0] [633, 94, 94, 92, 182, 181, 354, 352, 352, 625] Thread-7 7510
T7 [0, 3, 0, 2, 1, 1, 1, 0, 0, 0] [633, 94, 94, 92, 182, 181, 354, 353, 352, 625] Thread-7 7513
T8 [0, 3, 0, 2, 1, 1, 0, 0, 1, 1] [633, 94, 94, 92, 182, 181, 354, 353, 353, 625] Thread-7 7530
T9 [1, 3, 0, 2, 1, 1, 0, 0, 1, 0] [633, 94, 94, 92, 182, 181, 354, 353, 353, 626] Thread-10 7530
T0 [0, 4, 0, 2, 1, 1, 0, 0, 1, 0] [634, 94, 94, 92, 182, 181, 354, 353, 353, 626] Thread-0 7531
T6 [0, 3, 0, 2, 1, 2, 0, 0, 0, 0] [634, 94, 94, 92, 182, 181, 355, 353, 353, 626] Thread-7 7531
T7 [0, 3, 0, 2, 1, 1, 1, 0, 0, 0] [634, 94, 94, 92, 182, 181, 355, 354, 353, 626] Thread-8 7534
T5 [0, 3, 0, 2, 0, 1, 1, 1, 1, 1] [634, 94, 94, 92, 182, 182, 355, 354, 353, 626] Thread-6 7541
T4 [0, 2, 0, 2, 1, 1, 1, 0, 0, 1] [634, 94, 94, 92, 183, 182, 355, 354, 353, 626] Thread-5 7541
T9 [1, 2, 0, 2, 1, 1, 1, 0, 0, 0] [634, 94, 94, 92, 183, 182, 355, 354, 353, 627] Thread-11 7542
T0 [0, 3, 0, 2, 1, 1, 1, 0, 0, 0] [635, 94, 94, 92, 183, 182, 355, 354, 353, 627] Thread-1 7542
T8 [0, 3, 0, 2, 1, 1, 0, 0, 1, 1] [635, 94, 94, 92, 183, 182, 355, 354, 354, 627] Thread-8 7551
T9 [1, 3, 0, 2, 1, 1, 0, 0, 1, 0] [635, 94, 94, 92, 183, 182, 355, 354, 354, 628] Thread-9 7551
T0 [0, 4, 0, 2, 1, 1, 0, 0, 1, 0] [636, 94, 94, 92, 183, 182, 355, 354, 354, 628] Thread-2 7552
T6 [0, 3, 0, 2, 1, 2, 0, 0, 0, 0] [636, 94, 94, 92, 183, 182, 356, 354, 354, 628] Thread-8 7552
T7 [0, 3, 0, 2, 1, 1, 1, 0, 0, 0] [636, 94, 94, 92, 183, 182, 356, 355, 354, 628] Thread-8 7555
T3 [0, 3, 0, 1, 1, 1, 1, 1, 0, 1] [636, 94, 94, 93, 183, 182, 356, 355, 354, 628] Thread-3 7561
T9 [1, 3, 0, 1, 1, 1, 1, 1, 0, 0] [636, 94, 94, 93, 183, 182, 356, 355, 354, 629] Thread-10 7561
T0 [0, 4, 0, 1, 1, 1, 1, 1, 0, 0] [637, 94, 94, 93, 183, 182, 356, 355, 354, 629] Thread-0 7561
T1 [0, 3, 1, 1, 1, 1, 1, 0, 0, 0] [637, 95, 94, 93, 183, 182, 356, 355, 354, 629] Thread-3 7562
T8 [0, 3, 1, 1, 1, 1, 0, 0, 1, 1] [637, 95, 94, 93, 183, 182, 356, 355, 355, 629] Thread-8 7572
T9 [1, 3, 1, 1, 1, 1, 0, 0, 1, 0] [637, 95, 94, 93, 183, 182, 356, 355, 355, 630] Thread-11 7572
T0 [0, 4, 1, 1, 1, 1, 0, 0, 1, 0] [638, 95, 94, 93, 183, 182, 356, 355, 355, 630] Thread-1 7573
T6 [0, 3, 1, 1, 1, 2, 0, 0, 0, 0] [638, 95, 94, 93, 183, 182, 357, 355, 355, 630] Thread-8 7573
T2 [0, 3, 0, 2, 1, 2, 0, 0, 0, 0] [638, 95, 95, 93, 183, 182, 357, 355, 355, 630] Thread-3 7573
T7 [0, 3, 0, 2, 1, 1, 1, 0, 0, 0] [638, 95, 95, 93, 183, 182, 357, 356, 355, 630] Thread-8 7576
T5 [0, 3, 0, 2, 0, 1, 1, 1, 1, 1] [638, 95, 95, 93, 183, 183, 357, 356, 355, 630] Thread-5 7582
T4 [0, 2, 0, 2, 1, 1, 1, 0, 0, 1] [638, 95, 95, 93, 184, 183, 357, 356, 355, 630] Thread-6 7582
T9 [1, 2, 0, 2, 1, 1, 1, 0, 0, 0] [638, 95, 95, 93, 184, 183, 357, 356, 355, 631] Thread-9 7583
T0 [0, 3, 0, 2, 1, 1, 1, 0, 0, 0] [639, 95, 95, 93, 184, 183, 357, 356, 355, 631] Thread-2 7583
T8 [0, 3, 0, 2, 1, 1, 0, 0, 1, 1] [639, 95, 95, 93, 184, 183, 357, 356, 356, 631] Thread-8 7593
T9 [1, 3, 0, 2, 1, 1, 0, 0, 1, 0] [639, 95, 95, 93, 184, 183, 357, 356, 356, 632] Thread-10 7593
T0 [0, 4, 0, 2, 1, 1, 0, 0, 1, 0] [640, 95, 95, 93, 184, 183, 357, 356, 356, 632] Thread-0 7594
T6 [0, 3, 0, 2, 1, 2, 0, 0, 0, 0] [640, 95, 95, 93, 184, 183, 358, 356, 356, 632] Thread-8 7594
T7 [0, 3, 0, 2, 1, 1, 1, 0, 0, 0] [640, 95, 95, 93, 184, 183, 358, 357, 356, 632] Thread-8 7597
T8 [0, 3, 0, 2, 1, 1, 0, 0, 1, 1] [640, 95, 95, 93, 184, 183, 358, 357, 357, 632] Thread-8 7614
T9 [1, 3, 0, 2, 1, 1, 0, 0, 1, 0] [640, 95, 95, 93, 184, 183, 358, 357, 357, 633] Thread-11 7614
T0 [0, 4, 0, 2, 1, 1, 0, 0, 1, 0] [641, 95, 95, 93, 184, 183, 358, 357, 357, 633] Thread-1 7615
T6 [0, 3, 0, 2, 1, 2, 0, 0, 0, 0] [641, 95, 95, 93, 184, 183, 359, 357, 357, 633] Thread-8 7615
T7 [0, 3, 0, 2, 1, 1, 1, 0, 0, 0] [641, 95, 95, 93, 184, 183, 359, 358, 357, 633] Thread-7 7617
T5 [0, 3, 0, 2, 0, 1, 1, 1, 1, 1] [641, 95, 95, 93, 184, 184, 359, 358, 357, 633] Thread-6 7623
T4 [0, 2, 0, 2, 1, 1, 1, 0, 0, 1] [641, 95, 95, 93, 185, 184, 359, 358, 357, 633] Thread-5 7623
T9 [1, 2, 0, 2, 1, 1, 1, 0, 0, 0] [641, 95, 95, 93, 185, 184, 359, 358, 357, 634] Thread-9 7624
T0 [0, 3, 0, 2, 1, 1, 1, 0, 0, 0] [642, 95, 95, 93, 185, 184, 359, 358, 357, 634] Thread-2 7624
T8 [0, 3, 0, 2, 1, 1, 0, 0, 1, 1] [642, 95, 95, 93, 185, 184, 359, 358, 358, 634] Thread-7 7634
T9 [1, 3, 0, 2, 1, 1, 0, 0, 1, 0] [642, 95, 95, 93, 185, 184, 359, 358, 358, 635] Thread-10 7634
T0 [0, 4, 0, 2, 1, 1, 0, 0, 1, 0] [643, 95, 95, 93, 185, 184, 359, 358, 358, 635] Thread-0 7635
T6 [0, 3, 0, 2, 1, 2, 0, 0, 0, 0] [643, 95, 95, 93, 185, 184, 360, 358, 358, 635] Thread-7 7635
T7 [0, 3, 0, 2, 1, 1, 1, 0, 0, 0] [643, 95, 95, 93, 185, 184, 360, 359, 358, 635] Thread-7 7638
T3 [0, 3, 0, 1, 1, 1, 1, 1, 0, 1] [643, 95, 95, 94, 185, 184, 360, 359, 358, 635] Thread-3 7642
T9 [1, 3, 0, 1, 1, 1, 1, 1, 0, 0] [643, 95, 95, 94, 185, 184, 360, 359, 358, 636] Thread-11 7642
T0 [0, 4, 0, 1, 1, 1, 1, 1, 0, 0] [644, 95, 95, 94, 185, 184, 360, 359, 358, 636] Thread-1 7643
T1 [0, 3, 1, 1, 1, 1, 1, 0, 0, 0] [644, 96, 95, 94, 185, 184, 360, 359, 358, 636] Thread-3 7643
T2 [0, 3, 0, 2, 1, 1, 1, 0, 0, 0] [644, 96, 96, 94, 185, 184, 360, 359, 358, 636] Thread-3 7655
T8 [0, 3, 0, 2, 1, 1, 0, 0, 1, 1] [644, 96, 96, 94, 185, 184, 360, 359, 359, 636] Thread-7 7655
T9 [1, 3, 0, 2, 1, 1, 0, 0, 1, 0] [644, 96, 96, 94, 185, 184, 360, 359, 359, 637] Thread-9 7656
T0 [0, 4, 0, 2, 1, 1, 0, 0, 1, 0] [645, 96, 96, 94, 185, 184, 360, 359, 359, 637] Thread-2 7656
T6 [0, 3, 0, 2, 1, 2, 0, 0, 0, 0] [645, 96, 96, 94, 185, 184, 361, 359, 359, 637] Thread-7 7657
T7 [0, 3, 0, 2, 1, 1, 1, 0, 0, 0] [645, 96, 96, 94, 185, 184, 361, 360, 359, 637] Thread-7 7659
T5 [0, 3, 0, 2, 0, 1, 1, 1, 1, 1] [645, 96, 96, 94, 185, 185, 361, 360, 359, 637] Thread-5 7665
T4 [0, 2, 0, 2, 1, 1, 1, 0, 0, 1] [645, 96, 96, 94, 186, 185, 361, 360, 359, 637] Thread-6 7665
T9 [1, 2, 0, 2, 1, 1, 1, 0, 0, 0] [645, 96, 96, 94, 186, 185, 361, 360, 359, 638] Thread-10 7666
T0 [0, 3, 0, 2, 1, 1, 1, 0, 0, 0] [646, 96, 96, 94, 186, 185, 361, 360, 359, 638] Thread-0 7666
T8 [0, 3, 0, 2, 1, 1, 0, 0, 1, 1] [646, 96, 96, 94, 186, 185, 361, 360, 360, 638] Thread-7 7676
T9 [1, 3, 0, 2, 1, 1, 0, 0, 1, 0] [646, 96, 96, 94, 186, 185, 361, 360, 360, 639] Thread-11 7676
T0 [0, 4, 0, 2, 1, 1, 0, 0, 1, 0] [647, 96, 96, 94, 186, 185, 361, 360, 360, 639] Thread-1 7677
T6 [0, 3, 0, 2, 1, 2, 0, 0, 0, 0] [647, 96, 96, 94, 186, 185, 362, 360, 360, 639] Thread-7 7677
T7 [0, 3, 0, 2, 1, 1, 1, 0, 0, 0] [647, 96, 96, 94, 186, 185, 362, 361, 360, 639] Thread-7 7680
T8 [0, 3, 0, 2, 1, 1, 0, 0, 1, 1] [647, 96, 96, 94, 186, 185, 362, 361, 361, 639] Thread-7 7697
T9 [1, 3, 0, 2, 1, 1, 0, 0, 1, 0] [647, 96, 96, 94, 186, 185, 362, 361, 361, 640] Thread-9 7697
T0 [0, 4, 0, 2, 1, 1, 0, 0, 1, 0] [648, 96, 96, 94, 186, 185, 362, 361, 361, 640] Thread-2 7698
T6 [0, 3, 0, 2, 1, 2, 0, 0, 0, 0] [648, 96, 96, 94, 186, 185, 363, 361, 361, 640] Thread-7 7698
T7 [0, 3, 0, 2, 1, 1, 1, 0, 0, 0] [648, 96, 96, 94, 186, 185, 363, 362, 361, 640] Thread-8 7701
T5 [0, 3, 0, 2, 0, 1, 1, 1, 1, 1] [648, 96, 96, 94, 186, 186, 363, 362, 361, 640] Thread-6 7707
T4 [0, 2, 0, 2, 1, 1, 1, 0, 0, 1] [648, 96, 96, 94, 187, 186, 363, 362, 361, 640] Thread-5 7707
T9 [1, 2, 0, 2, 1, 1, 1, 0, 0, 0] [648, 96, 96, 94, 187, 186, 363, 362, 361, 641] Thread-10 7708
T0 [0, 3, 0, 2, 1, 1, 1, 0, 0, 0] [649, 96, 96, 94, 187, 186, 363, 362, 361, 641] Thread-0 7708
T8 [0, 3, 0, 2, 1, 1, 0, 0, 1, 1] [649, 96, 96, 94, 187, 186, 363, 362, 362, 641] Thread-8 7718
T9 [1, 3, 0, 2, 1, 1, 0, 0, 1, 0] [649, 96, 96, 94, 187, 186, 363, 362, 362, 642] Thread-11 7718
T0 [0, 4, 0, 2, 1, 1, 0, 0, 1, 0] [650, 96, 96, 94, 187, 186, 363, 362, 362, 642] Thread-1 7719
T6 [0, 3, 0, 2, 1, 2, 0, 0, 0, 0] [650, 96, 96, 94, 187, 186, 364, 362, 362, 642] Thread-8 7719
T7 [0, 3, 0, 2, 1, 1, 1, 0, 0, 0] [650, 96, 96, 94, 187, 186, 364, 363, 362, 642] Thread-8 7722
T3 [0, 3, 0, 1, 1, 1, 1, 1, 0, 1] [650, 96, 96, 95, 187, 186, 364, 363, 362, 642] Thread-3 7723
T9 [1, 3, 0, 1, 1, 1, 1, 1, 0, 0] [650, 96, 96, 95, 187, 186, 364, 363, 362, 643] Thread-9 7723
T0 [0, 4, 0, 1, 1, 1, 1, 1, 0, 0] [651, 96, 96, 95, 187, 186, 364, 363, 362, 643] Thread-2 7723
T1 [0, 3, 1, 1, 1, 1, 1, 0, 0, 0] [651, 97, 96, 95, 187, 186, 364, 363, 362, 643] Thread-3 7725
T2 [0, 3, 0, 2, 1, 1, 1, 0, 0, 0] [651, 97, 97, 95, 187, 186, 364, 363, 362, 643] Thread-3 7733
T8 [0, 3, 0, 2, 1, 1, 0, 0, 1, 1] [651, 97, 97, 95, 187, 186, 364, 363, 363, 643] Thread-8 7739
T9 [1, 3, 0, 2, 1, 1, 0, 0, 1, 0] [651, 97, 97, 95, 187, 186, 364, 363, 363, 644] Thread-10 7739
T0 [0, 4, 0, 2, 1, 1, 0, 0, 1, 0] [652, 97, 97, 95, 187, 186, 364, 363, 363, 644] Thread-0 7740
T6 [0, 3, 0, 2, 1, 2, 0, 0, 0, 0] [652, 97, 97, 95, 187, 186, 365, 363, 363, 644] Thread-8 7740
T7 [0, 3, 0, 2, 1, 1, 1, 0, 0, 0] [652, 97, 97, 95, 187, 186, 365, 364, 363, 644] Thread-8 7743
T5 [0, 3, 0, 2, 0, 1, 1, 1, 1, 1] [652, 97, 97, 95, 187, 187, 365, 364, 363, 644] Thread-5 7748
T4 [0, 2, 0, 2, 1, 1, 1, 0, 0, 1] [652, 97, 97, 95, 188, 187, 365, 364, 363, 644] Thread-6 7748
T9 [1, 2, 0, 2, 1, 1, 1, 0, 0, 0] [652, 97, 97, 95, 188, 187, 365, 364, 363, 645] Thread-11 7749
T0 [0, 3, 0, 2, 1, 1, 1, 0, 0, 0] [653, 97, 97, 95, 188, 187, 365, 364, 363, 645] Thread-1 7749
T8 [0, 3, 0, 2, 1, 1, 0, 0, 1, 1] [653, 97, 97, 95, 188, 187, 365, 364, 364, 645] Thread-8 7760
T9 [1, 3, 0, 2, 1, 1, 0, 0, 1, 0] [653, 97, 97, 95, 188, 187, 365, 364, 364, 646] Thread-9 7760
T0 [0, 4, 0, 2, 1, 1, 0, 0, 1, 0] [654, 97, 97, 95, 188, 187, 365, 364, 364, 646] Thread-2 7761
T6 [0, 3, 0, 2, 1, 2, 0, 0, 0, 0] [654, 97, 97, 95, 188, 187, 366, 364, 364, 646] Thread-8 7761
T7 [0, 3, 0, 2, 1, 1, 1, 0, 0, 0] [654, 97, 97, 95, 188, 187, 366, 365, 364, 646] Thread-7 7764
T8 [0, 3, 0, 2, 1, 1, 0, 0, 1, 1] [654, 97, 97, 95, 188, 187, 366, 365, 365, 646] Thread-7 7781
T9 [1, 3, 0, 2, 1, 1, 0, 0, 1, 0] [654, 97, 97, 95, 188, 187, 366, 365, 365, 647] Thread-10 7781
T0 [0, 4, 0, 2, 1, 1, 0, 0, 1, 0] [655, 97, 97, 95, 188, 187, 366, 365, 365, 647] Thread-0 7782
T6 [0, 3, 0, 2, 1, 2, 0, 0, 0, 0] [655, 97, 97, 95, 188, 187, 367, 365, 365, 647] Thread-7 7782
T7 [0, 3, 0, 2, 1, 1, 1, 0, 0, 0] [655, 97, 97, 95, 188, 187, 367, 366, 365, 647] Thread-8 7785
T5 [0, 3, 0, 2, 0, 1, 1, 1, 1, 1] [655, 97, 97, 95, 188, 188, 367, 366, 365, 647] Thread-6 7789
T4 [0, 2, 0, 2, 1, 1, 1, 0, 0, 1] [655, 97, 97, 95, 189, 188, 367, 366, 365, 647] Thread-5 7789
T9 [1, 2, 0, 2, 1, 1, 1, 0, 0, 0] [655, 97, 97, 95, 189, 188, 367, 366, 365, 648] Thread-11 7790
T0 [0, 3, 0, 2, 1, 1, 1, 0, 0, 0] [656, 97, 97, 95, 189, 188, 367, 366, 365, 648] Thread-1 7790
T8 [0, 3, 0, 2, 1, 1, 0, 0, 1, 1] [656, 97, 97, 95, 189, 188, 367, 366, 366, 648] Thread-8 7802
T9 [1, 3, 0, 2, 1, 1, 0, 0, 1, 0] [656, 97, 97, 95, 189, 188, 367, 366, 366, 649] Thread-9 7802
T0 [0, 4, 0, 2, 1, 1, 0, 0, 1, 0] [657, 97, 97, 95, 189, 188, 367, 366, 366, 649] Thread-2 7803
T6 [0, 3, 0, 2, 1, 2, 0, 0, 0, 0] [657, 97, 97, 95, 189, 188, 368, 366, 366, 649] Thread-8 7803
T3 [0, 3, 0, 1, 1, 2, 0, 1, 0, 1] [657, 97, 97, 96, 189, 188, 368, 366, 366, 649] Thread-3 7804
T9 [1, 3, 0, 1, 1, 2, 0, 1, 0, 0] [657, 97, 97, 96, 189, 188, 368, 366, 366, 650] Thread-10 7804
T0 [0, 4, 0, 1, 1, 2, 0, 1, 0, 0] [658, 97, 97, 96, 189, 188, 368, 366, 366, 650] Thread-0 7804
T1 [0, 3, 1, 1, 1, 2, 0, 0, 0, 0] [658, 98, 97, 96, 189, 188, 368, 366, 366, 650] Thread-3 7806
T7 [0, 3, 1, 1, 1, 1, 1, 0, 0, 0] [658, 98, 97, 96, 189, 188, 368, 367, 366, 650] Thread-7 7806
T2 [0, 3, 0, 2, 1, 1, 1, 0, 0, 0] [658, 98, 98, 96, 189, 188, 368, 367, 366, 650] Thread-3 7815
T8 [0, 3, 0, 2, 1, 1, 0, 0, 1, 1] [658, 98, 98, 96, 189, 188, 368, 367, 367, 650] Thread-7 7823
T9 [1, 3, 0, 2, 1, 1, 0, 0, 1, 0] [658, 98, 98, 96, 189, 188, 368, 367, 367, 651] Thread-11 7823
T0 [0, 4, 0, 2, 1, 1, 0, 0, 1, 0] [659, 98, 98, 96, 189, 188, 368, 367, 367, 651] Thread-1 7824
T6 [0, 3, 0, 2, 1, 2, 0, 0, 0, 0] [659, 98, 98, 96, 189, 188, 369, 367, 367, 651] Thread-7 7824
T7 [0, 3, 0, 2, 1, 1, 1, 0, 0, 0] [659, 98, 98, 96, 189, 188, 369, 368, 367, 651] Thread-8 7826
T5 [0, 3, 0, 2, 0, 1, 1, 1, 1, 1] [659, 98, 98, 96, 189, 189, 369, 368, 367, 651] Thread-5 7830
T4 [0, 2, 0, 2, 1, 1, 1, 0, 0, 1] [659, 98, 98, 96, 190, 189, 369, 368, 367, 651] Thread-6 7830
T9 [1, 2, 0, 2, 1, 1, 1, 0, 0, 0] [659, 98, 98, 96, 190, 189, 369, 368, 367, 652] Thread-9 7832
T0 [0, 3, 0, 2, 1, 1, 1, 0, 0, 0] [660, 98, 98, 96, 190, 189, 369, 368, 367, 652] Thread-2 7832
T8 [0, 3, 0, 2, 1, 1, 0, 0, 1, 1] [660, 98, 98, 96, 190, 189, 369, 368, 368, 652] Thread-8 7843
T9 [1, 3, 0, 2, 1, 1, 0, 0, 1, 0] [660, 98, 98, 96, 190, 189, 369, 368, 368, 653] Thread-10 7843
T0 [0, 4, 0, 2, 1, 1, 0, 0, 1, 0] [661, 98, 98, 96, 190, 189, 369, 368, 368, 653] Thread-0 7845
T6 [0, 3, 0, 2, 1, 2, 0, 0, 0, 0] [661, 98, 98, 96, 190, 189, 370, 368, 368, 653] Thread-8 7845
T7 [0, 3, 0, 2, 1, 1, 1, 0, 0, 0] [661, 98, 98, 96, 190, 189, 370, 369, 368, 653] Thread-7 7847
T8 [0, 3, 0, 2, 1, 1, 0, 0, 1, 1] [661, 98, 98, 96, 190, 189, 370, 369, 369, 653] Thread-7 7864
T9 [1, 3, 0, 2, 1, 1, 0, 0, 1, 0] [661, 98, 98, 96, 190, 189, 370, 369, 369, 654] Thread-11 7864
T0 [0, 4, 0, 2, 1, 1, 0, 0, 1, 0] [662, 98, 98, 96, 190, 189, 370, 369, 369, 654] Thread-1 7865
T6 [0, 3, 0, 2, 1, 2, 0, 0, 0, 0] [662, 98, 98, 96, 190, 189, 371, 369, 369, 654] Thread-7 7865
T7 [0, 3, 0, 2, 1, 1, 1, 0, 0, 0] [662, 98, 98, 96, 190, 189, 371, 370, 369, 654] Thread-7 7868
T5 [0, 3, 0, 2, 0, 1, 1, 1, 1, 1] [662, 98, 98, 96, 190, 190, 371, 370, 369, 654] Thread-6 7871
T4 [0, 2, 0, 2, 1, 1, 1, 0, 0, 1] [662, 98, 98, 96, 191, 190, 371, 370, 369, 654] Thread-5 7871
T9 [1, 2, 0, 2, 1, 1, 1, 0, 0, 0] [662, 98, 98, 96, 191, 190, 371, 370, 369, 655] Thread-9 7871
T0 [0, 3, 0, 2, 1, 1, 1, 0, 0, 0] [663, 98, 98, 96, 191, 190, 371, 370, 369, 655] Thread-2 7872
T8 [0, 3, 0, 2, 1, 1, 0, 0, 1, 1] [663, 98, 98, 96, 191, 190, 371, 370, 370, 655] Thread-7 7884
T9 [1, 3, 0, 2, 1, 1, 0, 0, 1, 0] [663, 98, 98, 96, 191, 190, 371, 370, 370, 656] Thread-10 7884
T0 [0, 4, 0, 2, 1, 1, 0, 0, 1, 0] [664, 98, 98, 96, 191, 190, 371, 370, 370, 656] Thread-0 7885
T3 [0, 4, 0, 1, 1, 1, 0, 1, 1, 1] [664, 98, 98, 97, 191, 190, 371, 370, 370, 656] Thread-4 7885
T4 [0, 3, 0, 1, 2, 1, 0, 0, 0, 1] [664, 98, 98, 97, 192, 190, 371, 370, 370, 656] Thread-6 7885
T9 [1, 3, 0, 1, 2, 1, 0, 0, 0, 0] [664, 98, 98, 97, 192, 190, 371, 370, 370, 657] Thread-11 7886
T0 [0, 4, 0, 1, 2, 1, 0, 0, 0, 0] [665, 98, 98, 97, 192, 190, 371, 370, 370, 657] Thread-1 7886
T7 [0, 4, 0, 1, 2, 0, 1, 0, 0, 0] [665, 98, 98, 97, 192, 190, 371, 371, 370, 657] Thread-8 7889
T8 [0, 4, 0, 1, 2, 0, 0, 0, 1, 1] [665, 98, 98, 97, 192, 190, 371, 371, 371, 657] Thread-8 7906
T9 [1, 4, 0, 1, 2, 0, 0, 0, 1, 0] [665, 98, 98, 97, 192, 190, 371, 371, 371, 658] Thread-9 7906
T6 [1, 3, 0, 1, 2, 1, 0, 0, 0, 0] [665, 98, 98, 97, 192, 190, 372, 371, 371, 658] Thread-7 7907
T0 [0, 4, 0, 1, 2, 1, 0, 0, 0, 0] [666, 98, 98, 97, 192, 190, 372, 371, 371, 658] Thread-2 7907
T5 [0, 4, 0, 1, 1, 1, 0, 1, 1, 1] [666, 98, 98, 97, 192, 191, 372, 371, 371, 658] Thread-5 7912
T1 [0, 3, 1, 1, 1, 1, 0, 0, 1, 1] [666, 99, 98, 97, 192, 191, 372, 371, 371, 658] Thread-4 7912
T9 [1, 3, 1, 1, 1, 1, 0, 0, 1, 0] [666, 99, 98, 97, 192, 191, 372, 371, 371, 659] Thread-10 7913
T0 [0, 4, 1, 1, 1, 1, 0, 0, 1, 0] [667, 99, 98, 97, 192, 191, 372, 371, 371, 659] Thread-0 7913
T6 [0, 3, 1, 1, 1, 2, 0, 0, 0, 0] [667, 99, 98, 97, 192, 191, 373, 371, 371, 659] Thread-8 7913
T2 [0, 3, 0, 2, 1, 2, 0, 0, 0, 0] [667, 99, 99, 97, 192, 191, 373, 371, 371, 659] Thread-4 7923
T7 [0, 3, 0, 2, 1, 1, 1, 0, 0, 0] [667, 99, 99, 97, 192, 191, 373, 372, 371, 659] Thread-8 7927
T8 [0, 3, 0, 2, 1, 1, 0, 0, 1, 1] [667, 99, 99, 97, 192, 191, 373, 372, 372, 659] Thread-8 7944
T9 [1, 3, 0, 2, 1, 1, 0, 0, 1, 0] [667, 99, 99, 97, 192, 191, 373, 372, 372, 660] Thread-11 7944
T0 [0, 4, 0, 2, 1, 1, 0, 0, 1, 0] [668, 99, 99, 97, 192, 191, 373, 372, 372, 660] Thread-1 7944
T6 [0, 3, 0, 2, 1, 2, 0, 0, 0, 0] [668, 99, 99, 97, 192, 191, 374, 372, 372, 660] Thread-8 7945
T7 [0, 3, 0, 2, 1, 1, 1, 0, 0, 0] [668, 99, 99, 97, 192, 191, 374, 373, 372, 660] Thread-8 7948
T5 [0, 3, 0, 2, 0, 1, 1, 1, 1, 1] [668, 99, 99, 97, 192, 192, 374, 373, 372, 660] Thread-6 7952
T4 [0, 2, 0, 2, 1, 1, 1, 0, 0, 1] [668, 99, 99, 97, 193, 192, 374, 373, 372, 660] Thread-5 7952
T9 [1, 2, 0, 2, 1, 1, 1, 0, 0, 0] [668, 99, 99, 97, 193, 192, 374, 373, 372, 661] Thread-9 7953
T0 [0, 3, 0, 2, 1, 1, 1, 0, 0, 0] [669, 99, 99, 97, 193, 192, 374, 373, 372, 661] Thread-2 7953
T8 [0, 3, 0, 2, 1, 1, 0, 0, 1, 1] [669, 99, 99, 97, 193, 192, 374, 373, 373, 661] Thread-8 7965
T9 [1, 3, 0, 2, 1, 1, 0, 0, 1, 0] [669, 99, 99, 97, 193, 192, 374, 373, 373, 662] Thread-10 7965
T0 [0, 4, 0, 2, 1, 1, 0, 0, 1, 0] [670, 99, 99, 97, 193, 192, 374, 373, 373, 662] Thread-0 7965
T6 [0, 3, 0, 2, 1, 2, 0, 0, 0, 0] [670, 99, 99, 97, 193, 192, 375, 373, 373, 662] Thread-8 7966
T3 [0, 3, 0, 1, 1, 2, 0, 1, 0, 1] [670, 99, 99, 98, 193, 192, 375, 373, 373, 662] Thread-4 7967
T9 [1, 3, 0, 1, 1, 2, 0, 1, 0, 0] [670, 99, 99, 98, 193, 192, 375, 373, 373, 663] Thread-11 7967
T0 [0, 4, 0, 1, 1, 2, 0, 1, 0, 0] [671, 99, 99, 98, 193, 192, 375, 373, 373, 663] Thread-1 7967
T1 [0, 3, 1, 1, 1, 2, 0, 0, 0, 0] [671, 100, 99, 98, 193, 192, 375, 373, 373, 663] Thread-4 7968
T7 [0, 3, 1, 1, 1, 1, 1, 0, 0, 0] [671, 100, 99, 98, 193, 192, 375, 374, 373, 663] Thread-7 7969
T2 [0, 3, 0, 2, 1, 1, 1, 0, 0, 0] [671, 100, 100, 98, 193, 192, 375, 374, 373, 663] Thread-4 7978
T8 [0, 3, 0, 2, 1, 1, 0, 0, 1, 1] [671, 100, 100, 98, 193, 192, 375, 374, 374, 663] Thread-7 7986
T9 [1, 3, 0, 2, 1, 1, 0, 0, 1, 0] [671, 100, 100, 98, 193, 192, 375, 374, 374, 664] Thread-9 7986
T0 [0, 4, 0, 2, 1, 1, 0, 0, 1, 0] [672, 100, 100, 98, 193, 192, 375, 374, 374, 664] Thread-2 7987
T6 [0, 3, 0, 2, 1, 2, 0, 0, 0, 0] [672, 100, 100, 98, 193, 192, 376, 374, 374, 664] Thread-7 7987
T7 [0, 3, 0, 2, 1, 1, 1, 0, 0, 0] [672, 100, 100, 98, 193, 192, 376, 375, 374, 664] Thread-7 7990
T5 [0, 3, 0, 2, 0, 1, 1, 1, 1, 1] [672, 100, 100, 98, 193, 193, 376, 375, 374, 664] Thread-5 7993
T4 [0, 2, 0, 2, 1, 1, 1, 0, 0, 1] [672, 100, 100, 98, 194, 193, 376, 375, 374, 664] Thread-6 7993
T9 [1, 2, 0, 2, 1, 1, 1, 0, 0, 0] [672, 100, 100, 98, 194, 193, 376, 375, 374, 665] Thread-10 7994
T0 [0, 3, 0, 2, 1, 1, 1, 0, 0, 0] [673, 100, 100, 98, 194, 193, 376, 375, 374, 665] Thread-0 7994
T8 [0, 3, 0, 2, 1, 1, 0, 0, 1, 1] [673, 100, 100, 98, 194, 193, 376, 375, 375, 665] Thread-7 8007
T9 [1, 3, 0, 2, 1, 1, 0, 0, 1, 0] [673, 100, 100, 98, 194, 193, 376, 375, 375, 666] Thread-11 8007
T0 [0, 4, 0, 2, 1, 1, 0, 0, 1, 0] [674, 100, 100, 98, 194, 193, 376, 375, 375, 666] Thread-1 8008
T6 [0, 3, 0, 2, 1, 2, 0, 0, 0, 0] [674, 100, 100, 98, 194, 193, 377, 375, 375, 666] Thread-7 8008
T7 [0, 3, 0, 2, 1, 1, 1, 0, 0, 0] [674, 100, 100, 98, 194, 193, 377, 376, 375, 666] Thread-7 8012
T8 [0, 3, 0, 2, 1, 1, 0, 0, 1, 1] [674, 100, 100, 98, 194, 193, 377, 376, 376, 666] Thread-7 8029
T9 [1, 3, 0, 2, 1, 1, 0, 0, 1, 0] [674, 100, 100, 98, 194, 193, 377, 376, 376, 667] Thread-9 8029
T0 [0, 4, 0, 2, 1, 1, 0, 0, 1, 0] [675, 100, 100, 98, 194, 193, 377, 376, 376, 667] Thread-2 8030
T6 [0, 3, 0, 2, 1, 2, 0, 0, 0, 0] [675, 100, 100, 98, 194, 193, 378, 376, 376, 667] Thread-7 8030
T7 [0, 3, 0, 2, 1, 1, 1, 0, 0, 0] [675, 100, 100, 98, 194, 193, 378, 377, 376, 667] Thread-8 8033
T5 [0, 3, 0, 2, 0, 1, 1, 1, 1, 1] [675, 100, 100, 98, 194, 194, 378, 377, 376, 667] Thread-6 8034
T4 [0, 2, 0, 2, 1, 1, 1, 0, 0, 1] [675, 100, 100, 98, 195, 194, 378, 377, 376, 667] Thread-5 8034
T9 [1, 2, 0, 2, 1, 1, 1, 0, 0, 0] [675, 100, 100, 98, 195, 194, 378, 377, 376, 668] Thread-10 8034
T0 [0, 3, 0, 2, 1, 1, 1, 0, 0, 0] [676, 100, 100, 98, 195, 194, 378, 377, 376, 668] Thread-0 8036
T3 [0, 3, 0, 1, 1, 1, 1, 1, 0, 1] [676, 100, 100, 99, 195, 194, 378, 377, 376, 668] Thread-4 8048
T9 [1, 3, 0, 1, 1, 1, 1, 1, 0, 0] [676, 100, 100, 99, 195, 194, 378, 377, 376, 669] Thread-11 8048
T0 [0, 4, 0, 1, 1, 1, 1, 1, 0, 0] [677, 100, 100, 99, 195, 194, 378, 377, 376, 669] Thread-1 8049
T1 [0, 3, 1, 1, 1, 1, 1, 0, 0, 0] [677, 101, 100, 99, 195, 194, 378, 377, 376, 669] Thread-4 8049
T8 [0, 3, 1, 1, 1, 1, 0, 0, 1, 1] [677, 101, 100, 99, 195, 194, 378, 377, 377, 669] Thread-8 8051
T9 [1, 3, 1, 1, 1, 1, 0, 0, 1, 0] [677, 101, 100, 99, 195, 194, 378, 377, 377, 670] Thread-9 8051
T0 [0, 4, 1, 1, 1, 1, 0, 0, 1, 0] [678, 101, 100, 99, 195, 194, 378, 377, 377, 670] Thread-2 8051
T6 [0, 3, 1, 1, 1, 2, 0, 0, 0, 0] [678, 101, 100, 99, 195, 194, 379, 377, 377, 670] Thread-8 8052
T7 [0, 3, 1, 1, 1, 1, 1, 0, 0, 0] [678, 101, 100, 99, 195, 194, 379, 378, 377, 670] Thread-8 8054
T2 [0, 3, 0, 2, 1, 1, 1, 0, 0, 0] [678, 101, 101, 99, 195, 194, 379, 378, 377, 670] Thread-4 8062
T8 [0, 3, 0, 2, 1, 1, 0, 0, 1, 1] [678, 101, 101, 99, 195, 194, 379, 378, 378, 670] Thread-8 8071
T9 [1, 3, 0, 2, 1, 1, 0, 0, 1, 0] [678, 101, 101, 99, 195, 194, 379, 378, 378, 671] Thread-10 8071
T0 [0, 4, 0, 2, 1, 1, 0, 0, 1, 0] [679, 101, 101, 99, 195, 194, 379, 378, 378, 671] Thread-0 8072
T6 [0, 3, 0, 2, 1, 2, 0, 0, 0, 0] [679, 101, 101, 99, 195, 194, 380, 378, 378, 671] Thread-8 8072
T5 [0, 3, 0, 2, 0, 2, 0, 1, 1, 1] [679, 101, 101, 99, 195, 195, 380, 378, 378, 671] Thread-5 8075
T4 [0, 2, 0, 2, 1, 2, 0, 0, 0, 1] [679, 101, 101, 99, 196, 195, 380, 378, 378, 671] Thread-6 8075
T9 [1, 2, 0, 2, 1, 2, 0, 0, 0, 0] [679, 101, 101, 99, 196, 195, 380, 378, 378, 672] Thread-11 8076
T0 [0, 3, 0, 2, 1, 2, 0, 0, 0, 0] [680, 101, 101, 99, 196, 195, 380, 378, 378, 672] Thread-1 8076
T7 [0, 3, 0, 2, 1, 1, 1, 0, 0, 0] [680, 101, 101, 99, 196, 195, 380, 379, 378, 672] Thread-8 8076
T8 [0, 3, 0, 2, 1, 1, 0, 0, 1, 1] [680, 101, 101, 99, 196, 195, 380, 379, 379, 672] Thread-8 8093
T9 [1, 3, 0, 2, 1, 1, 0, 0, 1, 0] [680, 101, 101, 99, 196, 195, 380, 379, 379, 673] Thread-9 8093
T0 [0, 4, 0, 2, 1, 1, 0, 0, 1, 0] [681, 101, 101, 99, 196, 195, 380, 379, 379, 673] Thread-2 8094
T6 [0, 3, 0, 2, 1, 2, 0, 0, 0, 0] [681, 101, 101, 99, 196, 195, 381, 379, 379, 673] Thread-8 8094
T7 [0, 3, 0, 2, 1, 1, 1, 0, 0, 0] [681, 101, 101, 99, 196, 195, 381, 380, 379, 673] Thread-7 8097
T8 [0, 3, 0, 2, 1, 1, 0, 0, 1, 1] [681, 101, 101, 99, 196, 195, 381, 380, 380, 673] Thread-7 8114
T9 [1, 3, 0, 2, 1, 1, 0, 0, 1, 0] [681, 101, 101, 99, 196, 195, 381, 380, 380, 674] Thread-10 8114
T0 [0, 4, 0, 2, 1, 1, 0, 0, 1, 0] [682, 101, 101, 99, 196, 195, 381, 380, 380, 674] Thread-0 8115
T6 [0, 3, 0, 2, 1, 2, 0, 0, 0, 0] [682, 101, 101, 99, 196, 195, 382, 380, 380, 674] Thread-7 8115
T5 [0, 3, 0, 2, 0, 2, 0, 1, 1, 1] [682, 101, 101, 99, 196, 196, 382, 380, 380, 674] Thread-6 8116
T4 [0, 2, 0, 2, 1, 2, 0, 0, 0, 1] [682, 101, 101, 99, 197, 196, 382, 380, 380, 674] Thread-5 8116
T9 [1, 2, 0, 2, 1, 2, 0, 0, 0, 0] [682, 101, 101, 99, 197, 196, 382, 380, 380, 675] Thread-11 8117
T0 [0, 3, 0, 2, 1, 2, 0, 0, 0, 0] [683, 101, 101, 99, 197, 196, 382, 380, 380, 675] Thread-1 8117
T7 [0, 3, 0, 2, 1, 1, 1, 0, 0, 0] [683, 101, 101, 99, 197, 196, 382, 381, 380, 675] Thread-8 8118
T3 [0, 3, 0, 1, 1, 1, 1, 1, 0, 1] [683, 101, 101, 100, 197, 196, 382, 381, 380, 675] Thread-3 8128
T9 [1, 3, 0, 1, 1, 1, 1, 1, 0, 0] [683, 101, 101, 100, 197, 196, 382, 381, 380, 676] Thread-9 8128
T0 [0, 4, 0, 1, 1, 1, 1, 1, 0, 0] [684, 101, 101, 100, 197, 196, 382, 381, 380, 676] Thread-2 8129
T1 [0, 3, 1, 1, 1, 1, 1, 0, 0, 0] [684, 102, 101, 100, 197, 196, 382, 381, 380, 676] Thread-3 8129
T8 [0, 3, 1, 1, 1, 1, 0, 0, 1, 1] [684, 102, 101, 100, 197, 196, 382, 381, 381, 676] Thread-8 8135
T9 [1, 3, 1, 1, 1, 1, 0, 0, 1, 0] [684, 102, 101, 100, 197, 196, 382, 381, 381, 677] Thread-10 8135
T0 [0, 4, 1, 1, 1, 1, 0, 0, 1, 0] [685, 102, 101, 100, 197, 196, 382, 381, 381, 677] Thread-0 8136
T6 [0, 3, 1, 1, 1, 2, 0, 0, 0, 0] [685, 102, 101, 100, 197, 196, 383, 381, 381, 677] Thread-8 8136
T7 [0, 3, 1, 1, 1, 1, 1, 0, 0, 0] [685, 102, 101, 100, 197, 196, 383, 382, 381, 677] Thread-7 8139
T2 [0, 3, 0, 2, 1, 1, 1, 0, 0, 0] [685, 102, 102, 100, 197, 196, 383, 382, 381, 677] Thread-3 8141
T8 [0, 3, 0, 2, 1, 1, 0, 0, 1, 1] [685, 102, 102, 100, 197, 196, 383, 382, 382, 677] Thread-7 8156
T9 [1, 3, 0, 2, 1, 1, 0, 0, 1, 0] [685, 102, 102, 100, 197, 196, 383, 382, 382, 678] Thread-11 8156
T0 [0, 4, 0, 2, 1, 1, 0, 0, 1, 0] [686, 102, 102, 100, 197, 196, 383, 382, 382, 678] Thread-1 8157
T6 [0, 3, 0, 2, 1, 2, 0, 0, 0, 0] [686, 102, 102, 100, 197, 196, 384, 382, 382, 678] Thread-7 8157
T5 [0, 3, 0, 2, 0, 2, 0, 1, 1, 1] [686, 102, 102, 100, 197, 197, 384, 382, 382, 678] Thread-5 8158
T4 [0, 2, 0, 2, 1, 2, 0, 0, 0, 1] [686, 102, 102, 100, 198, 197, 384, 382, 382, 678] Thread-6 8158
T9 [1, 2, 0, 2, 1, 2, 0, 0, 0, 0] [686, 102, 102, 100, 198, 197, 384, 382, 382, 679] Thread-9 8158
T0 [0, 3, 0, 2, 1, 2, 0, 0, 0, 0] [687, 102, 102, 100, 198, 197, 384, 382, 382, 679] Thread-2 8159
T7 [0, 3, 0, 2, 1, 1, 1, 0, 0, 0] [687, 102, 102, 100, 198, 197, 384, 383, 382, 679] Thread-7 8159
T8 [0, 3, 0, 2, 1, 1, 0, 0, 1, 1] [687, 102, 102, 100, 198, 197, 384, 383, 383, 679] Thread-7 8177
T9 [1, 3, 0, 2, 1, 1, 0, 0, 1, 0] [687, 102, 102, 100, 198, 197, 384, 383, 383, 680] Thread-10 8177
T0 [0, 4, 0, 2, 1, 1, 0, 0, 1, 0] [688, 102, 102, 100, 198, 197, 384, 383, 383, 680] Thread-0 8178
T6 [0, 3, 0, 2, 1, 2, 0, 0, 0, 0] [688, 102, 102, 100, 198, 197, 385, 383, 383, 680] Thread-7 8178
T7 [0, 3, 0, 2, 1, 1, 1, 0, 0, 0] [688, 102, 102, 100, 198, 197, 385, 384, 383, 680] Thread-7 8180
T8 [0, 3, 0, 2, 1, 1, 0, 0, 1, 1] [688, 102, 102, 100, 198, 197, 385, 384, 384, 680] Thread-7 8197
T9 [1, 3, 0, 2, 1, 1, 0, 0, 1, 0] [688, 102, 102, 100, 198, 197, 385, 384, 384, 681] Thread-11 8197
T0 [0, 4, 0, 2, 1, 1, 0, 0, 1, 0] [689, 102, 102, 100, 198, 197, 385, 384, 384, 681] Thread-1 8198
T6 [0, 3, 0, 2, 1, 2, 0, 0, 0, 0] [689, 102, 102, 100, 198, 197, 386, 384, 384, 681] Thread-7 8198
T5 [0, 3, 0, 2, 0, 2, 0, 1, 1, 1] [689, 102, 102, 100, 198, 198, 386, 384, 384, 681] Thread-6 8200
T4 [0, 2, 0, 2, 1, 2, 0, 0, 0, 1] [689, 102, 102, 100, 199, 198, 386, 384, 384, 681] Thread-5 8200
T9 [1, 2, 0, 2, 1, 2, 0, 0, 0, 0] [689, 102, 102, 100, 199, 198, 386, 384, 384, 682] Thread-9 8200
T0 [0, 3, 0, 2, 1, 2, 0, 0, 0, 0] [690, 102, 102, 100, 199, 198, 386, 384, 384, 682] Thread-2 8201
T7 [0, 3, 0, 2, 1, 1, 1, 0, 0, 0] [690, 102, 102, 100, 199, 198, 386, 385, 384, 682] Thread-8 8201
T3 [0, 3, 0, 1, 1, 1, 1, 1, 0, 1] [690, 102, 102, 101, 199, 198, 386, 385, 384, 682] Thread-3 8209
T9 [1, 3, 0, 1, 1, 1, 1, 1, 0, 0] [690, 102, 102, 101, 199, 198, 386, 385, 384, 683] Thread-10 8209
T0 [0, 4, 0, 1, 1, 1, 1, 1, 0, 0] [691, 102, 102, 101, 199, 198, 386, 385, 384, 683] Thread-0 8210
T1 [0, 3, 1, 1, 1, 1, 1, 0, 0, 0] [691, 103, 102, 101, 199, 198, 386, 385, 384, 683] Thread-3 8210
T8 [0, 3, 1, 1, 1, 1, 0, 0, 1, 1] [691, 103, 102, 101, 199, 198, 386, 385, 385, 683] Thread-8 8218
T9 [1, 3, 1, 1, 1, 1, 0, 0, 1, 0] [691, 103, 102, 101, 199, 198, 386, 385, 385, 684] Thread-11 8218
T0 [0, 4, 1, 1, 1, 1, 0, 0, 1, 0] [692, 103, 102, 101, 199, 198, 386, 385, 385, 684] Thread-1 8219
T6 [0, 3, 1, 1, 1, 2, 0, 0, 0, 0] [692, 103, 102, 101, 199, 198, 387, 385, 385, 684] Thread-8 8219
T2 [0, 3, 0, 2, 1, 2, 0, 0, 0, 0] [692, 103, 103, 101, 199, 198, 387, 385, 385, 684] Thread-3 8221
T7 [0, 3, 0, 2, 1, 1, 1, 0, 0, 0] [692, 103, 103, 101, 199, 198, 387, 386, 385, 684] Thread-7 8222
T8 [0, 3, 0, 2, 1, 1, 0, 0, 1, 1] [692, 103, 103, 101, 199, 198, 387, 386, 386, 684] Thread-7 8239
T9 [1, 3, 0, 2, 1, 1, 0, 0, 1, 0] [692, 103, 103, 101, 199, 198, 387, 386, 386, 685] Thread-9 8239
T0 [0, 4, 0, 2, 1, 1, 0, 0, 1, 0] [693, 103, 103, 101, 199, 198, 387, 386, 386, 685] Thread-2 8240
T6 [0, 3, 0, 2, 1, 2, 0, 0, 0, 0] [693, 103, 103, 101, 199, 198, 388, 386, 386, 685] Thread-7 8240
T5 [0, 3, 0, 2, 0, 2, 0, 1, 1, 1] [693, 103, 103, 101, 199, 199, 388, 386, 386, 685] Thread-5 8242
T4 [0, 2, 0, 2, 1, 2, 0, 0, 0, 1] [693, 103, 103, 101, 200, 199, 388, 386, 386, 685] Thread-6 8242
T9 [1, 2, 0, 2, 1, 2, 0, 0, 0, 0] [693, 103, 103, 101, 200, 199, 388, 386, 386, 686] Thread-10 8243
T0 [0, 3, 0, 2, 1, 2, 0, 0, 0, 0] [694, 103, 103, 101, 200, 199, 388, 386, 386, 686] Thread-0 8243
T7 [0, 3, 0, 2, 1, 1, 1, 0, 0, 0] [694, 103, 103, 101, 200, 199, 388, 387, 386, 686] Thread-7 8243
T8 [0, 3, 0, 2, 1, 1, 0, 0, 1, 1] [694, 103, 103, 101, 200, 199, 388, 387, 387, 686] Thread-7 8260
T9 [1, 3, 0, 2, 1, 1, 0, 0, 1, 0] [694, 103, 103, 101, 200, 199, 388, 387, 387, 687] Thread-11 8260
T0 [0, 4, 0, 2, 1, 1, 0, 0, 1, 0] [695, 103, 103, 101, 200, 199, 388, 387, 387, 687] Thread-1 8262
T6 [0, 3, 0, 2, 1, 2, 0, 0, 0, 0] [695, 103, 103, 101, 200, 199, 389, 387, 387, 687] Thread-7 8262
T7 [0, 3, 0, 2, 1, 1, 1, 0, 0, 0] [695, 103, 103, 101, 200, 199, 389, 388, 387, 687] Thread-7 8264
T8 [0, 3, 0, 2, 1, 1, 0, 0, 1, 1] [695, 103, 103, 101, 200, 199, 389, 388, 388, 687] Thread-7 8281
T9 [1, 3, 0, 2, 1, 1, 0, 0, 1, 0] [695, 103, 103, 101, 200, 199, 389, 388, 388, 688] Thread-9 8281
T0 [0, 4, 0, 2, 1, 1, 0, 0, 1, 0] [696, 103, 103, 101, 200, 199, 389, 388, 388, 688] Thread-2 8282
T6 [0, 3, 0, 2, 1, 2, 0, 0, 0, 0] [696, 103, 103, 101, 200, 199, 390, 388, 388, 688] Thread-7 8282
T5 [0, 3, 0, 2, 0, 2, 0, 1, 1, 1] [696, 103, 103, 101, 200, 200, 390, 388, 388, 688] Thread-6 8283
T4 [0, 2, 0, 2, 1, 2, 0, 0, 0, 1] [696, 103, 103, 101, 201, 200, 390, 388, 388, 688] Thread-5 8283
T9 [1, 2, 0, 2, 1, 2, 0, 0, 0, 0] [696, 103, 103, 101, 201, 200, 390, 388, 388, 689] Thread-10 8283
T0 [0, 3, 0, 2, 1, 2, 0, 0, 0, 0] [697, 103, 103, 101, 201, 200, 390, 388, 388, 689] Thread-0 8283
T7 [0, 3, 0, 2, 1, 1, 1, 0, 0, 0] [697, 103, 103, 101, 201, 200, 390, 389, 388, 689] Thread-7 8285
T3 [0, 3, 0, 1, 1, 1, 1, 1, 0, 1] [697, 103, 103, 102, 201, 200, 390, 389, 388, 689] Thread-4 8290
T9 [1, 3, 0, 1, 1, 1, 1, 1, 0, 0] [697, 103, 103, 102, 201, 200, 390, 389, 388, 690] Thread-11 8290
T0 [0, 4, 0, 1, 1, 1, 1, 1, 0, 0] [698, 103, 103, 102, 201, 200, 390, 389, 388, 690] Thread-1 8291
T1 [0, 3, 1, 1, 1, 1, 1, 0, 0, 0] [698, 104, 103, 102, 201, 200, 390, 389, 388, 690] Thread-4 8291
T8 [0, 3, 1, 1, 1, 1, 0, 0, 1, 1] [698, 104, 103, 102, 201, 200, 390, 389, 389, 690] Thread-7 8302
T9 [1, 3, 1, 1, 1, 1, 0, 0, 1, 0] [698, 104, 103, 102, 201, 200, 390, 389, 389, 691] Thread-9 8302
T0 [0, 4, 1, 1, 1, 1, 0, 0, 1, 0] [699, 104, 103, 102, 201, 200, 390, 389, 389, 691] Thread-2 8303
T6 [0, 3, 1, 1, 1, 2, 0, 0, 0, 0] [699, 104, 103, 102, 201, 200, 391, 389, 389, 691] Thread-7 8303
T2 [0, 3, 0, 2, 1, 2, 0, 0, 0, 0] [699, 104, 104, 102, 201, 200, 391, 389, 389, 691] Thread-4 8304
T7 [0, 3, 0, 2, 1, 1, 1, 0, 0, 0] [699, 104, 104, 102, 201, 200, 391, 390, 389, 691] Thread-7 8305
T8 [0, 3, 0, 2, 1, 1, 0, 0, 1, 1] [699, 104, 104, 102, 201, 200, 391, 390, 390, 691] Thread-7 8322
T9 [1, 3, 0, 2, 1, 1, 0, 0, 1, 0] [699, 104, 104, 102, 201, 200, 391, 390, 390, 692] Thread-10 8322
T0 [0, 4, 0, 2, 1, 1, 0, 0, 1, 0] [700, 104, 104, 102, 201, 200, 391, 390, 390, 692] Thread-0 8323
T6 [0, 3, 0, 2, 1, 2, 0, 0, 0, 0] [700, 104, 104, 102, 201, 200, 392, 390, 390, 692] Thread-7 8323
T5 [0, 3, 0, 2, 0, 2, 0, 1, 1, 1] [700, 104, 104, 102, 201, 201, 392, 390, 390, 692] Thread-5 8324
T4 [0, 2, 0, 2, 1, 2, 0, 0, 0, 1] [700, 104, 104, 102, 202, 201, 392, 390, 390, 692] Thread-6 8324
T9 [1, 2, 0, 2, 1, 2, 0, 0, 0, 0] [700, 104, 104, 102, 202, 201, 392, 390, 390, 693] Thread-11 8324
T0 [0, 3, 0, 2, 1, 2, 0, 0, 0, 0] [701, 104, 104, 102, 202, 201, 392, 390, 390, 693] Thread-1 8326
T7 [0, 3, 0, 2, 1, 1, 1, 0, 0, 0] [701, 104, 104, 102, 202, 201, 392, 391, 390, 693] Thread-7 8326
T8 [0, 3, 0, 2, 1, 1, 0, 0, 1, 1] [701, 104, 104, 102, 202, 201, 392, 391, 391, 693] Thread-7 8343
T9 [1, 3, 0, 2, 1, 1, 0, 0, 1, 0] [701, 104, 104, 102, 202, 201, 392, 391, 391, 694] Thread-9 8344
T0 [0, 4, 0, 2, 1, 1, 0, 0, 1, 0] [702, 104, 104, 102, 202, 201, 392, 391, 391, 694] Thread-2 8344
T6 [0, 3, 0, 2, 1, 2, 0, 0, 0, 0] [702, 104, 104, 102, 202, 201, 393, 391, 391, 694] Thread-7 8344
T7 [0, 3, 0, 2, 1, 1, 1, 0, 0, 0] [702, 104, 104, 102, 202, 201, 393, 392, 391, 694] Thread-7 8347
T8 [0, 3, 0, 2, 1, 1, 0, 0, 1, 1] [702, 104, 104, 102, 202, 201, 393, 392, 392, 694] Thread-7 8364
T9 [1, 3, 0, 2, 1, 1, 0, 0, 1, 0] [702, 104, 104, 102, 202, 201, 393, 392, 392, 695] Thread-10 8364
T0 [0, 4, 0, 2, 1, 1, 0, 0, 1, 0] [703, 104, 104, 102, 202, 201, 393, 392, 392, 695] Thread-0 8365
T6 [0, 3, 0, 2, 1, 2, 0, 0, 0, 0] [703, 104, 104, 102, 202, 201, 394, 392, 392, 695] Thread-7 8365
T5 [0, 3, 0, 2, 0, 2, 0, 1, 1, 1] [703, 104, 104, 102, 202, 202, 394, 392, 392, 695] Thread-6 8366
T4 [0, 2, 0, 2, 1, 2, 0, 0, 0, 1] [703, 104, 104, 102, 203, 202, 394, 392, 392, 695] Thread-5 8366
T9 [1, 2, 0, 2, 1, 2, 0, 0, 0, 0] [703, 104, 104, 102, 203, 202, 394, 392, 392, 696] Thread-11 8366
T0 [0, 3, 0, 2, 1, 2, 0, 0, 0, 0] [704, 104, 104, 102, 203, 202, 394, 392, 392, 696] Thread-1 8367
T7 [0, 3, 0, 2, 1, 1, 1, 0, 0, 0] [704, 104, 104, 102, 203, 202, 394, 393, 392, 696] Thread-7 8367
T3 [0, 3, 0, 1, 1, 1, 1, 1, 0, 1] [704, 104, 104, 103, 203, 202, 394, 393, 392, 696] Thread-4 8370
T9 [1, 3, 0, 1, 1, 1, 1, 1, 0, 0] [704, 104, 104, 103, 203, 202, 394, 393, 392, 697] Thread-9 8370
T0 [0, 4, 0, 1, 1, 1, 1, 1, 0, 0] [705, 104, 104, 103, 203, 202, 394, 393, 392, 697] Thread-2 8371
T1 [0, 3, 1, 1, 1, 1, 1, 0, 0, 0] [705, 105, 104, 103, 203, 202, 394, 393, 392, 697] Thread-4 8371
T2 [0, 3, 0, 2, 1, 1, 1, 0, 0, 0] [705, 105, 105, 103, 203, 202, 394, 393, 392, 697] Thread-4 8383
T8 [0, 3, 0, 2, 1, 1, 0, 0, 1, 1] [705, 105, 105, 103, 203, 202, 394, 393, 393, 697] Thread-7 8384
T9 [1, 3, 0, 2, 1, 1, 0, 0, 1, 0] [705, 105, 105, 103, 203, 202, 394, 393, 393, 698] Thread-10 8384
T0 [0, 4, 0, 2, 1, 1, 0, 0, 1, 0] [706, 105, 105, 103, 203, 202, 394, 393, 393, 698] Thread-0 8385
T6 [0, 3, 0, 2, 1, 2, 0, 0, 0, 0] [706, 105, 105, 103, 203, 202, 395, 393, 393, 698] Thread-7 8385
T7 [0, 3, 0, 2, 1, 1, 1, 0, 0, 0] [706, 105, 105, 103, 203, 202, 395, 394, 393, 698] Thread-8 8387
T8 [0, 3, 0, 2, 1, 1, 0, 0, 1, 1] [706, 105, 105, 103, 203, 202, 395, 394, 394, 698] Thread-8 8404
T9 [1, 3, 0, 2, 1, 1, 0, 0, 1, 0] [706, 105, 105, 103, 203, 202, 395, 394, 394, 699] Thread-11 8404
T0 [0, 4, 0, 2, 1, 1, 0, 0, 1, 0] [707, 105, 105, 103, 203, 202, 395, 394, 394, 699] Thread-1 8405
T6 [0, 3, 0, 2, 1, 2, 0, 0, 0, 0] [707, 105, 105, 103, 203, 202, 396, 394, 394, 699] Thread-8 8405
T5 [0, 3, 0, 2, 0, 2, 0, 1, 1, 1] [707, 105, 105, 103, 203, 203, 396, 394, 394, 699] Thread-5 8407
T4 [0, 2, 0, 2, 1, 2, 0, 0, 0, 1] [707, 105, 105, 103, 204, 203, 396, 394, 394, 699] Thread-6 8407
T9 [1, 2, 0, 2, 1, 2, 0, 0, 0, 0] [707, 105, 105, 103, 204, 203, 396, 394, 394, 700] Thread-9 8407
T0 [0, 3, 0, 2, 1, 2, 0, 0, 0, 0] [708, 105, 105, 103, 204, 203, 396, 394, 394, 700] Thread-2 8409
T7 [0, 3, 0, 2, 1, 1, 1, 0, 0, 0] [708, 105, 105, 103, 204, 203, 396, 395, 394, 700] Thread-7 8409
T8 [0, 3, 0, 2, 1, 1, 0, 0, 1, 1] [708, 105, 105, 103, 204, 203, 396, 395, 395, 700] Thread-7 8426
T9 [1, 3, 0, 2, 1, 1, 0, 0, 1, 0] [708, 105, 105, 103, 204, 203, 396, 395, 395, 701] Thread-10 8426
T0 [0, 4, 0, 2, 1, 1, 0, 0, 1, 0] [709, 105, 105, 103, 204, 203, 396, 395, 395, 701] Thread-0 8427
T6 [0, 3, 0, 2, 1, 2, 0, 0, 0, 0] [709, 105, 105, 103, 204, 203, 397, 395, 395, 701] Thread-7 8427
T7 [0, 3, 0, 2, 1, 1, 1, 0, 0, 0] [709, 105, 105, 103, 204, 203, 397, 396, 395, 701] Thread-7 8430
T8 [0, 3, 0, 2, 1, 1, 0, 0, 1, 1] [709, 105, 105, 103, 204, 203, 397, 396, 396, 701] Thread-7 8447
T9 [1, 3, 0, 2, 1, 1, 0, 0, 1, 0] [709, 105, 105, 103, 204, 203, 397, 396, 396, 702] Thread-11 8447
T0 [0, 4, 0, 2, 1, 1, 0, 0, 1, 0] [710, 105, 105, 103, 204, 203, 397, 396, 396, 702] Thread-1 8448
T6 [0, 3, 0, 2, 1, 2, 0, 0, 0, 0] [710, 105, 105, 103, 204, 203, 398, 396, 396, 702] Thread-7 8448
T5 [0, 3, 0, 2, 0, 2, 0, 1, 1, 1] [710, 105, 105, 103, 204, 204, 398, 396, 396, 702] Thread-6 8449
T4 [0, 2, 0, 2, 1, 2, 0, 0, 0, 1] [710, 105, 105, 103, 205, 204, 398, 396, 396, 702] Thread-5 8449
T9 [1, 2, 0, 2, 1, 2, 0, 0, 0, 0] [710, 105, 105, 103, 205, 204, 398, 396, 396, 703] Thread-9 8449
T0 [0, 3, 0, 2, 1, 2, 0, 0, 0, 0] [711, 105, 105, 103, 205, 204, 398, 396, 396, 703] Thread-2 8450
T7 [0, 3, 0, 2, 1, 1, 1, 0, 0, 0] [711, 105, 105, 103, 205, 204, 398, 397, 396, 703] Thread-7 8450
T3 [0, 3, 0, 1, 1, 1, 1, 1, 0, 1] [711, 105, 105, 104, 205, 204, 398, 397, 396, 703] Thread-4 8451
T9 [1, 3, 0, 1, 1, 1, 1, 1, 0, 0] [711, 105, 105, 104, 205, 204, 398, 397, 396, 704] Thread-10 8451
T0 [0, 4, 0, 1, 1, 1, 1, 1, 0, 0] [712, 105, 105, 104, 205, 204, 398, 397, 396, 704] Thread-0 8452
T1 [0, 3, 1, 1, 1, 1, 1, 0, 0, 0] [712, 106, 105, 104, 205, 204, 398, 397, 396, 704] Thread-4 8452
T2 [0, 3, 0, 2, 1, 1, 1, 0, 0, 0] [712, 106, 106, 104, 205, 204, 398, 397, 396, 704] Thread-4 8463
T8 [0, 3, 0, 2, 1, 1, 0, 0, 1, 1] [712, 106, 106, 104, 205, 204, 398, 397, 397, 704] Thread-7 8467
T9 [1, 3, 0, 2, 1, 1, 0, 0, 1, 0] [712, 106, 106, 104, 205, 204, 398, 397, 397, 705] Thread-11 8467
T0 [0, 4, 0, 2, 1, 1, 0, 0, 1, 0] [713, 106, 106, 104, 205, 204, 398, 397, 397, 705] Thread-1 8468
T6 [0, 3, 0, 2, 1, 2, 0, 0, 0, 0] [713, 106, 106, 104, 205, 204, 399, 397, 397, 705] Thread-7 8468
T7 [0, 3, 0, 2, 1, 1, 1, 0, 0, 0] [713, 106, 106, 104, 205, 204, 399, 398, 397, 705] Thread-7 8471
T8 [0, 3, 0, 2, 1, 1, 0, 0, 1, 1] [713, 106, 106, 104, 205, 204, 399, 398, 398, 705] Thread-7 8488
T9 [1, 3, 0, 2, 1, 1, 0, 0, 1, 0] [713, 106, 106, 104, 205, 204, 399, 398, 398, 706] Thread-9 8488
T0 [0, 4, 0, 2, 1, 1, 0, 0, 1, 0] [714, 106, 106, 104, 205, 204, 399, 398, 398, 706] Thread-2 8489
T6 [0, 3, 0, 2, 1, 2, 0, 0, 0, 0] [714, 106, 106, 104, 205, 204, 400, 398, 398, 706] Thread-7 8489
T5 [0, 3, 0, 2, 0, 2, 0, 1, 1, 1] [714, 106, 106, 104, 205, 205, 400, 398, 398, 706] Thread-5 8490
T4 [0, 2, 0, 2, 1, 2, 0, 0, 0, 1] [714, 106, 106, 104, 206, 205, 400, 398, 398, 706] Thread-6 8490
T9 [1, 2, 0, 2, 1, 2, 0, 0, 0, 0] [714, 106, 106, 104, 206, 205, 400, 398, 398, 707] Thread-10 8491
T0 [0, 3, 0, 2, 1, 2, 0, 0, 0, 0] [715, 106, 106, 104, 206, 205, 400, 398, 398, 707] Thread-0 8491
T7 [0, 3, 0, 2, 1, 1, 1, 0, 0, 0] [715, 106, 106, 104, 206, 205, 400, 399, 398, 707] Thread-7 8492
T8 [0, 3, 0, 2, 1, 1, 0, 0, 1, 1] [715, 106, 106, 104, 206, 205, 400, 399, 399, 707] Thread-7 8509
T9 [1, 3, 0, 2, 1, 1, 0, 0, 1, 0] [715, 106, 106, 104, 206, 205, 400, 399, 399, 708] Thread-11 8509
T0 [0, 4, 0, 2, 1, 1, 0, 0, 1, 0] [716, 106, 106, 104, 206, 205, 400, 399, 399, 708] Thread-1 8510
T6 [0, 3, 0, 2, 1, 2, 0, 0, 0, 0] [716, 106, 106, 104, 206, 205, 401, 399, 399, 708] Thread-7 8510
T7 [0, 3, 0, 2, 1, 1, 1, 0, 0, 0] [716, 106, 106, 104, 206, 205, 401, 400, 399, 708] Thread-7 8513
T8 [0, 3, 0, 2, 1, 1, 0, 0, 1, 1] [716, 106, 106, 104, 206, 205, 401, 400, 400, 708] Thread-7 8530
T9 [1, 3, 0, 2, 1, 1, 0, 0, 1, 0] [716, 106, 106, 104, 206, 205, 401, 400, 400, 709] Thread-9 8530
T0 [0, 4, 0, 2, 1, 1, 0, 0, 1, 0] [717, 106, 106, 104, 206, 205, 401, 400, 400, 709] Thread-2 8531
T6 [0, 3, 0, 2, 1, 2, 0, 0, 0, 0] [717, 106, 106, 104, 206, 205, 402, 400, 400, 709] Thread-7 8531
T5 [0, 3, 0, 2, 0, 2, 0, 1, 1, 1] [717, 106, 106, 104, 206, 206, 402, 400, 400, 709] Thread-6 8531
T4 [0, 2, 0, 2, 1, 2, 0, 0, 0, 1] [717, 106, 106, 104, 207, 206, 402, 400, 400, 709] Thread-5 8532
T9 [1, 2, 0, 2, 1, 2, 0, 0, 0, 0] [717, 106, 106, 104, 207, 206, 402, 400, 400, 710] Thread-10 8532
T0 [0, 3, 0, 2, 1, 2, 0, 0, 0, 0] [718, 106, 106, 104, 207, 206, 402, 400, 400, 710] Thread-0 8532
T3 [0, 3, 0, 1, 1, 2, 0, 1, 0, 1] [718, 106, 106, 105, 207, 206, 402, 400, 400, 710] Thread-4 8533
T9 [1, 3, 0, 1, 1, 2, 0, 1, 0, 0] [718, 106, 106, 105, 207, 206, 402, 400, 400, 711] Thread-11 8533
T0 [0, 4, 0, 1, 1, 2, 0, 1, 0, 0] [719, 106, 106, 105, 207, 206, 402, 400, 400, 711] Thread-1 8534
T1 [0, 3, 1, 1, 1, 2, 0, 0, 0, 0] [719, 107, 106, 105, 207, 206, 402, 400, 400, 711] Thread-4 8534
T7 [0, 3, 1, 1, 1, 1, 1, 0, 0, 0] [719, 107, 106, 105, 207, 206, 402, 401, 400, 711] Thread-7 8534
T2 [0, 3, 0, 2, 1, 1, 1, 0, 0, 0] [719, 107, 107, 105, 207, 206, 402, 401, 400, 711] Thread-4 8546
T8 [0, 3, 0, 2, 1, 1, 0, 0, 1, 1] [719, 107, 107, 105, 207, 206, 402, 401, 401, 711] Thread-7 8552
T9 [1, 3, 0, 2, 1, 1, 0, 0, 1, 0] [719, 107, 107, 105, 207, 206, 402, 401, 401, 712] Thread-9 8552
T0 [0, 4, 0, 2, 1, 1, 0, 0, 1, 0] [720, 107, 107, 105, 207, 206, 402, 401, 401, 712] Thread-2 8553
T6 [0, 3, 0, 2, 1, 2, 0, 0, 0, 0] [720, 107, 107, 105, 207, 206, 403, 401, 401, 712] Thread-7 8553
T7 [0, 3, 0, 2, 1, 1, 1, 0, 0, 0] [720, 107, 107, 105, 207, 206, 403, 402, 401, 712] Thread-7 8555
T8 [0, 3, 0, 2, 1, 1, 0, 0, 1, 1] [720, 107, 107, 105, 207, 206, 403, 402, 402, 712] Thread-7 8572
T9 [1, 3, 0, 2, 1, 1, 0, 0, 1, 0] [720, 107, 107, 105, 207, 206, 403, 402, 402, 713] Thread-10 8572
T0 [0, 4, 0, 2, 1, 1, 0, 0, 1, 0] [721, 107, 107, 105, 207, 206, 403, 402, 402, 713] Thread-0 8573
T5 [0, 4, 0, 2, 0, 1, 0, 1, 2, 1] [721, 107, 107, 105, 207, 207, 403, 402, 402, 713] Thread-5 8573
T4 [0, 3, 0, 2, 1, 1, 0, 0, 1, 1] [721, 107, 107, 105, 208, 207, 403, 402, 402, 713] Thread-6 8573
T9 [1, 3, 0, 2, 1, 1, 0, 0, 1, 0] [721, 107, 107, 105, 208, 207, 403, 402, 402, 714] Thread-11 8574
T0 [0, 4, 0, 2, 1, 1, 0, 0, 1, 0] [722, 107, 107, 105, 208, 207, 403, 402, 402, 714] Thread-1 8574
T6 [0, 3, 0, 2, 1, 2, 0, 0, 0, 0] [722, 107, 107, 105, 208, 207, 404, 402, 402, 714] Thread-7 8574
T7 [0, 3, 0, 2, 1, 1, 1, 0, 0, 0] [722, 107, 107, 105, 208, 207, 404, 403, 402, 714] Thread-7 8575
T8 [0, 3, 0, 2, 1, 1, 0, 0, 1, 1] [722, 107, 107, 105, 208, 207, 404, 403, 403, 714] Thread-7 8592
T9 [1, 3, 0, 2, 1, 1, 0, 0, 1, 0] [722, 107, 107, 105, 208, 207, 404, 403, 403, 715] Thread-9 8592
T0 [0, 4, 0, 2, 1, 1, 0, 0, 1, 0] [723, 107, 107, 105, 208, 207, 404, 403, 403, 715] Thread-2 8593
T6 [0, 3, 0, 2, 1, 2, 0, 0, 0, 0] [723, 107, 107, 105, 208, 207, 405, 403, 403, 715] Thread-7 8593
T7 [0, 3, 0, 2, 1, 1, 1, 0, 0, 0] [723, 107, 107, 105, 208, 207, 405, 404, 403, 715] Thread-8 8596
T3 [0, 3, 0, 1, 1, 1, 1, 1, 0, 1] [723, 107, 107, 106, 208, 207, 405, 404, 403, 715] Thread-3 8613
T9 [1, 3, 0, 1, 1, 1, 1, 1, 0, 0] [723, 107, 107, 106, 208, 207, 405, 404, 403, 716] Thread-10 8613
T0 [0, 4, 0, 1, 1, 1, 1, 1, 0, 0] [724, 107, 107, 106, 208, 207, 405, 404, 403, 716] Thread-0 8614
T8 [0, 4, 0, 1, 1, 1, 0, 1, 1, 1] [724, 107, 107, 106, 208, 207, 405, 404, 404, 716] Thread-8 8614
T4 [0, 3, 0, 1, 2, 1, 0, 0, 0, 1] [724, 107, 107, 106, 209, 207, 405, 404, 404, 716] Thread-5 8614
T9 [1, 3, 0, 1, 2, 1, 0, 0, 0, 0] [724, 107, 107, 106, 209, 207, 405, 404, 404, 717] Thread-11 8615
T0 [0, 4, 0, 1, 2, 1, 0, 0, 0, 0] [725, 107, 107, 106, 209, 207, 405, 404, 404, 717] Thread-1 8615
T5 [0, 4, 0, 1, 1, 1, 0, 1, 1, 1] [725, 107, 107, 106, 209, 208, 405, 404, 404, 717] Thread-5 8616
T9 [1, 4, 0, 1, 1, 1, 0, 1, 1, 0] [725, 107, 107, 106, 209, 208, 405, 404, 404, 718] Thread-9 8616
T1 [1, 3, 1, 1, 1, 1, 0, 0, 1, 0] [725, 108, 107, 106, 209, 208, 405, 404, 404, 718] Thread-3 8617
T6 [1, 2, 1, 1, 1, 2, 0, 0, 0, 0] [725, 108, 107, 106, 209, 208, 406, 404, 404, 718] Thread-8 8617
T0 [0, 3, 1, 1, 1, 2, 0, 0, 0, 0] [726, 108, 107, 106, 209, 208, 406, 404, 404, 718] Thread-2 8617
T7 [0, 3, 1, 1, 1, 1, 1, 0, 0, 0] [726, 108, 107, 106, 209, 208, 406, 405, 404, 718] Thread-7 8618
T2 [0, 3, 0, 2, 1, 1, 1, 0, 0, 0] [726, 108, 108, 106, 209, 208, 406, 405, 404, 718] Thread-3 8627
T8 [0, 3, 0, 2, 1, 1, 0, 0, 1, 1] [726, 108, 108, 106, 209, 208, 406, 405, 405, 718] Thread-7 8635
T9 [1, 3, 0, 2, 1, 1, 0, 0, 1, 0] [726, 108, 108, 106, 209, 208, 406, 405, 405, 719] Thread-10 8635
T0 [0, 4, 0, 2, 1, 1, 0, 0, 1, 0] [727, 108, 108, 106, 209, 208, 406, 405, 405, 719] Thread-0 8636
T6 [0, 3, 0, 2, 1, 2, 0, 0, 0, 0] [727, 108, 108, 106, 209, 208, 407, 405, 405, 719] Thread-7 8636
T7 [0, 3, 0, 2, 1, 1, 1, 0, 0, 0] [727, 108, 108, 106, 209, 208, 407, 406, 405, 719] Thread-8 8638
T8 [0, 3, 0, 2, 1, 1, 0, 0, 1, 1] [727, 108, 108, 106, 209, 208, 407, 406, 406, 719] Thread-8 8655
T9 [1, 3, 0, 2, 1, 1, 0, 0, 1, 0] [727, 108, 108, 106, 209, 208, 407, 406, 406, 720] Thread-11 8655
T0 [0, 4, 0, 2, 1, 1, 0, 0, 1, 0] [728, 108, 108, 106, 209, 208, 407, 406, 406, 720] Thread-1 8656
T5 [0, 4, 0, 2, 0, 1, 0, 1, 2, 1] [728, 108, 108, 106, 209, 209, 407, 406, 406, 720] Thread-6 8656
T4 [0, 3, 0, 2, 1, 1, 0, 0, 1, 1] [728, 108, 108, 106, 210, 209, 407, 406, 406, 720] Thread-5 8657
T9 [1, 3, 0, 2, 1, 1, 0, 0, 1, 0] [728, 108, 108, 106, 210, 209, 407, 406, 406, 721] Thread-9 8657
T0 [0, 4, 0, 2, 1, 1, 0, 0, 1, 0] [729, 108, 108, 106, 210, 209, 407, 406, 406, 721] Thread-2 8657
T6 [0, 3, 0, 2, 1, 2, 0, 0, 0, 0] [729, 108, 108, 106, 210, 209, 408, 406, 406, 721] Thread-8 8658
T7 [0, 3, 0, 2, 1, 1, 1, 0, 0, 0] [729, 108, 108, 106, 210, 209, 408, 407, 406, 721] Thread-8 8658
T8 [0, 3, 0, 2, 1, 1, 0, 0, 1, 1] [729, 108, 108, 106, 210, 209, 408, 407, 407, 721] Thread-8 8675
T9 [1, 3, 0, 2, 1, 1, 0, 0, 1, 0] [729, 108, 108, 106, 210, 209, 408, 407, 407, 722] Thread-10 8675
T0 [0, 4, 0, 2, 1, 1, 0, 0, 1, 0] [730, 108, 108, 106, 210, 209, 408, 407, 407, 722] Thread-0 8676
T6 [0, 3, 0, 2, 1, 2, 0, 0, 0, 0] [730, 108, 108, 106, 210, 209, 409, 407, 407, 722] Thread-8 8676
T7 [0, 3, 0, 2, 1, 1, 1, 0, 0, 0] [730, 108, 108, 106, 210, 209, 409, 408, 407, 722] Thread-7 8679
T3 [0, 3, 0, 1, 1, 1, 1, 1, 0, 1] [730, 108, 108, 107, 210, 209, 409, 408, 407, 722] Thread-3 8694
T9 [1, 3, 0, 1, 1, 1, 1, 1, 0, 0] [730, 108, 108, 107, 210, 209, 409, 408, 407, 723] Thread-11 8694
T0 [0, 4, 0, 1, 1, 1, 1, 1, 0, 0] [731, 108, 108, 107, 210, 209, 409, 408, 407, 723] Thread-1 8695
T1 [0, 3, 1, 1, 1, 1, 1, 0, 0, 0] [731, 109, 108, 107, 210, 209, 409, 408, 407, 723] Thread-3 8695
T8 [0, 3, 1, 1, 1, 1, 0, 0, 1, 1] [731, 109, 108, 107, 210, 209, 409, 408, 408, 723] Thread-7 8697
T9 [1, 3, 1, 1, 1, 1, 0, 0, 1, 0] [731, 109, 108, 107, 210, 209, 409, 408, 408, 724] Thread-9 8697
T0 [0, 4, 1, 1, 1, 1, 0, 0, 1, 0] [732, 109, 108, 107, 210, 209, 409, 408, 408, 724] Thread-2 8698
T5 [0, 4, 1, 1, 0, 1, 0, 1, 2, 1] [732, 109, 108, 107, 210, 210, 409, 408, 408, 724] Thread-5 8698
T4 [0, 3, 1, 1, 1, 1, 0, 0, 1, 1] [732, 109, 108, 107, 211, 210, 409, 408, 408, 724] Thread-6 8698
T9 [1, 3, 1, 1, 1, 1, 0, 0, 1, 0] [732, 109, 108, 107, 211, 210, 409, 408, 408, 725] Thread-10 8699
T0 [0, 4, 1, 1, 1, 1, 0, 0, 1, 0] [733, 109, 108, 107, 211, 210, 409, 408, 408, 725] Thread-0 8700
T6 [0, 3, 1, 1, 1, 2, 0, 0, 0, 0] [733, 109, 108, 107, 211, 210, 410, 408, 408, 725] Thread-7 8700
T7 [0, 3, 1, 1, 1, 1, 1, 0, 0, 0] [733, 109, 108, 107, 211, 210, 410, 409, 408, 725] Thread-8 8700
T2 [0, 3, 0, 2, 1, 1, 1, 0, 0, 0] [733, 109, 109, 107, 211, 210, 410, 409, 408, 725] Thread-3 8706
T8 [0, 3, 0, 2, 1, 1, 0, 0, 1, 1] [733, 109, 109, 107, 211, 210, 410, 409, 409, 725] Thread-8 8718
T9 [1, 3, 0, 2, 1, 1, 0, 0, 1, 0] [733, 109, 109, 107, 211, 210, 410, 409, 409, 726] Thread-11 8719
T0 [0, 4, 0, 2, 1, 1, 0, 0, 1, 0] [734, 109, 109, 107, 211, 210, 410, 409, 409, 726] Thread-1 8719
T6 [0, 3, 0, 2, 1, 2, 0, 0, 0, 0] [734, 109, 109, 107, 211, 210, 411, 409, 409, 726] Thread-8 8719
T7 [0, 3, 0, 2, 1, 1, 1, 0, 0, 0] [734, 109, 109, 107, 211, 210, 411, 410, 409, 726] Thread-8 8720
T8 [0, 3, 0, 2, 1, 1, 0, 0, 1, 1] [734, 109, 109, 107, 211, 210, 411, 410, 410, 726] Thread-8 8737
T9 [1, 3, 0, 2, 1, 1, 0, 0, 1, 0] [734, 109, 109, 107, 211, 210, 411, 410, 410, 727] Thread-9 8737
T0 [0, 4, 0, 2, 1, 1, 0, 0, 1, 0] [735, 109, 109, 107, 211, 210, 411, 410, 410, 727] Thread-2 8738
T6 [0, 3, 0, 2, 1, 2, 0, 0, 0, 0] [735, 109, 109, 107, 211, 210, 412, 410, 410, 727] Thread-8 8738
T5 [0, 3, 0, 2, 0, 2, 0, 1, 1, 1] [735, 109, 109, 107, 211, 211, 412, 410, 410, 727] Thread-6 8739
T4 [0, 2, 0, 2, 1, 2, 0, 0, 0, 1] [735, 109, 109, 107, 212, 211, 412, 410, 410, 727] Thread-5 8739
T9 [1, 2, 0, 2, 1, 2, 0, 0, 0, 0] [735, 109, 109, 107, 212, 211, 412, 410, 410, 728] Thread-10 8739
T0 [0, 3, 0, 2, 1, 2, 0, 0, 0, 0] [736, 109, 109, 107, 212, 211, 412, 410, 410, 728] Thread-0 8740
T7 [0, 3, 0, 2, 1, 1, 1, 0, 0, 0] [736, 109, 109, 107, 212, 211, 412, 411, 410, 728] Thread-7 8740
T8 [0, 3, 0, 2, 1, 1, 0, 0, 1, 1] [736, 109, 109, 107, 212, 211, 412, 411, 411, 728] Thread-7 8758
T9 [1, 3, 0, 2, 1, 1, 0, 0, 1, 0] [736, 109, 109, 107, 212, 211, 412, 411, 411, 729] Thread-11 8758
T0 [0, 4, 0, 2, 1, 1, 0, 0, 1, 0] [737, 109, 109, 107, 212, 211, 412, 411, 411, 729] Thread-1 8759
T6 [0, 3, 0, 2, 1, 2, 0, 0, 0, 0] [737, 109, 109, 107, 212, 211, 413, 411, 411, 729] Thread-7 8759
T7 [0, 3, 0, 2, 1, 1, 1, 0, 0, 0] [737, 109, 109, 107, 212, 211, 413, 412, 411, 729] Thread-7 8761
T3 [0, 3, 0, 1, 1, 1, 1, 1, 0, 1] [737, 109, 109, 108, 212, 211, 413, 412, 411, 729] Thread-4 8775
T9 [1, 3, 0, 1, 1, 1, 1, 1, 0, 0] [737, 109, 109, 108, 212, 211, 413, 412, 411, 730] Thread-9 8775
T0 [0, 4, 0, 1, 1, 1, 1, 1, 0, 0] [738, 109, 109, 108, 212, 211, 413, 412, 411, 730] Thread-2 8776
T1 [0, 3, 1, 1, 1, 1, 1, 0, 0, 0] [738, 110, 109, 108, 212, 211, 413, 412, 411, 730] Thread-4 8776
T8 [0, 3, 1, 1, 1, 1, 0, 0, 1, 1] [738, 110, 109, 108, 212, 211, 413, 412, 412, 730] Thread-7 8778
T9 [1, 3, 1, 1, 1, 1, 0, 0, 1, 0] [738, 110, 109, 108, 212, 211, 413, 412, 412, 731] Thread-10 8778
T0 [0, 4, 1, 1, 1, 1, 0, 0, 1, 0] [739, 110, 109, 108, 212, 211, 413, 412, 412, 731] Thread-0 8779
T6 [0, 3, 1, 1, 1, 2, 0, 0, 0, 0] [739, 110, 109, 108, 212, 211, 414, 412, 412, 731] Thread-7 8779
T5 [0, 3, 1, 1, 0, 2, 0, 1, 1, 1] [739, 110, 109, 108, 212, 212, 414, 412, 412, 731] Thread-5 8780
T4 [0, 2, 1, 1, 1, 2, 0, 0, 0, 1] [739, 110, 109, 108, 213, 212, 414, 412, 412, 731] Thread-6 8780
T9 [1, 2, 1, 1, 1, 2, 0, 0, 0, 0] [739, 110, 109, 108, 213, 212, 414, 412, 412, 732] Thread-11 8781
T0 [0, 3, 1, 1, 1, 2, 0, 0, 0, 0] [740, 110, 109, 108, 213, 212, 414, 412, 412, 732] Thread-1 8781
T7 [0, 3, 1, 1, 1, 1, 1, 0, 0, 0] [740, 110, 109, 108, 213, 212, 414, 413, 412, 732] Thread-7 8782
T2 [0, 3, 0, 2, 1, 1, 1, 0, 0, 0] [740, 110, 110, 108, 213, 212, 414, 413, 412, 732] Thread-4 8787
T8 [0, 3, 0, 2, 1, 1, 0, 0, 1, 1] [740, 110, 110, 108, 213, 212, 414, 413, 413, 732] Thread-7 8799
T9 [1, 3, 0, 2, 1, 1, 0, 0, 1, 0] [740, 110, 110, 108, 213, 212, 414, 413, 413, 733] Thread-9 8799
T0 [0, 4, 0, 2, 1, 1, 0, 0, 1, 0] [741, 110, 110, 108, 213, 212, 414, 413, 413, 733] Thread-2 8800
T6 [0, 3, 0, 2, 1, 2, 0, 0, 0, 0] [741, 110, 110, 108, 213, 212, 415, 413, 413, 733] Thread-7 8800
T7 [0, 3, 0, 2, 1, 1, 1, 0, 0, 0] [741, 110, 110, 108, 213, 212, 415, 414, 413, 733] Thread-7 8803
T8 [0, 3, 0, 2, 1, 1, 0, 0, 1, 1] [741, 110, 110, 108, 213, 212, 415, 414, 414, 733] Thread-7 8820
T9 [1, 3, 0, 2, 1, 1, 0, 0, 1, 0] [741, 110, 110, 108, 213, 212, 415, 414, 414, 734] Thread-10 8820
T0 [0, 4, 0, 2, 1, 1, 0, 0, 1, 0] [742, 110, 110, 108, 213, 212, 415, 414, 414, 734] Thread-0 8821
T6 [0, 3, 0, 2, 1, 2, 0, 0, 0, 0] [742, 110, 110, 108, 213, 212, 416, 414, 414, 734] Thread-7 8821
T5 [0, 3, 0, 2, 0, 2, 0, 1, 1, 1] [742, 110, 110, 108, 213, 213, 416, 414, 414, 734] Thread-6 8822
T4 [0, 2, 0, 2, 1, 2, 0, 0, 0, 1] [742, 110, 110, 108, 214, 213, 416, 414, 414, 734] Thread-5 8822
T9 [1, 2, 0, 2, 1, 2, 0, 0, 0, 0] [742, 110, 110, 108, 214, 213, 416, 414, 414, 735] Thread-11 8822
T0 [0, 3, 0, 2, 1, 2, 0, 0, 0, 0] [743, 110, 110, 108, 214, 213, 416, 414, 414, 735] Thread-1 8823
T7 [0, 3, 0, 2, 1, 1, 1, 0, 0, 0] [743, 110, 110, 108, 214, 213, 416, 415, 414, 735] Thread-7 8823
T8 [0, 3, 0, 2, 1, 1, 0, 0, 1, 1] [743, 110, 110, 108, 214, 213, 416, 415, 415, 735] Thread-7 8840
T9 [1, 3, 0, 2, 1, 1, 0, 0, 1, 0] [743, 110, 110, 108, 214, 213, 416, 415, 415, 736] Thread-9 8840
T0 [0, 4, 0, 2, 1, 1, 0, 0, 1, 0] [744, 110, 110, 108, 214, 213, 416, 415, 415, 736] Thread-2 8841
T6 [0, 3, 0, 2, 1, 2, 0, 0, 0, 0] [744, 110, 110, 108, 214, 213, 417, 415, 415, 736] Thread-7 8841
T7 [0, 3, 0, 2, 1, 1, 1, 0, 0, 0] [744, 110, 110, 108, 214, 213, 417, 416, 415, 736] Thread-8 8844
T3 [0, 3, 0, 1, 1, 1, 1, 1, 0, 1] [744, 110, 110, 109, 214, 213, 417, 416, 415, 736] Thread-4 8856
T9 [1, 3, 0, 1, 1, 1, 1, 1, 0, 0] [744, 110, 110, 109, 214, 213, 417, 416, 415, 737] Thread-10 8856
T0 [0, 4, 0, 1, 1, 1, 1, 1, 0, 0] [745, 110, 110, 109, 214, 213, 417, 416, 415, 737] Thread-0 8857
T1 [0, 3, 1, 1, 1, 1, 1, 0, 0, 0] [745, 111, 110, 109, 214, 213, 417, 416, 415, 737] Thread-4 8857
T8 [0, 3, 1, 1, 1, 1, 0, 0, 1, 1] [745, 111, 110, 109, 214, 213, 417, 416, 416, 737] Thread-8 8861
T9 [1, 3, 1, 1, 1, 1, 0, 0, 1, 0] [745, 111, 110, 109, 214, 213, 417, 416, 416, 738] Thread-11 8861
T0 [0, 4, 1, 1, 1, 1, 0, 0, 1, 0] [746, 111, 110, 109, 214, 213, 417, 416, 416, 738] Thread-1 8862
T6 [0, 3, 1, 1, 1, 2, 0, 0, 0, 0] [746, 111, 110, 109, 214, 213, 418, 416, 416, 738] Thread-8 8862
T5 [0, 3, 1, 1, 0, 2, 0, 1, 1, 1] [746, 111, 110, 109, 214, 214, 418, 416, 416, 738] Thread-5 8863
T4 [0, 2, 1, 1, 1, 2, 0, 0, 0, 1] [746, 111, 110, 109, 215, 214, 418, 416, 416, 738] Thread-6 8863
T9 [1, 2, 1, 1, 1, 2, 0, 0, 0, 0] [746, 111, 110, 109, 215, 214, 418, 416, 416, 739] Thread-9 8864
T0 [0, 3, 1, 1, 1, 2, 0, 0, 0, 0] [747, 111, 110, 109, 215, 214, 418, 416, 416, 739] Thread-2 8864
T7 [0, 3, 1, 1, 1, 1, 1, 0, 0, 0] [747, 111, 110, 109, 215, 214, 418, 417, 416, 739] Thread-8 8865
T2 [0, 3, 0, 2, 1, 1, 1, 0, 0, 0] [747, 111, 111, 109, 215, 214, 418, 417, 416, 739] Thread-4 8868
T8 [0, 3, 0, 2, 1, 1, 0, 0, 1, 1] [747, 111, 111, 109, 215, 214, 418, 417, 417, 739] Thread-8 8882
T9 [1, 3, 0, 2, 1, 1, 0, 0, 1, 0] [747, 111, 111, 109, 215, 214, 418, 417, 417, 740] Thread-10 8882
T0 [0, 4, 0, 2, 1, 1, 0, 0, 1, 0] [748, 111, 111, 109, 215, 214, 418, 417, 417, 740] Thread-0 8883
T6 [0, 3, 0, 2, 1, 2, 0, 0, 0, 0] [748, 111, 111, 109, 215, 214, 419, 417, 417, 740] Thread-8 8883
T7 [0, 3, 0, 2, 1, 1, 1, 0, 0, 0] [748, 111, 111, 109, 215, 214, 419, 418, 417, 740] Thread-8 8886
T8 [0, 3, 0, 2, 1, 1, 0, 0, 1, 1] [748, 111, 111, 109, 215, 214, 419, 418, 418, 740] Thread-8 8903
T9 [1, 3, 0, 2, 1, 1, 0, 0, 1, 0] [748, 111, 111, 109, 215, 214, 419, 418, 418, 741] Thread-11 8903
T0 [0, 4, 0, 2, 1, 1, 0, 0, 1, 0] [749, 111, 111, 109, 215, 214, 419, 418, 418, 741] Thread-1 8904
T6 [0, 3, 0, 2, 1, 2, 0, 0, 0, 0] [749, 111, 111, 109, 215, 214, 420, 418, 418, 741] Thread-8 8904
T5 [0, 3, 0, 2, 0, 2, 0, 1, 1, 1] [749, 111, 111, 109, 215, 215, 420, 418, 418, 741] Thread-6 8905
T4 [0, 2, 0, 2, 1, 2, 0, 0, 0, 1] [749, 111, 111, 109, 216, 215, 420, 418, 418, 741] Thread-5 8905
T9 [1, 2, 0, 2, 1, 2, 0, 0, 0, 0] [749, 111, 111, 109, 216, 215, 420, 418, 418, 742] Thread-9 8905
T0 [0, 3, 0, 2, 1, 2, 0, 0, 0, 0] [750, 111, 111, 109, 216, 215, 420, 418, 418, 742] Thread-2 8906
T7 [0, 3, 0, 2, 1, 1, 1, 0, 0, 0] [750, 111, 111, 109, 216, 215, 420, 419, 418, 742] Thread-8 8906
T8 [0, 3, 0, 2, 1, 1, 0, 0, 1, 1] [750, 111, 111, 109, 216, 215, 420, 419, 419, 742] Thread-8 8923
T9 [1, 3, 0, 2, 1, 1, 0, 0, 1, 0] [750, 111, 111, 109, 216, 215, 420, 419, 419, 743] Thread-10 8923
T0 [0, 4, 0, 2, 1, 1, 0, 0, 1, 0] [751, 111, 111, 109, 216, 215, 420, 419, 419, 743] Thread-0 8924
T6 [0, 3, 0, 2, 1, 2, 0, 0, 0, 0] [751, 111, 111, 109, 216, 215, 421, 419, 419, 743] Thread-8 8924
T7 [0, 3, 0, 2, 1, 1, 1, 0, 0, 0] [751, 111, 111, 109, 216, 215, 421, 420, 419, 743] Thread-7 8927
T3 [0, 3, 0, 1, 1, 1, 1, 1, 0, 1] [751, 111, 111, 110, 216, 215, 421, 420, 419, 743] Thread-3 8936
T9 [1, 3, 0, 1, 1, 1, 1, 1, 0, 0] [751, 111, 111, 110, 216, 215, 421, 420, 419, 744] Thread-11 8936
T0 [0, 4, 0, 1, 1, 1, 1, 1, 0, 0] [752, 111, 111, 110, 216, 215, 421, 420, 419, 744] Thread-1 8937
T1 [0, 3, 1, 1, 1, 1, 1, 0, 0, 0] [752, 112, 111, 110, 216, 215, 421, 420, 419, 744] Thread-3 8937
T8 [0, 3, 1, 1, 1, 1, 0, 0, 1, 1] [752, 112, 111, 110, 216, 215, 421, 420, 420, 744] Thread-7 8944
T9 [1, 3, 1, 1, 1, 1, 0, 0, 1, 0] [752, 112, 111, 110, 216, 215, 421, 420, 420, 745] Thread-9 8944
T0 [0, 4, 1, 1, 1, 1, 0, 0, 1, 0] [753, 112, 111, 110, 216, 215, 421, 420, 420, 745] Thread-2 8946
T6 [0, 3, 1, 1, 1, 2, 0, 0, 0, 0] [753, 112, 111, 110, 216, 215, 422, 420, 420, 745] Thread-7 8946
T5 [0, 3, 1, 1, 0, 2, 0, 1, 1, 1] [753, 112, 111, 110, 216, 216, 422, 420, 420, 745] Thread-5 8947
T4 [0, 2, 1, 1, 1, 2, 0, 0, 0, 1] [753, 112, 111, 110, 217, 216, 422, 420, 420, 745] Thread-6 8947
T9 [1, 2, 1, 1, 1, 2, 0, 0, 0, 0] [753, 112, 111, 110, 217, 216, 422, 420, 420, 746] Thread-10 8948
T0 [0, 3, 1, 1, 1, 2, 0, 0, 0, 0] [754, 112, 111, 110, 217, 216, 422, 420, 420, 746] Thread-0 8948
T7 [0, 3, 1, 1, 1, 1, 1, 0, 0, 0] [754, 112, 111, 110, 217, 216, 422, 421, 420, 746] Thread-8 8948
T2 [0, 3, 0, 2, 1, 1, 1, 0, 0, 0] [754, 112, 112, 110, 217, 216, 422, 421, 420, 746] Thread-3 8949
T8 [0, 3, 0, 2, 1, 1, 0, 0, 1, 1] [754, 112, 112, 110, 217, 216, 422, 421, 421, 746] Thread-8 8965
T9 [1, 3, 0, 2, 1, 1, 0, 0, 1, 0] [754, 112, 112, 110, 217, 216, 422, 421, 421, 747] Thread-11 8965
T0 [0, 4, 0, 2, 1, 1, 0, 0, 1, 0] [755, 112, 112, 110, 217, 216, 422, 421, 421, 747] Thread-1 8966
T6 [0, 3, 0, 2, 1, 2, 0, 0, 0, 0] [755, 112, 112, 110, 217, 216, 423, 421, 421, 747] Thread-8 8967
T7 [0, 3, 0, 2, 1, 1, 1, 0, 0, 0] [755, 112, 112, 110, 217, 216, 423, 422, 421, 747] Thread-8 8969
T8 [0, 3, 0, 2, 1, 1, 0, 0, 1, 1] [755, 112, 112, 110, 217, 216, 423, 422, 422, 747] Thread-8 8986
T9 [1, 3, 0, 2, 1, 1, 0, 0, 1, 0] [755, 112, 112, 110, 217, 216, 423, 422, 422, 748] Thread-9 8986
T0 [0, 4, 0, 2, 1, 1, 0, 0, 1, 0] [756, 112, 112, 110, 217, 216, 423, 422, 422, 748] Thread-2 8987
T6 [0, 3, 0, 2, 1, 2, 0, 0, 0, 0] [756, 112, 112, 110, 217, 216, 424, 422, 422, 748] Thread-8 8987
T5 [0, 3, 0, 2, 0, 2, 0, 1, 1, 1] [756, 112, 112, 110, 217, 217, 424, 422, 422, 748] Thread-6 8988
T4 [0, 2, 0, 2, 1, 2, 0, 0, 0, 1] [756, 112, 112, 110, 218, 217, 424, 422, 422, 748] Thread-5 8988
T9 [1, 2, 0, 2, 1, 2, 0, 0, 0, 0] [756, 112, 112, 110, 218, 217, 424, 422, 422, 749] Thread-10 8989
T0 [0, 3, 0, 2, 1, 2, 0, 0, 0, 0] [757, 112, 112, 110, 218, 217, 424, 422, 422, 749] Thread-0 8989
T7 [0, 3, 0, 2, 1, 1, 1, 0, 0, 0] [757, 112, 112, 110, 218, 217, 424, 423, 422, 749] Thread-7 8990
T8 [0, 3, 0, 2, 1, 1, 0, 0, 1, 1] [757, 112, 112, 110, 218, 217, 424, 423, 423, 749] Thread-7 9007
T9 [1, 3, 0, 2, 1, 1, 0, 0, 1, 0] [757, 112, 112, 110, 218, 217, 424, 423, 423, 750] Thread-11 9007
T0 [0, 4, 0, 2, 1, 1, 0, 0, 1, 0] [758, 112, 112, 110, 218, 217, 424, 423, 423, 750] Thread-1 9008
T6 [0, 3, 0, 2, 1, 2, 0, 0, 0, 0] [758, 112, 112, 110, 218, 217, 425, 423, 423, 750] Thread-7 9008
T7 [0, 3, 0, 2, 1, 1, 1, 0, 0, 0] [758, 112, 112, 110, 218, 217, 425, 424, 423, 750] Thread-7 9010
T3 [0, 3, 0, 1, 1, 1, 1, 1, 0, 1] [758, 112, 112, 111, 218, 217, 425, 424, 423, 750] Thread-3 9017
T9 [1, 3, 0, 1, 1, 1, 1, 1, 0, 0] [758, 112, 112, 111, 218, 217, 425, 424, 423, 751] Thread-9 9017
T0 [0, 4, 0, 1, 1, 1, 1, 1, 0, 0] [759, 112, 112, 111, 218, 217, 425, 424, 423, 751] Thread-2 9018
T1 [0, 3, 1, 1, 1, 1, 1, 0, 0, 0] [759, 113, 112, 111, 218, 217, 425, 424, 423, 751] Thread-3 9018
T8 [0, 3, 1, 1, 1, 1, 0, 0, 1, 1] [759, 113, 112, 111, 218, 217, 425, 424, 424, 751] Thread-7 9027
T9 [1, 3, 1, 1, 1, 1, 0, 0, 1, 0] [759, 113, 112, 111, 218, 217, 425, 424, 424, 752] Thread-10 9027
T0 [0, 4, 1, 1, 1, 1, 0, 0, 1, 0] [760, 113, 112, 111, 218, 217, 425, 424, 424, 752] Thread-0 9027
T6 [0, 3, 1, 1, 1, 2, 0, 0, 0, 0] [760, 113, 112, 111, 218, 217, 426, 424, 424, 752] Thread-7 9028
T5 [0, 3, 1, 1, 0, 2, 0, 1, 1, 1] [760, 113, 112, 111, 218, 218, 426, 424, 424, 752] Thread-5 9029
T4 [0, 2, 1, 1, 1, 2, 0, 0, 0, 1] [760, 113, 112, 111, 219, 218, 426, 424, 424, 752] Thread-6 9029
T9 [1, 2, 1, 1, 1, 2, 0, 0, 0, 0] [760, 113, 112, 111, 219, 218, 426, 424, 424, 753] Thread-11 9030
T0 [0, 3, 1, 1, 1, 2, 0, 0, 0, 0] [761, 113, 112, 111, 219, 218, 426, 424, 424, 753] Thread-1 9030
T2 [0, 3, 0, 2, 1, 2, 0, 0, 0, 0] [761, 113, 113, 111, 219, 218, 426, 424, 424, 753] Thread-3 9030
T7 [0, 3, 0, 2, 1, 1, 1, 0, 0, 0] [761, 113, 113, 111, 219, 218, 426, 425, 424, 753] Thread-8 9031
T8 [0, 3, 0, 2, 1, 1, 0, 0, 1, 1] [761, 113, 113, 111, 219, 218, 426, 425, 425, 753] Thread-8 9047
T9 [1, 3, 0, 2, 1, 1, 0, 0, 1, 0] [761, 113, 113, 111, 219, 218, 426, 425, 425, 754] Thread-9 9047
T0 [0, 4, 0, 2, 1, 1, 0, 0, 1, 0] [762, 113, 113, 111, 219, 218, 426, 425, 425, 754] Thread-2 9047
T6 [0, 3, 0, 2, 1, 2, 0, 0, 0, 0] [762, 113, 113, 111, 219, 218, 427, 425, 425, 754] Thread-8 9049
T7 [0, 3, 0, 2, 1, 1, 1, 0, 0, 0] [762, 113, 113, 111, 219, 218, 427, 426, 425, 754] Thread-8 9051
T8 [0, 3, 0, 2, 1, 1, 0, 0, 1, 1] [762, 113, 113, 111, 219, 218, 427, 426, 426, 754] Thread-8 9068
T9 [1, 3, 0, 2, 1, 1, 0, 0, 1, 0] [762, 113, 113, 111, 219, 218, 427, 426, 426, 755] Thread-10 9068
T0 [0, 4, 0, 2, 1, 1, 0, 0, 1, 0] [763, 113, 113, 111, 219, 218, 427, 426, 426, 755] Thread-0 9068
T6 [0, 3, 0, 2, 1, 2, 0, 0, 0, 0] [763, 113, 113, 111, 219, 218, 428, 426, 426, 755] Thread-8 9069
T5 [0, 3, 0, 2, 0, 2, 0, 1, 1, 1] [763, 113, 113, 111, 219, 219, 428, 426, 426, 755] Thread-6 9070
T4 [0, 2, 0, 2, 1, 2, 0, 0, 0, 1] [763, 113, 113, 111, 220, 219, 428, 426, 426, 755] Thread-5 9070
T9 [1, 2, 0, 2, 1, 2, 0, 0, 0, 0] [763, 113, 113, 111, 220, 219, 428, 426, 426, 756] Thread-11 9071
T0 [0, 3, 0, 2, 1, 2, 0, 0, 0, 0] [764, 113, 113, 111, 220, 219, 428, 426, 426, 756] Thread-1 9071
T7 [0, 3, 0, 2, 1, 1, 1, 0, 0, 0] [764, 113, 113, 111, 220, 219, 428, 427, 426, 756] Thread-7 9071
T8 [0, 3, 0, 2, 1, 1, 0, 0, 1, 1] [764, 113, 113, 111, 220, 219, 428, 427, 427, 756] Thread-7 9088
T9 [1, 3, 0, 2, 1, 1, 0, 0, 1, 0] [764, 113, 113, 111, 220, 219, 428, 427, 427, 757] Thread-9 9088
T0 [0, 4, 0, 2, 1, 1, 0, 0, 1, 0] [765, 113, 113, 111, 220, 219, 428, 427, 427, 757] Thread-2 9089
T6 [0, 3, 0, 2, 1, 2, 0, 0, 0, 0] [765, 113, 113, 111, 220, 219, 429, 427, 427, 757] Thread-7 9089
T7 [0, 3, 0, 2, 1, 1, 1, 0, 0, 0] [765, 113, 113, 111, 220, 219, 429, 428, 427, 757] Thread-8 9091
T3 [0, 3, 0, 1, 1, 1, 1, 1, 0, 1] [765, 113, 113, 112, 220, 219, 429, 428, 427, 757] Thread-4 9097
T9 [1, 3, 0, 1, 1, 1, 1, 1, 0, 0] [765, 113, 113, 112, 220, 219, 429, 428, 427, 758] Thread-10 9097
T0 [0, 4, 0, 1, 1, 1, 1, 1, 0, 0] [766, 113, 113, 112, 220, 219, 429, 428, 427, 758] Thread-0 9098
T1 [0, 3, 1, 1, 1, 1, 1, 0, 0, 0] [766, 114, 113, 112, 220, 219, 429, 428, 427, 758] Thread-4 9098
T8 [0, 3, 1, 1, 1, 1, 0, 0, 1, 1] [766, 114, 113, 112, 220, 219, 429, 428, 428, 758] Thread-8 9108
T9 [1, 3, 1, 1, 1, 1, 0, 0, 1, 0] [766, 114, 113, 112, 220, 219, 429, 428, 428, 759] Thread-11 9108
T0 [0, 4, 1, 1, 1, 1, 0, 0, 1, 0] [767, 114, 113, 112, 220, 219, 429, 428, 428, 759] Thread-1 9109
T6 [0, 3, 1, 1, 1, 2, 0, 0, 0, 0] [767, 114, 113, 112, 220, 219, 430, 428, 428, 759] Thread-8 9109
T2 [0, 3, 0, 2, 1, 2, 0, 0, 0, 0] [767, 114, 114, 112, 220, 219, 430, 428, 428, 759] Thread-4 9110
T5 [0, 3, 0, 2, 0, 2, 0, 1, 1, 1] [767, 114, 114, 112, 220, 220, 430, 428, 428, 759] Thread-5 9111
T4 [0, 2, 0, 2, 1, 2, 0, 0, 0, 1] [767, 114, 114, 112, 221, 220, 430, 428, 428, 759] Thread-6 9111
T9 [1, 2, 0, 2, 1, 2, 0, 0, 0, 0] [767, 114, 114, 112, 221, 220, 430, 428, 428, 760] Thread-9 9112
T0 [0, 3, 0, 2, 1, 2, 0, 0, 0, 0] [768, 114, 114, 112, 221, 220, 430, 428, 428, 760] Thread-2 9112
T7 [0, 3, 0, 2, 1, 1, 1, 0, 0, 0] [768, 114, 114, 112, 221, 220, 430, 429, 428, 760] Thread-8 9112
T8 [0, 3, 0, 2, 1, 1, 0, 0, 1, 1] [768, 114, 114, 112, 221, 220, 430, 429, 429, 760] Thread-8 9129
T9 [1, 3, 0, 2, 1, 1, 0, 0, 1, 0] [768, 114, 114, 112, 221, 220, 430, 429, 429, 761] Thread-10 9129
T0 [0, 4, 0, 2, 1, 1, 0, 0, 1, 0] [769, 114, 114, 112, 221, 220, 430, 429, 429, 761] Thread-0 9130
T6 [0, 3, 0, 2, 1, 2, 0, 0, 0, 0] [769, 114, 114, 112, 221, 220, 431, 429, 429, 761] Thread-8 9130
T7 [0, 3, 0, 2, 1, 1, 1, 0, 0, 0] [769, 114, 114, 112, 221, 220, 431, 430, 429, 761] Thread-7 9133
T8 [0, 3, 0, 2, 1, 1, 0, 0, 1, 1] [769, 114, 114, 112, 221, 220, 431, 430, 430, 761] Thread-7 9150
T9 [1, 3, 0, 2, 1, 1, 0, 0, 1, 0] [769, 114, 114, 112, 221, 220, 431, 430, 430, 762] Thread-11 9150
T0 [0, 4, 0, 2, 1, 1, 0, 0, 1, 0] [770, 114, 114, 112, 221, 220, 431, 430, 430, 762] Thread-1 9151
T6 [0, 3, 0, 2, 1, 2, 0, 0, 0, 0] [770, 114, 114, 112, 221, 220, 432, 430, 430, 762] Thread-7 9151
T5 [0, 3, 0, 2, 0, 2, 0, 1, 1, 1] [770, 114, 114, 112, 221, 221, 432, 430, 430, 762] Thread-6 9152
T4 [0, 2, 0, 2, 1, 2, 0, 0, 0, 1] [770, 114, 114, 112, 222, 221, 432, 430, 430, 762] Thread-5 9152
T9 [1, 2, 0, 2, 1, 2, 0, 0, 0, 0] [770, 114, 114, 112, 222, 221, 432, 430, 430, 763] Thread-9 9152
T0 [0, 3, 0, 2, 1, 2, 0, 0, 0, 0] [771, 114, 114, 112, 222, 221, 432, 430, 430, 763] Thread-2 9154
T7 [0, 3, 0, 2, 1, 1, 1, 0, 0, 0] [771, 114, 114, 112, 222, 221, 432, 431, 430, 763] Thread-7 9155
T8 [0, 3, 0, 2, 1, 1, 0, 0, 1, 1] [771, 114, 114, 112, 222, 221, 432, 431, 431, 763] Thread-7 9172
T9 [1, 3, 0, 2, 1, 1, 0, 0, 1, 0] [771, 114, 114, 112, 222, 221, 432, 431, 431, 764] Thread-10 9172
T0 [0, 4, 0, 2, 1, 1, 0, 0, 1, 0] [772, 114, 114, 112, 222, 221, 432, 431, 431, 764] Thread-0 9173
T6 [0, 3, 0, 2, 1, 2, 0, 0, 0, 0] [772, 114, 114, 112, 222, 221, 433, 431, 431, 764] Thread-7 9173
T7 [0, 3, 0, 2, 1, 1, 1, 0, 0, 0] [772, 114, 114, 112, 222, 221, 433, 432, 431, 764] Thread-7 9176
T3 [0, 3, 0, 1, 1, 1, 1, 1, 0, 1] [772, 114, 114, 113, 222, 221, 433, 432, 431, 764] Thread-4 9178
T9 [1, 3, 0, 1, 1, 1, 1, 1, 0, 0] [772, 114, 114, 113, 222, 221, 433, 432, 431, 765] Thread-11 9178
T0 [0, 4, 0, 1, 1, 1, 1, 1, 0, 0] [773, 114, 114, 113, 222, 221, 433, 432, 431, 765] Thread-1 9179
T1 [0, 3, 1, 1, 1, 1, 1, 0, 0, 0] [773, 115, 114, 113, 222, 221, 433, 432, 431, 765] Thread-4 9179
T2 [0, 3, 0, 2, 1, 1, 1, 0, 0, 0] [773, 115, 115, 113, 222, 221, 433, 432, 431, 765] Thread-4 9190
T8 [0, 3, 0, 2, 1, 1, 0, 0, 1, 1] [773, 115, 115, 113, 222, 221, 433, 432, 432, 765] Thread-7 9192
T9 [1, 3, 0, 2, 1, 1, 0, 0, 1, 0] [773, 115, 115, 113, 222, 221, 433, 432, 432, 766] Thread-9 9192
T0 [0, 4, 0, 2, 1, 1, 0, 0, 1, 0] [774, 115, 115, 113, 222, 221, 433, 432, 432, 766] Thread-2 9193
T5 [0, 4, 0, 2, 0, 1, 0, 1, 2, 1] [774, 115, 115, 113, 222, 222, 433, 432, 432, 766] Thread-5 9193
T4 [0, 3, 0, 2, 1, 1, 0, 0, 1, 1] [774, 115, 115, 113, 223, 222, 433, 432, 432, 766] Thread-6 9193
T9 [1, 3, 0, 2, 1, 1, 0, 0, 1, 0] [774, 115, 115, 113, 223, 222, 433, 432, 432, 767] Thread-10 9195
T0 [0, 4, 0, 2, 1, 1, 0, 0, 1, 0] [775, 115, 115, 113, 223, 222, 433, 432, 432, 767] Thread-0 9195
T6 [0, 3, 0, 2, 1, 2, 0, 0, 0, 0] [775, 115, 115, 113, 223, 222, 434, 432, 432, 767] Thread-7 9195
T7 [0, 3, 0, 2, 1, 1, 1, 0, 0, 0] [775, 115, 115, 113, 223, 222, 434, 433, 432, 767] Thread-8 9197
T8 [0, 3, 0, 2, 1, 1, 0, 0, 1, 1] [775, 115, 115, 113, 223, 222, 434, 433, 433, 767] Thread-8 9213
T9 [1, 3, 0, 2, 1, 1, 0, 0, 1, 0] [775, 115, 115, 113, 223, 222, 434, 433, 433, 768] Thread-11 9213
T0 [0, 4, 0, 2, 1, 1, 0, 0, 1, 0] [776, 115, 115, 113, 223, 222, 434, 433, 433, 768] Thread-1 9214
T6 [0, 3, 0, 2, 1, 2, 0, 0, 0, 0] [776, 115, 115, 113, 223, 222, 435, 433, 433, 768] Thread-8 9214
T7 [0, 3, 0, 2, 1, 1, 1, 0, 0, 0] [776, 115, 115, 113, 223, 222, 435, 434, 433, 768] Thread-7 9218
T8 [0, 3, 0, 2, 1, 1, 0, 0, 1, 1] [776, 115, 115, 113, 223, 222, 435, 434, 434, 768] Thread-7 9235
T9 [1, 3, 0, 2, 1, 1, 0, 0, 1, 0] [776, 115, 115, 113, 223, 222, 435, 434, 434, 769] Thread-9 9235
T0 [0, 4, 0, 2, 1, 1, 0, 0, 1, 0] [777, 115, 115, 113, 223, 222, 435, 434, 434, 769] Thread-2 9236
T5 [0, 4, 0, 2, 0, 1, 0, 1, 2, 1] [777, 115, 115, 113, 223, 223, 435, 434, 434, 769] Thread-6 9236
T4 [0, 3, 0, 2, 1, 1, 0, 0, 1, 1] [777, 115, 115, 113, 224, 223, 435, 434, 434, 769] Thread-5 9236
T9 [1, 3, 0, 2, 1, 1, 0, 0, 1, 0] [777, 115, 115, 113, 224, 223, 435, 434, 434, 770] Thread-10 9237
T0 [0, 4, 0, 2, 1, 1, 0, 0, 1, 0] [778, 115, 115, 113, 224, 223, 435, 434, 434, 770] Thread-0 9237
T6 [0, 3, 0, 2, 1, 2, 0, 0, 0, 0] [778, 115, 115, 113, 224, 223, 436, 434, 434, 770] Thread-7 9238
T7 [0, 3, 0, 2, 1, 1, 1, 0, 0, 0] [778, 115, 115, 113, 224, 223, 436, 435, 434, 770] Thread-8 9238
T8 [0, 3, 0, 2, 1, 1, 0, 0, 1, 1] [778, 115, 115, 113, 224, 223, 436, 435, 435, 770] Thread-8 9254
T9 [1, 3, 0, 2, 1, 1, 0, 0, 1, 0] [778, 115, 115, 113, 224, 223, 436, 435, 435, 771] Thread-11 9254
T0 [0, 4, 0, 2, 1, 1, 0, 0, 1, 0] [779, 115, 115, 113, 224, 223, 436, 435, 435, 771] Thread-1 9254
T6 [0, 3, 0, 2, 1, 2, 0, 0, 0, 0] [779, 115, 115, 113, 224, 223, 437, 435, 435, 771] Thread-8 9256
T3 [0, 3, 0, 1, 1, 2, 0, 1, 0, 1] [779, 115, 115, 114, 224, 223, 437, 435, 435, 771] Thread-4 9259
T9 [1, 3, 0, 1, 1, 2, 0, 1, 0, 0] [779, 115, 115, 114, 224, 223, 437, 435, 435, 772] Thread-9 9260
T0 [0, 4, 0, 1, 1, 2, 0, 1, 0, 0] [780, 115, 115, 114, 224, 223, 437, 435, 435, 772] Thread-2 9260
T7 [0, 4, 0, 1, 1, 1, 1, 1, 0, 0] [780, 115, 115, 114, 224, 223, 437, 436, 435, 772] Thread-8 9261
T1 [0, 3, 1, 1, 1, 1, 1, 0, 0, 0] [780, 116, 115, 114, 224, 223, 437, 436, 435, 772] Thread-4 9261
T2 [0, 3, 0, 2, 1, 1, 1, 0, 0, 0] [780, 116, 116, 114, 224, 223, 437, 436, 435, 772] Thread-4 9272
T5 [0, 3, 0, 2, 0, 1, 1, 1, 1, 1] [780, 116, 116, 114, 224, 224, 437, 436, 435, 772] Thread-5 9277
T4 [0, 2, 0, 2, 1, 1, 1, 0, 0, 1] [780, 116, 116, 114, 225, 224, 437, 436, 435, 772] Thread-6 9277
T9 [1, 2, 0, 2, 1, 1, 1, 0, 0, 0] [780, 116, 116, 114, 225, 224, 437, 436, 435, 773] Thread-10 9278
T0 [0, 3, 0, 2, 1, 1, 1, 0, 0, 0] [781, 116, 116, 114, 225, 224, 437, 436, 435, 773] Thread-0 9278
T8 [0, 3, 0, 2, 1, 1, 0, 0, 1, 1] [781, 116, 116, 114, 225, 224, 437, 436, 436, 773] Thread-8 9278
T9 [1, 3, 0, 2, 1, 1, 0, 0, 1, 0] [781, 116, 116, 114, 225, 224, 437, 436, 436, 774] Thread-11 9279
T0 [0, 4, 0, 2, 1, 1, 0, 0, 1, 0] [782, 116, 116, 114, 225, 224, 437, 436, 436, 774] Thread-1 9279
T6 [0, 3, 0, 2, 1, 2, 0, 0, 0, 0] [782, 116, 116, 114, 225, 224, 438, 436, 436, 774] Thread-8 9280
T7 [0, 3, 0, 2, 1, 1, 1, 0, 0, 0] [782, 116, 116, 114, 225, 224, 438, 437, 436, 774] Thread-8 9280
T8 [0, 3, 0, 2, 1, 1, 0, 0, 1, 1] [782, 116, 116, 114, 225, 224, 438, 437, 437, 774] Thread-8 9297
T9 [1, 3, 0, 2, 1, 1, 0, 0, 1, 0] [782, 116, 116, 114, 225, 224, 438, 437, 437, 775] Thread-9 9297
T0 [0, 4, 0, 2, 1, 1, 0, 0, 1, 0] [783, 116, 116, 114, 225, 224, 438, 437, 437, 775] Thread-2 9298
T6 [0, 3, 0, 2, 1, 2, 0, 0, 0, 0] [783, 116, 116, 114, 225, 224, 439, 437, 437, 775] Thread-8 9298
T7 [0, 3, 0, 2, 1, 1, 1, 0, 0, 0] [783, 116, 116, 114, 225, 224, 439, 438, 437, 775] Thread-7 9300
T8 [0, 3, 0, 2, 1, 1, 0, 0, 1, 1] [783, 116, 116, 114, 225, 224, 439, 438, 438, 775] Thread-7 9317
T9 [1, 3, 0, 2, 1, 1, 0, 0, 1, 0] [783, 116, 116, 114, 225, 224, 439, 438, 438, 776] Thread-10 9317
T0 [0, 4, 0, 2, 1, 1, 0, 0, 1, 0] [784, 116, 116, 114, 225, 224, 439, 438, 438, 776] Thread-0 9318
T6 [0, 3, 0, 2, 1, 2, 0, 0, 0, 0] [784, 116, 116, 114, 225, 224, 440, 438, 438, 776] Thread-7 9318
T5 [0, 3, 0, 2, 0, 2, 0, 1, 1, 1] [784, 116, 116, 114, 225, 225, 440, 438, 438, 776] Thread-6 9319
T4 [0, 2, 0, 2, 1, 2, 0, 0, 0, 1] [784, 116, 116, 114, 226, 225, 440, 438, 438, 776] Thread-5 9319
T9 [1, 2, 0, 2, 1, 2, 0, 0, 0, 0] [784, 116, 116, 114, 226, 225, 440, 438, 438, 777] Thread-11 9319
T0 [0, 3, 0, 2, 1, 2, 0, 0, 0, 0] [785, 116, 116, 114, 226, 225, 440, 438, 438, 777] Thread-1 9320
T7 [0, 3, 0, 2, 1, 1, 1, 0, 0, 0] [785, 116, 116, 114, 226, 225, 440, 439, 438, 777] Thread-7 9320
T8 [0, 3, 0, 2, 1, 1, 0, 0, 1, 1] [785, 116, 116, 114, 226, 225, 440, 439, 439, 777] Thread-7 9337
T9 [1, 3, 0, 2, 1, 1, 0, 0, 1, 0] [785, 116, 116, 114, 226, 225, 440, 439, 439, 778] Thread-9 9337
T0 [0, 4, 0, 2, 1, 1, 0, 0, 1, 0] [786, 116, 116, 114, 226, 225, 440, 439, 439, 778] Thread-2 9338
T6 [0, 3, 0, 2, 1, 2, 0, 0, 0, 0] [786, 116, 116, 114, 226, 225, 441, 439, 439, 778] Thread-7 9338
T3 [0, 3, 0, 1, 1, 2, 0, 1, 0, 1] [786, 116, 116, 115, 226, 225, 441, 439, 439, 778] Thread-4 9340
T9 [1, 3, 0, 1, 1, 2, 0, 1, 0, 0] [786, 116, 116, 115, 226, 225, 441, 439, 439, 779] Thread-10 9340
T0 [0, 4, 0, 1, 1, 2, 0, 1, 0, 0] [787, 116, 116, 115, 226, 225, 441, 439, 439, 779] Thread-0 9340
T1 [0, 3, 1, 1, 1, 2, 0, 0, 0, 0] [787, 117, 116, 115, 226, 225, 441, 439, 439, 779] Thread-4 9341
T7 [0, 3, 1, 1, 1, 1, 1, 0, 0, 0] [787, 117, 116, 115, 226, 225, 441, 440, 439, 779] Thread-7 9341
T2 [0, 3, 0, 2, 1, 1, 1, 0, 0, 0] [787, 117, 117, 115, 226, 225, 441, 440, 439, 779] Thread-4 9351
T8 [0, 3, 0, 2, 1, 1, 0, 0, 1, 1] [787, 117, 117, 115, 226, 225, 441, 440, 440, 779] Thread-7 9358
T9 [1, 3, 0, 2, 1, 1, 0, 0, 1, 0] [787, 117, 117, 115, 226, 225, 441, 440, 440, 780] Thread-11 9358
T0 [0, 4, 0, 2, 1, 1, 0, 0, 1, 0] [788, 117, 117, 115, 226, 225, 441, 440, 440, 780] Thread-1 9359
T6 [0, 3, 0, 2, 1, 2, 0, 0, 0, 0] [788, 117, 117, 115, 226, 225, 442, 440, 440, 780] Thread-7 9359
T5 [0, 3, 0, 2, 0, 2, 0, 1, 1, 1] [788, 117, 117, 115, 226, 226, 442, 440, 440, 780] Thread-5 9360
T4 [0, 2, 0, 2, 1, 2, 0, 0, 0, 1] [788, 117, 117, 115, 227, 226, 442, 440, 440, 780] Thread-6 9360
T9 [1, 2, 0, 2, 1, 2, 0, 0, 0, 0] [788, 117, 117, 115, 227, 226, 442, 440, 440, 781] Thread-9 9360
T0 [0, 3, 0, 2, 1, 2, 0, 0, 0, 0] [789, 117, 117, 115, 227, 226, 442, 440, 440, 781] Thread-2 9361
T7 [0, 3, 0, 2, 1, 1, 1, 0, 0, 0] [789, 117, 117, 115, 227, 226, 442, 441, 440, 781] Thread-7 9362
T8 [0, 3, 0, 2, 1, 1, 0, 0, 1, 1] [789, 117, 117, 115, 227, 226, 442, 441, 441, 781] Thread-7 9379
T9 [1, 3, 0, 2, 1, 1, 0, 0, 1, 0] [789, 117, 117, 115, 227, 226, 442, 441, 441, 782] Thread-10 9379
T0 [0, 4, 0, 2, 1, 1, 0, 0, 1, 0] [790, 117, 117, 115, 227, 226, 442, 441, 441, 782] Thread-0 9380
T6 [0, 3, 0, 2, 1, 2, 0, 0, 0, 0] [790, 117, 117, 115, 227, 226, 443, 441, 441, 782] Thread-7 9380
T7 [0, 3, 0, 2, 1, 1, 1, 0, 0, 0] [790, 117, 117, 115, 227, 226, 443, 442, 441, 782] Thread-8 9383
T8 [0, 3, 0, 2, 1, 1, 0, 0, 1, 1] [790, 117, 117, 115, 227, 226, 443, 442, 442, 782] Thread-8 9400
T9 [1, 3, 0, 2, 1, 1, 0, 0, 1, 0] [790, 117, 117, 115, 227, 226, 443, 442, 442, 783] Thread-11 9400
T0 [0, 4, 0, 2, 1, 1, 0, 0, 1, 0] [791, 117, 117, 115, 227, 226, 443, 442, 442, 783] Thread-1 9401
T6 [0, 3, 0, 2, 1, 2, 0, 0, 0, 0] [791, 117, 117, 115, 227, 226, 444, 442, 442, 783] Thread-8 9401
T5 [0, 3, 0, 2, 0, 2, 0, 1, 1, 1] [791, 117, 117, 115, 227, 227, 444, 442, 442, 783] Thread-6 9401
T4 [0, 2, 0, 2, 1, 2, 0, 0, 0, 1] [791, 117, 117, 115, 228, 227, 444, 442, 442, 783] Thread-5 9402
T9 [1, 2, 0, 2, 1, 2, 0, 0, 0, 0] [791, 117, 117, 115, 228, 227, 444, 442, 442, 784] Thread-9 9402
T0 [0, 3, 0, 2, 1, 2, 0, 0, 0, 0] [792, 117, 117, 115, 228, 227, 444, 442, 442, 784] Thread-2 9402
T7 [0, 3, 0, 2, 1, 1, 1, 0, 0, 0] [792, 117, 117, 115, 228, 227, 444, 443, 442, 784] Thread-8 9403
T8 [0, 3, 0, 2, 1, 1, 0, 0, 1, 1] [792, 117, 117, 115, 228, 227, 444, 443, 443, 784] Thread-8 9420
T9 [1, 3, 0, 2, 1, 1, 0, 0, 1, 0] [792, 117, 117, 115, 228, 227, 444, 443, 443, 785] Thread-10 9420
T0 [0, 4, 0, 2, 1, 1, 0, 0, 1, 0] [793, 117, 117, 115, 228, 227, 444, 443, 443, 785] Thread-0 9421
T6 [0, 3, 0, 2, 1, 2, 0, 0, 0, 0] [793, 117, 117, 115, 228, 227, 445, 443, 443, 785] Thread-8 9421
T3 [0, 3, 0, 1, 1, 2, 0, 1, 0, 1] [793, 117, 117, 116, 228, 227, 445, 443, 443, 785] Thread-4 9421
T9 [1, 3, 0, 1, 1, 2, 0, 1, 0, 0] [793, 117, 117, 116, 228, 227, 445, 443, 443, 786] Thread-11 9422
T0 [0, 4, 0, 1, 1, 2, 0, 1, 0, 0] [794, 117, 117, 116, 228, 227, 445, 443, 443, 786] Thread-1 9422
T1 [0, 3, 1, 1, 1, 2, 0, 0, 0, 0] [794, 118, 117, 116, 228, 227, 445, 443, 443, 786] Thread-4 9423
T7 [0, 3, 1, 1, 1, 1, 1, 0, 0, 0] [794, 118, 117, 116, 228, 227, 445, 444, 443, 786] Thread-8 9424
T2 [0, 3, 0, 2, 1, 1, 1, 0, 0, 0] [794, 118, 118, 116, 228, 227, 445, 444, 443, 786] Thread-4 9433
T8 [0, 3, 0, 2, 1, 1, 0, 0, 1, 1] [794, 118, 118, 116, 228, 227, 445, 444, 444, 786] Thread-8 9441
T9 [1, 3, 0, 2, 1, 1, 0, 0, 1, 0] [794, 118, 118, 116, 228, 227, 445, 444, 444, 787] Thread-9 9441
T0 [0, 4, 0, 2, 1, 1, 0, 0, 1, 0] [795, 118, 118, 116, 228, 227, 445, 444, 444, 787] Thread-2 9442
T6 [0, 3, 0, 2, 1, 2, 0, 0, 0, 0] [795, 118, 118, 116, 228, 227, 446, 444, 444, 787] Thread-8 9442
T5 [0, 3, 0, 2, 0, 2, 0, 1, 1, 1] [795, 118, 118, 116, 228, 228, 446, 444, 444, 787] Thread-5 9443
T4 [0, 2, 0, 2, 1, 2, 0, 0, 0, 1] [795, 118, 118, 116, 229, 228, 446, 444, 444, 787] Thread-6 9443
T9 [1, 2, 0, 2, 1, 2, 0, 0, 0, 0] [795, 118, 118, 116, 229, 228, 446, 444, 444, 788] Thread-10 9445
T0 [0, 3, 0, 2, 1, 2, 0, 0, 0, 0] [796, 118, 118, 116, 229, 228, 446, 444, 444, 788] Thread-0 9445
T7 [0, 3, 0, 2, 1, 1, 1, 0, 0, 0] [796, 118, 118, 116, 229, 228, 446, 445, 444, 788] Thread-8 9445
T8 [0, 3, 0, 2, 1, 1, 0, 0, 1, 1] [796, 118, 118, 116, 229, 228, 446, 445, 445, 788] Thread-8 9462
T9 [1, 3, 0, 2, 1, 1, 0, 0, 1, 0] [796, 118, 118, 116, 229, 228, 446, 445, 445, 789] Thread-11 9462
T0 [0, 4, 0, 2, 1, 1, 0, 0, 1, 0] [797, 118, 118, 116, 229, 228, 446, 445, 445, 789] Thread-1 9463
T6 [0, 3, 0, 2, 1, 2, 0, 0, 0, 0] [797, 118, 118, 116, 229, 228, 447, 445, 445, 789] Thread-8 9463
T7 [0, 3, 0, 2, 1, 1, 1, 0, 0, 0] [797, 118, 118, 116, 229, 228, 447, 446, 445, 789] Thread-8 9466
T8 [0, 3, 0, 2, 1, 1, 0, 0, 1, 1] [797, 118, 118, 116, 229, 228, 447, 446, 446, 789] Thread-8 9482
T9 [1, 3, 0, 2, 1, 1, 0, 0, 1, 0] [797, 118, 118, 116, 229, 228, 447, 446, 446, 790] Thread-9 9482
T0 [0, 4, 0, 2, 1, 1, 0, 0, 1, 0] [798, 118, 118, 116, 229, 228, 447, 446, 446, 790] Thread-2 9483
T6 [0, 3, 0, 2, 1, 2, 0, 0, 0, 0] [798, 118, 118, 116, 229, 228, 448, 446, 446, 790] Thread-8 9483
T5 [0, 3, 0, 2, 0, 2, 0, 1, 1, 1] [798, 118, 118, 116, 229, 229, 448, 446, 446, 790] Thread-6 9484
T4 [0, 2, 0, 2, 1, 2, 0, 0, 0, 1] [798, 118, 118, 116, 230, 229, 448, 446, 446, 790] Thread-5 9484
T9 [1, 2, 0, 2, 1, 2, 0, 0, 0, 0] [798, 118, 118, 116, 230, 229, 448, 446, 446, 791] Thread-10 9484
T0 [0, 3, 0, 2, 1, 2, 0, 0, 0, 0] [799, 118, 118, 116, 230, 229, 448, 446, 446, 791] Thread-0 9485
T7 [0, 3, 0, 2, 1, 1, 1, 0, 0, 0] [799, 118, 118, 116, 230, 229, 448, 447, 446, 791] Thread-7 9486
T3 [0, 3, 0, 1, 1, 1, 1, 1, 0, 1] [799, 118, 118, 117, 230, 229, 448, 447, 446, 791] Thread-3 9502
T9 [1, 3, 0, 1, 1, 1, 1, 1, 0, 0] [799, 118, 118, 117, 230, 229, 448, 447, 446, 792] Thread-11 9502
T0 [0, 4, 0, 1, 1, 1, 1, 1, 0, 0] [800, 118, 118, 117, 230, 229, 448, 447, 446, 792] Thread-1 9503
T1 [0, 3, 1, 1, 1, 1, 1, 0, 0, 0] [800, 119, 118, 117, 230, 229, 448, 447, 446, 792] Thread-3 9503
T8 [0, 3, 1, 1, 1, 1, 0, 0, 1, 1] [800, 119, 118, 117, 230, 229, 448, 447, 447, 792] Thread-7 9503
T9 [1, 3, 1, 1, 1, 1, 0, 0, 1, 0] [800, 119, 118, 117, 230, 229, 448, 447, 447, 793] Thread-9 9504
T0 [0, 4, 1, 1, 1, 1, 0, 0, 1, 0] [801, 119, 118, 117, 230, 229, 448, 447, 447, 793] Thread-2 9504
T6 [0, 3, 1, 1, 1, 2, 0, 0, 0, 0] [801, 119, 118, 117, 230, 229, 449, 447, 447, 793] Thread-7 9505
T7 [0, 3, 1, 1, 1, 1, 1, 0, 0, 0] [801, 119, 118, 117, 230, 229, 449, 448, 447, 793] Thread-7 9507
T2 [0, 3, 0, 2, 1, 1, 1, 0, 0, 0] [801, 119, 119, 117, 230, 229, 449, 448, 447, 793] Thread-3 9514
T8 [0, 3, 0, 2, 1, 1, 0, 0, 1, 1] [801, 119, 119, 117, 230, 229, 449, 448, 448, 793] Thread-7 9524
T9 [1, 3, 0, 2, 1, 1, 0, 0, 1, 0] [801, 119, 119, 117, 230, 229, 449, 448, 448, 794] Thread-10 9524
T0 [0, 4, 0, 2, 1, 1, 0, 0, 1, 0] [802, 119, 119, 117, 230, 229, 449, 448, 448, 794] Thread-0 9525
T6 [0, 3, 0, 2, 1, 2, 0, 0, 0, 0] [802, 119, 119, 117, 230, 229, 450, 448, 448, 794] Thread-7 9525
T5 [0, 3, 0, 2, 0, 2, 0, 1, 1, 1] [802, 119, 119, 117, 230, 230, 450, 448, 448, 794] Thread-5 9526
T4 [0, 2, 0, 2, 1, 2, 0, 0, 0, 1] [802, 119, 119, 117, 231, 230, 450, 448, 448, 794] Thread-6 9526
T9 [1, 2, 0, 2, 1, 2, 0, 0, 0, 0] [802, 119, 119, 117, 231, 230, 450, 448, 448, 795] Thread-11 9526
T0 [0, 3, 0, 2, 1, 2, 0, 0, 0, 0] [803, 119, 119, 117, 231, 230, 450, 448, 448, 795] Thread-1 9527
T7 [0, 3, 0, 2, 1, 1, 1, 0, 0, 0] [803, 119, 119, 117, 231, 230, 450, 449, 448, 795] Thread-7 9527
T8 [0, 3, 0, 2, 1, 1, 0, 0, 1, 1] [803, 119, 119, 117, 231, 230, 450, 449, 449, 795] Thread-7 9545
T9 [1, 3, 0, 2, 1, 1, 0, 0, 1, 0] [803, 119, 119, 117, 231, 230, 450, 449, 449, 796] Thread-9 9545
T0 [0, 4, 0, 2, 1, 1, 0, 0, 1, 0] [804, 119, 119, 117, 231, 230, 450, 449, 449, 796] Thread-2 9546
T6 [0, 3, 0, 2, 1, 2, 0, 0, 0, 0] [804, 119, 119, 117, 231, 230, 451, 449, 449, 796] Thread-7 9546
T7 [0, 3, 0, 2, 1, 1, 1, 0, 0, 0] [804, 119, 119, 117, 231, 230, 451, 450, 449, 796] Thread-7 9548
T8 [0, 3, 0, 2, 1, 1, 0, 0, 1, 1] [804, 119, 119, 117, 231, 230, 451, 450, 450, 796] Thread-7 9565
T9 [1, 3, 0, 2, 1, 1, 0, 0, 1, 0] [804, 119, 119, 117, 231, 230, 451, 450, 450, 797] Thread-10 9565
T0 [0, 4, 0, 2, 1, 1, 0, 0, 1, 0] [805, 119, 119, 117, 231, 230, 451, 450, 450, 797] Thread-0 9566
T6 [0, 3, 0, 2, 1, 2, 0, 0, 0, 0] [805, 119, 119, 117, 231, 230, 452, 450, 450, 797] Thread-7 9566
T5 [0, 3, 0, 2, 0, 2, 0, 1, 1, 1] [805, 119, 119, 117, 231, 231, 452, 450, 450, 797] Thread-6 9567
T4 [0, 2, 0, 2, 1, 2, 0, 0, 0, 1] [805, 119, 119, 117, 232, 231, 452, 450, 450, 797] Thread-5 9567
T9 [1, 2, 0, 2, 1, 2, 0, 0, 0, 0] [805, 119, 119, 117, 232, 231, 452, 450, 450, 798] Thread-11 9567
T0 [0, 3, 0, 2, 1, 2, 0, 0, 0, 0] [806, 119, 119, 117, 232, 231, 452, 450, 450, 798] Thread-1 9568
T7 [0, 3, 0, 2, 1, 1, 1, 0, 0, 0] [806, 119, 119, 117, 232, 231, 452, 451, 450, 798] Thread-7 9569
T3 [0, 3, 0, 1, 1, 1, 1, 1, 0, 1] [806, 119, 119, 118, 232, 231, 452, 451, 450, 798] Thread-3 9583
T9 [1, 3, 0, 1, 1, 1, 1, 1, 0, 0] [806, 119, 119, 118, 232, 231, 452, 451, 450, 799] Thread-9 9583
T0 [0, 4, 0, 1, 1, 1, 1, 1, 0, 0] [807, 119, 119, 118, 232, 231, 452, 451, 450, 799] Thread-2 9584
T1 [0, 3, 1, 1, 1, 1, 1, 0, 0, 0] [807, 120, 119, 118, 232, 231, 452, 451, 450, 799] Thread-3 9584
T8 [0, 3, 1, 1, 1, 1, 0, 0, 1, 1] [807, 120, 119, 118, 232, 231, 452, 451, 451, 799] Thread-7 9586
T9 [1, 3, 1, 1, 1, 1, 0, 0, 1, 0] [807, 120, 119, 118, 232, 231, 452, 451, 451, 800] Thread-10 9586
T0 [0, 4, 1, 1, 1, 1, 0, 0, 1, 0] [808, 120, 119, 118, 232, 231, 452, 451, 451, 800] Thread-0 9587
T6 [0, 3, 1, 1, 1, 2, 0, 0, 0, 0] [808, 120, 119, 118, 232, 231, 453, 451, 451, 800] Thread-7 9587
T7 [0, 3, 1, 1, 1, 1, 1, 0, 0, 0] [808, 120, 119, 118, 232, 231, 453, 452, 451, 800] Thread-8 9589
T2 [0, 3, 0, 2, 1, 1, 1, 0, 0, 0] [808, 120, 120, 118, 232, 231, 453, 452, 451, 800] Thread-3 9595
T8 [0, 3, 0, 2, 1, 1, 0, 0, 1, 1] [808, 120, 120, 118, 232, 231, 453, 452, 452, 800] Thread-8 9606
T9 [1, 3, 0, 2, 1, 1, 0, 0, 1, 0] [808, 120, 120, 118, 232, 231, 453, 452, 452, 801] Thread-11 9606
T0 [0, 4, 0, 2, 1, 1, 0, 0, 1, 0] [809, 120, 120, 118, 232, 231, 453, 452, 452, 801] Thread-1 9607
T6 [0, 3, 0, 2, 1, 2, 0, 0, 0, 0] [809, 120, 120, 118, 232, 231, 454, 452, 452, 801] Thread-8 9607
T5 [0, 3, 0, 2, 0, 2, 0, 1, 1, 1] [809, 120, 120, 118, 232, 232, 454, 452, 452, 801] Thread-5 9608
T4 [0, 2, 0, 2, 1, 2, 0, 0, 0, 1] [809, 120, 120, 118, 233, 232, 454, 452, 452, 801] Thread-6 9608
T9 [1, 2, 0, 2, 1, 2, 0, 0, 0, 0] [809, 120, 120, 118, 233, 232, 454, 452, 452, 802] Thread-9 9608
T0 [0, 3, 0, 2, 1, 2, 0, 0, 0, 0] [810, 120, 120, 118, 233, 232, 454, 452, 452, 802] Thread-2 9609
T7 [0, 3, 0, 2, 1, 1, 1, 0, 0, 0] [810, 120, 120, 118, 233, 232, 454, 453, 452, 802] Thread-8 9609
T8 [0, 3, 0, 2, 1, 1, 0, 0, 1, 1] [810, 120, 120, 118, 233, 232, 454, 453, 453, 802] Thread-8 9627
T9 [1, 3, 0, 2, 1, 1, 0, 0, 1, 0] [810, 120, 120, 118, 233, 232, 454, 453, 453, 803] Thread-10 9627
T0 [0, 4, 0, 2, 1, 1, 0, 0, 1, 0] [811, 120, 120, 118, 233, 232, 454, 453, 453, 803] Thread-0 9628
T6 [0, 3, 0, 2, 1, 2, 0, 0, 0, 0] [811, 120, 120, 118, 233, 232, 455, 453, 453, 803] Thread-8 9628
T7 [0, 3, 0, 2, 1, 1, 1, 0, 0, 0] [811, 120, 120, 118, 233, 232, 455, 454, 453, 803] Thread-8 9630
T8 [0, 3, 0, 2, 1, 1, 0, 0, 1, 1] [811, 120, 120, 118, 233, 232, 455, 454, 454, 803] Thread-8 9647
T9 [1, 3, 0, 2, 1, 1, 0, 0, 1, 0] [811, 120, 120, 118, 233, 232, 455, 454, 454, 804] Thread-11 9647
T0 [0, 4, 0, 2, 1, 1, 0, 0, 1, 0] [812, 120, 120, 118, 233, 232, 455, 454, 454, 804] Thread-1 9648
T6 [0, 3, 0, 2, 1, 2, 0, 0, 0, 0] [812, 120, 120, 118, 233, 232, 456, 454, 454, 804] Thread-8 9648
T5 [0, 3, 0, 2, 0, 2, 0, 1, 1, 1] [812, 120, 120, 118, 233, 233, 456, 454, 454, 804] Thread-6 9649
T4 [0, 2, 0, 2, 1, 2, 0, 0, 0, 1] [812, 120, 120, 118, 234, 233, 456, 454, 454, 804] Thread-5 9649
T9 [1, 2, 0, 2, 1, 2, 0, 0, 0, 0] [812, 120, 120, 118, 234, 233, 456, 454, 454, 805] Thread-9 9650
T0 [0, 3, 0, 2, 1, 2, 0, 0, 0, 0] [813, 120, 120, 118, 234, 233, 456, 454, 454, 805] Thread-2 9650
T7 [0, 3, 0, 2, 1, 1, 1, 0, 0, 0] [813, 120, 120, 118, 234, 233, 456, 455, 454, 805] Thread-7 9650
T3 [0, 3, 0, 1, 1, 1, 1, 1, 0, 1] [813, 120, 120, 119, 234, 233, 456, 455, 454, 805] Thread-4 9664
T9 [1, 3, 0, 1, 1, 1, 1, 1, 0, 0] [813, 120, 120, 119, 234, 233, 456, 455, 454, 806] Thread-10 9664
T0 [0, 4, 0, 1, 1, 1, 1, 1, 0, 0] [814, 120, 120, 119, 234, 233, 456, 455, 454, 806] Thread-0 9665
T1 [0, 3, 1, 1, 1, 1, 1, 0, 0, 0] [814, 121, 120, 119, 234, 233, 456, 455, 454, 806] Thread-4 9665
T8 [0, 3, 1, 1, 1, 1, 0, 0, 1, 1] [814, 121, 120, 119, 234, 233, 456, 455, 455, 806] Thread-7 9666
T9 [1, 3, 1, 1, 1, 1, 0, 0, 1, 0] [814, 121, 120, 119, 234, 233, 456, 455, 455, 807] Thread-11 9666
T0 [0, 4, 1, 1, 1, 1, 0, 0, 1, 0] [815, 121, 120, 119, 234, 233, 456, 455, 455, 807] Thread-1 9666
T6 [0, 3, 1, 1, 1, 2, 0, 0, 0, 0] [815, 121, 120, 119, 234, 233, 457, 455, 455, 807] Thread-7 9667
T7 [0, 3, 1, 1, 1, 1, 1, 0, 0, 0] [815, 121, 120, 119, 234, 233, 457, 456, 455, 807] Thread-8 9670
T2 [0, 3, 0, 2, 1, 1, 1, 0, 0, 0] [815, 121, 121, 119, 234, 233, 457, 456, 455, 807] Thread-4 9676
T8 [0, 3, 0, 2, 1, 1, 0, 0, 1, 1] [815, 121, 121, 119, 234, 233, 457, 456, 456, 807] Thread-8 9687
T9 [1, 3, 0, 2, 1, 1, 0, 0, 1, 0] [815, 121, 121, 119, 234, 233, 457, 456, 456, 808] Thread-9 9687
T0 [0, 4, 0, 2, 1, 1, 0, 0, 1, 0] [816, 121, 121, 119, 234, 233, 457, 456, 456, 808] Thread-2 9688
T6 [0, 3, 0, 2, 1, 2, 0, 0, 0, 0] [816, 121, 121, 119, 234, 233, 458, 456, 456, 808] Thread-8 9688
T5 [0, 3, 0, 2, 0, 2, 0, 1, 1, 1] [816, 121, 121, 119, 234, 234, 458, 456, 456, 808] Thread-5 9691
T4 [0, 2, 0, 2, 1, 2, 0, 0, 0, 1] [816, 121, 121, 119, 235, 234, 458, 456, 456, 808] Thread-6 9691
T9 [1, 2, 0, 2, 1, 2, 0, 0, 0, 0] [816, 121, 121, 119, 235, 234, 458, 456, 456, 809] Thread-10 9692
T0 [0, 3, 0, 2, 1, 2, 0, 0, 0, 0] [817, 121, 121, 119, 235, 234, 458, 456, 456, 809] Thread-0 9692
T7 [0, 3, 0, 2, 1, 1, 1, 0, 0, 0] [817, 121, 121, 119, 235, 234, 458, 457, 456, 809] Thread-7 9692
T8 [0, 3, 0, 2, 1, 1, 0, 0, 1, 1] [817, 121, 121, 119, 235, 234, 458, 457, 457, 809] Thread-7 9710
T9 [1, 3, 0, 2, 1, 1, 0, 0, 1, 0] [817, 121, 121, 119, 235, 234, 458, 457, 457, 810] Thread-11 9710
T0 [0, 4, 0, 2, 1, 1, 0, 0, 1, 0] [818, 121, 121, 119, 235, 234, 458, 457, 457, 810] Thread-1 9711
T6 [0, 3, 0, 2, 1, 2, 0, 0, 0, 0] [818, 121, 121, 119, 235, 234, 459, 457, 457, 810] Thread-7 9711
T7 [0, 3, 0, 2, 1, 1, 1, 0, 0, 0] [818, 121, 121, 119, 235, 234, 459, 458, 457, 810] Thread-8 9713
T8 [0, 3, 0, 2, 1, 1, 0, 0, 1, 1] [818, 121, 121, 119, 235, 234, 459, 458, 458, 810] Thread-8 9730
T9 [1, 3, 0, 2, 1, 1, 0, 0, 1, 0] [818, 121, 121, 119, 235, 234, 459, 458, 458, 811] Thread-9 9730
T0 [0, 4, 0, 2, 1, 1, 0, 0, 1, 0] [819, 121, 121, 119, 235, 234, 459, 458, 458, 811] Thread-2 9731
T6 [0, 3, 0, 2, 1, 2, 0, 0, 0, 0] [819, 121, 121, 119, 235, 234, 460, 458, 458, 811] Thread-8 9731
T5 [0, 3, 0, 2, 0, 2, 0, 1, 1, 1] [819, 121, 121, 119, 235, 235, 460, 458, 458, 811] Thread-6 9732
T4 [0, 2, 0, 2, 1, 2, 0, 0, 0, 1] [819, 121, 121, 119, 236, 235, 460, 458, 458, 811] Thread-5 9732
T9 [1, 2, 0, 2, 1, 2, 0, 0, 0, 0] [819, 121, 121, 119, 236, 235, 460, 458, 458, 812] Thread-10 9733
T0 [0, 3, 0, 2, 1, 2, 0, 0, 0, 0] [820, 121, 121, 119, 236, 235, 460, 458, 458, 812] Thread-0 9733
T7 [0, 3, 0, 2, 1, 1, 1, 0, 0, 0] [820, 121, 121, 119, 236, 235, 460, 459, 458, 812] Thread-8 9735
T3 [0, 3, 0, 1, 1, 1, 1, 1, 0, 1] [820, 121, 121, 120, 236, 235, 460, 459, 458, 812] Thread-3 9745
T9 [1, 3, 0, 1, 1, 1, 1, 1, 0, 0] [820, 121, 121, 120, 236, 235, 460, 459, 458, 813] Thread-11 9745
T0 [0, 4, 0, 1, 1, 1, 1, 1, 0, 0] [821, 121, 121, 120, 236, 235, 460, 459, 458, 813] Thread-1 9746
T1 [0, 3, 1, 1, 1, 1, 1, 0, 0, 0] [821, 122, 121, 120, 236, 235, 460, 459, 458, 813] Thread-3 9746
T8 [0, 3, 1, 1, 1, 1, 0, 0, 1, 1] [821, 122, 121, 120, 236, 235, 460, 459, 459, 813] Thread-8 9752
T9 [1, 3, 1, 1, 1, 1, 0, 0, 1, 0] [821, 122, 121, 120, 236, 235, 460, 459, 459, 814] Thread-9 9752
T0 [0, 4, 1, 1, 1, 1, 0, 0, 1, 0] [822, 122, 121, 120, 236, 235, 460, 459, 459, 814] Thread-2 9753
T6 [0, 3, 1, 1, 1, 2, 0, 0, 0, 0] [822, 122, 121, 120, 236, 235, 461, 459, 459, 814] Thread-8 9753
T7 [0, 3, 1, 1, 1, 1, 1, 0, 0, 0] [822, 122, 121, 120, 236, 235, 461, 460, 459, 814] Thread-7 9756
T2 [0, 3, 0, 2, 1, 1, 1, 0, 0, 0] [822, 122, 122, 120, 236, 235, 461, 460, 459, 814] Thread-3 9757
T5 [0, 3, 0, 2, 0, 1, 1, 1, 1, 1] [822, 122, 122, 120, 236, 236, 461, 460, 459, 814] Thread-5 9773
T4 [0, 2, 0, 2, 1, 1, 1, 0, 0, 1] [822, 122, 122, 120, 237, 236, 461, 460, 459, 814] Thread-6 9773
T9 [1, 2, 0, 2, 1, 1, 1, 0, 0, 0] [822, 122, 122, 120, 237, 236, 461, 460, 459, 815] Thread-10 9774
T0 [0, 3, 0, 2, 1, 1, 1, 0, 0, 0] [823, 122, 122, 120, 237, 236, 461, 460, 459, 815] Thread-0 9774
T8 [0, 3, 0, 2, 1, 1, 0, 0, 1, 1] [823, 122, 122, 120, 237, 236, 461, 460, 460, 815] Thread-7 9775
T9 [1, 3, 0, 2, 1, 1, 0, 0, 1, 0] [823, 122, 122, 120, 237, 236, 461, 460, 460, 816] Thread-11 9775
T0 [0, 4, 0, 2, 1, 1, 0, 0, 1, 0] [824, 122, 122, 120, 237, 236, 461, 460, 460, 816] Thread-1 9775
T6 [0, 3, 0, 2, 1, 2, 0, 0, 0, 0] [824, 122, 122, 120, 237, 236, 462, 460, 460, 816] Thread-7 9776
T7 [0, 3, 0, 2, 1, 1, 1, 0, 0, 0] [824, 122, 122, 120, 237, 236, 462, 461, 460, 816] Thread-7 9776
T8 [0, 3, 0, 2, 1, 1, 0, 0, 1, 1] [824, 122, 122, 120, 237, 236, 462, 461, 461, 816] Thread-7 9793
T9 [1, 3, 0, 2, 1, 1, 0, 0, 1, 0] [824, 122, 122, 120, 237, 236, 462, 461, 461, 817] Thread-9 9794
T0 [0, 4, 0, 2, 1, 1, 0, 0, 1, 0] [825, 122, 122, 120, 237, 236, 462, 461, 461, 817] Thread-2 9794
T6 [0, 3, 0, 2, 1, 2, 0, 0, 0, 0] [825, 122, 122, 120, 237, 236, 463, 461, 461, 817] Thread-7 9794
T7 [0, 3, 0, 2, 1, 1, 1, 0, 0, 0] [825, 122, 122, 120, 237, 236, 463, 462, 461, 817] Thread-8 9796
T8 [0, 3, 0, 2, 1, 1, 0, 0, 1, 1] [825, 122, 122, 120, 237, 236, 463, 462, 462, 817] Thread-8 9813
T9 [1, 3, 0, 2, 1, 1, 0, 0, 1, 0] [825, 122, 122, 120, 237, 236, 463, 462, 462, 818] Thread-10 9813
T0 [0, 4, 0, 2, 1, 1, 0, 0, 1, 0] [826, 122, 122, 120, 237, 236, 463, 462, 462, 818] Thread-0 9814
T6 [0, 3, 0, 2, 1, 2, 0, 0, 0, 0] [826, 122, 122, 120, 237, 236, 464, 462, 462, 818] Thread-8 9814
T5 [0, 3, 0, 2, 0, 2, 0, 1, 1, 1] [826, 122, 122, 120, 237, 237, 464, 462, 462, 818] Thread-6 9815
T4 [0, 2, 0, 2, 1, 2, 0, 0, 0, 1] [826, 122, 122, 120, 238, 237, 464, 462, 462, 818] Thread-5 9815
T9 [1, 2, 0, 2, 1, 2, 0, 0, 0, 0] [826, 122, 122, 120, 238, 237, 464, 462, 462, 819] Thread-11 9815
T0 [0, 3, 0, 2, 1, 2, 0, 0, 0, 0] [827, 122, 122, 120, 238, 237, 464, 462, 462, 819] Thread-1 9816
T7 [0, 3, 0, 2, 1, 1, 1, 0, 0, 0] [827, 122, 122, 120, 238, 237, 464, 463, 462, 819] Thread-8 9816
T3 [0, 3, 0, 1, 1, 1, 1, 1, 0, 1] [827, 122, 122, 121, 238, 237, 464, 463, 462, 819] Thread-4 9826
T9 [1, 3, 0, 1, 1, 1, 1, 1, 0, 0] [827, 122, 122, 121, 238, 237, 464, 463, 462, 820] Thread-9 9826
T0 [0, 4, 0, 1, 1, 1, 1, 1, 0, 0] [828, 122, 122, 121, 238, 237, 464, 463, 462, 820] Thread-2 9827
T1 [0, 3, 1, 1, 1, 1, 1, 0, 0, 0] [828, 123, 122, 121, 238, 237, 464, 463, 462, 820] Thread-4 9827
T8 [0, 3, 1, 1, 1, 1, 0, 0, 1, 1] [828, 123, 122, 121, 238, 237, 464, 463, 463, 820] Thread-8 9834
T9 [1, 3, 1, 1, 1, 1, 0, 0, 1, 0] [828, 123, 122, 121, 238, 237, 464, 463, 463, 821] Thread-10 9834
T0 [0, 4, 1, 1, 1, 1, 0, 0, 1, 0] [829, 123, 122, 121, 238, 237, 464, 463, 463, 821] Thread-0 9835
T6 [0, 3, 1, 1, 1, 2, 0, 0, 0, 0] [829, 123, 122, 121, 238, 237, 465, 463, 463, 821] Thread-8 9835
T7 [0, 3, 1, 1, 1, 1, 1, 0, 0, 0] [829, 123, 122, 121, 238, 237, 465, 464, 463, 821] Thread-8 9837
T2 [0, 3, 0, 2, 1, 1, 1, 0, 0, 0] [829, 123, 123, 121, 238, 237, 465, 464, 463, 821] Thread-4 9839
T8 [0, 3, 0, 2, 1, 1, 0, 0, 1, 1] [829, 123, 123, 121, 238, 237, 465, 464, 464, 821] Thread-8 9854
T9 [1, 3, 0, 2, 1, 1, 0, 0, 1, 0] [829, 123, 123, 121, 238, 237, 465, 464, 464, 822] Thread-11 9854
T0 [0, 4, 0, 2, 1, 1, 0, 0, 1, 0] [830, 123, 123, 121, 238, 237, 465, 464, 464, 822] Thread-1 9855
T6 [0, 3, 0, 2, 1, 2, 0, 0, 0, 0] [830, 123, 123, 121, 238, 237, 466, 464, 464, 822] Thread-8 9855
T5 [0, 3, 0, 2, 0, 2, 0, 1, 1, 1] [830, 123, 123, 121, 238, 238, 466, 464, 464, 822] Thread-5 9857
T4 [0, 2, 0, 2, 1, 2, 0, 0, 0, 1] [830, 123, 123, 121, 239, 238, 466, 464, 464, 822] Thread-6 9857
T9 [1, 2, 0, 2, 1, 2, 0, 0, 0, 0] [830, 123, 123, 121, 239, 238, 466, 464, 464, 823] Thread-9 9857
T0 [0, 3, 0, 2, 1, 2, 0, 0, 0, 0] [831, 123, 123, 121, 239, 238, 466, 464, 464, 823] Thread-2 9858
T7 [0, 3, 0, 2, 1, 1, 1, 0, 0, 0] [831, 123, 123, 121, 239, 238, 466, 465, 464, 823] Thread-7 9858
T8 [0, 3, 0, 2, 1, 1, 0, 0, 1, 1] [831, 123, 123, 121, 239, 238, 466, 465, 465, 823] Thread-7 9875
T9 [1, 3, 0, 2, 1, 1, 0, 0, 1, 0] [831, 123, 123, 121, 239, 238, 466, 465, 465, 824] Thread-10 9875
T0 [0, 4, 0, 2, 1, 1, 0, 0, 1, 0] [832, 123, 123, 121, 239, 238, 466, 465, 465, 824] Thread-0 9876
T6 [0, 3, 0, 2, 1, 2, 0, 0, 0, 0] [832, 123, 123, 121, 239, 238, 467, 465, 465, 824] Thread-7 9876
T7 [0, 3, 0, 2, 1, 1, 1, 0, 0, 0] [832, 123, 123, 121, 239, 238, 467, 466, 465, 824] Thread-7 9879
T8 [0, 3, 0, 2, 1, 1, 0, 0, 1, 1] [832, 123, 123, 121, 239, 238, 467, 466, 466, 824] Thread-7 9897
T9 [1, 3, 0, 2, 1, 1, 0, 0, 1, 0] [832, 123, 123, 121, 239, 238, 467, 466, 466, 825] Thread-11 9897
T0 [0, 4, 0, 2, 1, 1, 0, 0, 1, 0] [833, 123, 123, 121, 239, 238, 467, 466, 466, 825] Thread-1 9898
T6 [0, 3, 0, 2, 1, 2, 0, 0, 0, 0] [833, 123, 123, 121, 239, 238, 468, 466, 466, 825] Thread-7 9898
T5 [0, 3, 0, 2, 0, 2, 0, 1, 1, 1] [833, 123, 123, 121, 239, 239, 468, 466, 466, 825] Thread-6 9899
T4 [0, 2, 0, 2, 1, 2, 0, 0, 0, 1] [833, 123, 123, 121, 240, 239, 468, 466, 466, 825] Thread-5 9899
T9 [1, 2, 0, 2, 1, 2, 0, 0, 0, 0] [833, 123, 123, 121, 240, 239, 468, 466, 466, 826] Thread-9 9900
T0 [0, 3, 0, 2, 1, 2, 0, 0, 0, 0] [834, 123, 123, 121, 240, 239, 468, 466, 466, 826] Thread-2 9900
T7 [0, 3, 0, 2, 1, 1, 1, 0, 0, 0] [834, 123, 123, 121, 240, 239, 468, 467, 466, 826] Thread-8 9900
T3 [0, 3, 0, 1, 1, 1, 1, 1, 0, 1] [834, 123, 123, 122, 240, 239, 468, 467, 466, 826] Thread-3 9907
T9 [1, 3, 0, 1, 1, 1, 1, 1, 0, 0] [834, 123, 123, 122, 240, 239, 468, 467, 466, 827] Thread-10 9907
T0 [0, 4, 0, 1, 1, 1, 1, 1, 0, 0] [835, 123, 123, 122, 240, 239, 468, 467, 466, 827] Thread-0 9908
T1 [0, 3, 1, 1, 1, 1, 1, 0, 0, 0] [835, 124, 123, 122, 240, 239, 468, 467, 466, 827] Thread-3 9908
T8 [0, 3, 1, 1, 1, 1, 0, 0, 1, 1] [835, 124, 123, 122, 240, 239, 468, 467, 467, 827] Thread-8 9917
T9 [1, 3, 1, 1, 1, 1, 0, 0, 1, 0] [835, 124, 123, 122, 240, 239, 468, 467, 467, 828] Thread-11 9917
T0 [0, 4, 1, 1, 1, 1, 0, 0, 1, 0] [836, 124, 123, 122, 240, 239, 468, 467, 467, 828] Thread-1 9918
T6 [0, 3, 1, 1, 1, 2, 0, 0, 0, 0] [836, 124, 123, 122, 240, 239, 469, 467, 467, 828] Thread-8 9918
T2 [0, 3, 0, 2, 1, 2, 0, 0, 0, 0] [836, 124, 124, 122, 240, 239, 469, 467, 467, 828] Thread-3 9919
T7 [0, 3, 0, 2, 1, 1, 1, 0, 0, 0] [836, 124, 124, 122, 240, 239, 469, 468, 467, 828] Thread-8 9921
T8 [0, 3, 0, 2, 1, 1, 0, 0, 1, 1] [836, 124, 124, 122, 240, 239, 469, 468, 468, 828] Thread-8 9938
T9 [1, 3, 0, 2, 1, 1, 0, 0, 1, 0] [836, 124, 124, 122, 240, 239, 469, 468, 468, 829] Thread-9 9938
T0 [0, 4, 0, 2, 1, 1, 0, 0, 1, 0] [837, 124, 124, 122, 240, 239, 469, 468, 468, 829] Thread-2 9939
T6 [0, 3, 0, 2, 1, 2, 0, 0, 0, 0] [837, 124, 124, 122, 240, 239, 470, 468, 468, 829] Thread-8 9939
T5 [0, 3, 0, 2, 0, 2, 0, 1, 1, 1] [837, 124, 124, 122, 240, 240, 470, 468, 468, 829] Thread-5 9940
T4 [0, 2, 0, 2, 1, 2, 0, 0, 0, 1] [837, 124, 124, 122, 241, 240, 470, 468, 468, 829] Thread-6 9940
T9 [1, 2, 0, 2, 1, 2, 0, 0, 0, 0] [837, 124, 124, 122, 241, 240, 470, 468, 468, 830] Thread-10 9941
T0 [0, 3, 0, 2, 1, 2, 0, 0, 0, 0] [838, 124, 124, 122, 241, 240, 470, 468, 468, 830] Thread-0 9941
T7 [0, 3, 0, 2, 1, 1, 1, 0, 0, 0] [838, 124, 124, 122, 241, 240, 470, 469, 468, 830] Thread-8 9942
T8 [0, 3, 0, 2, 1, 1, 0, 0, 1, 1] [838, 124, 124, 122, 241, 240, 470, 469, 469, 830] Thread-8 9959
T9 [1, 3, 0, 2, 1, 1, 0, 0, 1, 0] [838, 124, 124, 122, 241, 240, 470, 469, 469, 831] Thread-11 9959
T0 [0, 4, 0, 2, 1, 1, 0, 0, 1, 0] [839, 124, 124, 122, 241, 240, 470, 469, 469, 831] Thread-1 9960
T6 [0, 3, 0, 2, 1, 2, 0, 0, 0, 0] [839, 124, 124, 122, 241, 240, 471, 469, 469, 831] Thread-8 9960
T7 [0, 3, 0, 2, 1, 1, 1, 0, 0, 0] [839, 124, 124, 122, 241, 240, 471, 470, 469, 831] Thread-7 9963
T8 [0, 3, 0, 2, 1, 1, 0, 0, 1, 1] [839, 124, 124, 122, 241, 240, 471, 470, 470, 831] Thread-7 9980
T9 [1, 3, 0, 2, 1, 1, 0, 0, 1, 0] [839, 124, 124, 122, 241, 240, 471, 470, 470, 832] Thread-9 9980
T0 [0, 4, 0, 2, 1, 1, 0, 0, 1, 0] [840, 124, 124, 122, 241, 240, 471, 470, 470, 832] Thread-2 9981
T6 [0, 3, 0, 2, 1, 2, 0, 0, 0, 0] [840, 124, 124, 122, 241, 240, 472, 470, 470, 832] Thread-7 9981
T5 [0, 3, 0, 2, 0, 2, 0, 1, 1, 1] [840, 124, 124, 122, 241, 241, 472, 470, 470, 832] Thread-6 9982
T4 [0, 2, 0, 2, 1, 2, 0, 0, 0, 1] [840, 124, 124, 122, 242, 241, 472, 470, 470, 832] Thread-5 9982
T9 [1, 2, 0, 2, 1, 2, 0, 0, 0, 0] [840, 124, 124, 122, 242, 241, 472, 470, 470, 833] Thread-10 9982
T0 [0, 3, 0, 2, 1, 2, 0, 0, 0, 0] [841, 124, 124, 122, 242, 241, 472, 470, 470, 833] Thread-0 9983
T7 [0, 3, 0, 2, 1, 1, 1, 0, 0, 0] [841, 124, 124, 122, 242, 241, 472, 471, 470, 833] Thread-7 9983
T3 [0, 3, 0, 1, 1, 1, 1, 1, 0, 1] [841, 124, 124, 123, 242, 241, 472, 471, 470, 833] Thread-3 9987
T9 [1, 3, 0, 1, 1, 1, 1, 1, 0, 0] [841, 124, 124, 123, 242, 241, 472, 471, 470, 834] Thread-11 9987
T0 [0, 4, 0, 1, 1, 1, 1, 1, 0, 0] [842, 124, 124, 123, 242, 241, 472, 471, 470, 834] Thread-1 9988
T1 [0, 3, 1, 1, 1, 1, 1, 0, 0, 0] [842, 125, 124, 123, 242, 241, 472, 471, 470, 834] Thread-3 9988
T2 [0, 3, 0, 2, 1, 1, 1, 0, 0, 0] [842, 125, 125, 123, 242, 241, 472, 471, 470, 834] Thread-3 9999
T8 [0, 3, 0, 2, 1, 1, 0, 0, 1, 1] [842, 125, 125, 123, 242, 241, 472, 471, 471, 834] Thread-7 10001
T9 [1, 3, 0, 2, 1, 1, 0, 0, 1, 0] [842, 125, 125, 123, 242, 241, 472, 471, 471, 835] Thread-9 10001
T0 [0, 4, 0, 2, 1, 1, 0, 0, 1, 0] [843, 125, 125, 123, 242, 241, 472, 471, 471, 835] Thread-2 10002
T6 [0, 3, 0, 2, 1, 2, 0, 0, 0, 0] [843, 125, 125, 123, 242, 241, 473, 471, 471, 835] Thread-7 10002
T7 [0, 3, 0, 2, 1, 1, 1, 0, 0, 0] [843, 125, 125, 123, 242, 241, 473, 472, 471, 835] Thread-7 10004
T8 [0, 3, 0, 2, 1, 1, 0, 0, 1, 1] [843, 125, 125, 123, 242, 241, 473, 472, 472, 835] Thread-7 10021
T9 [1, 3, 0, 2, 1, 1, 0, 0, 1, 0] [843, 125, 125, 123, 242, 241, 473, 472, 472, 836] Thread-10 10022
T0 [0, 4, 0, 2, 1, 1, 0, 0, 1, 0] [844, 125, 125, 123, 242, 241, 473, 472, 472, 836] Thread-0 10022
T6 [0, 3, 0, 2, 1, 2, 0, 0, 0, 0] [844, 125, 125, 123, 242, 241, 474, 472, 472, 836] Thread-7 10022
T5 [0, 3, 0, 2, 0, 2, 0, 1, 1, 1] [844, 125, 125, 123, 242, 242, 474, 472, 472, 836] Thread-5 10023
T4 [0, 2, 0, 2, 1, 2, 0, 0, 0, 1] [844, 125, 125, 123, 243, 242, 474, 472, 472, 836] Thread-6 10023
T9 [1, 2, 0, 2, 1, 2, 0, 0, 0, 0] [844, 125, 125, 123, 243, 242, 474, 472, 472, 837] Thread-11 10024
T0 [0, 3, 0, 2, 1, 2, 0, 0, 0, 0] [845, 125, 125, 123, 243, 242, 474, 472, 472, 837] Thread-1 10024
T7 [0, 3, 0, 2, 1, 1, 1, 0, 0, 0] [845, 125, 125, 123, 243, 242, 474, 473, 472, 837] Thread-7 10024
T8 [0, 3, 0, 2, 1, 1, 0, 0, 1, 1] [845, 125, 125, 123, 243, 242, 474, 473, 473, 837] Thread-7 10041
T9 [1, 3, 0, 2, 1, 1, 0, 0, 1, 0] [845, 125, 125, 123, 243, 242, 474, 473, 473, 838] Thread-9 10041
T0 [0, 4, 0, 2, 1, 1, 0, 0, 1, 0] [846, 125, 125, 123, 243, 242, 474, 473, 473, 838] Thread-2 10042
T6 [0, 3, 0, 2, 1, 2, 0, 0, 0, 0] [846, 125, 125, 123, 243, 242, 475, 473, 473, 838] Thread-7 10042
T7 [0, 3, 0, 2, 1, 1, 1, 0, 0, 0] [846, 125, 125, 123, 243, 242, 475, 474, 473, 838] Thread-7 10045
T8 [0, 3, 0, 2, 1, 1, 0, 0, 1, 1] [846, 125, 125, 123, 243, 242, 475, 474, 474, 838] Thread-7 10062
T9 [1, 3, 0, 2, 1, 1, 0, 0, 1, 0] [846, 125, 125, 123, 243, 242, 475, 474, 474, 839] Thread-10 10062
T0 [0, 4, 0, 2, 1, 1, 0, 0, 1, 0] [847, 125, 125, 123, 243, 242, 475, 474, 474, 839] Thread-0 10063
T6 [0, 3, 0, 2, 1, 2, 0, 0, 0, 0] [847, 125, 125, 123, 243, 242, 476, 474, 474, 839] Thread-7 10063
T5 [0, 3, 0, 2, 0, 2, 0, 1, 1, 1] [847, 125, 125, 123, 243, 243, 476, 474, 474, 839] Thread-6 10064
T4 [0, 2, 0, 2, 1, 2, 0, 0, 0, 1] [847, 125, 125, 123, 244, 243, 476, 474, 474, 839] Thread-5 10064
T9 [1, 2, 0, 2, 1, 2, 0, 0, 0, 0] [847, 125, 125, 123, 244, 243, 476, 474, 474, 840] Thread-11 10064
T0 [0, 3, 0, 2, 1, 2, 0, 0, 0, 0] [848, 125, 125, 123, 244, 243, 476, 474, 474, 840] Thread-1 10064
T7 [0, 3, 0, 2, 1, 1, 1, 0, 0, 0] [848, 125, 125, 123, 244, 243, 476, 475, 474, 840] Thread-8 10065
T3 [0, 3, 0, 1, 1, 1, 1, 1, 0, 1] [848, 125, 125, 124, 244, 243, 476, 475, 474, 840] Thread-4 10069
T9 [1, 3, 0, 1, 1, 1, 1, 1, 0, 0] [848, 125, 125, 124, 244, 243, 476, 475, 474, 841] Thread-9 10069
T0 [0, 4, 0, 1, 1, 1, 1, 1, 0, 0] [849, 125, 125, 124, 244, 243, 476, 475, 474, 841] Thread-2 10069
T1 [0, 3, 1, 1, 1, 1, 1, 0, 0, 0] [849, 126, 125, 124, 244, 243, 476, 475, 474, 841] Thread-4 10070
T2 [0, 3, 0, 2, 1, 1, 1, 0, 0, 0] [849, 126, 126, 124, 244, 243, 476, 475, 474, 841] Thread-4 10080
T8 [0, 3, 0, 2, 1, 1, 0, 0, 1, 1] [849, 126, 126, 124, 244, 243, 476, 475, 475, 841] Thread-8 10083
T9 [1, 3, 0, 2, 1, 1, 0, 0, 1, 0] [849, 126, 126, 124, 244, 243, 476, 475, 475, 842] Thread-10 10083
T0 [0, 4, 0, 2, 1, 1, 0, 0, 1, 0] [850, 126, 126, 124, 244, 243, 476, 475, 475, 842] Thread-0 10084
T6 [0, 3, 0, 2, 1, 2, 0, 0, 0, 0] [850, 126, 126, 124, 244, 243, 477, 475, 475, 842] Thread-8 10084
T7 [0, 3, 0, 2, 1, 1, 1, 0, 0, 0] [850, 126, 126, 124, 244, 243, 477, 476, 475, 842] Thread-7 10085
T8 [0, 3, 0, 2, 1, 1, 0, 0, 1, 1] [850, 126, 126, 124, 244, 243, 477, 476, 476, 842] Thread-7 10102
T9 [1, 3, 0, 2, 1, 1, 0, 0, 1, 0] [850, 126, 126, 124, 244, 243, 477, 476, 476, 843] Thread-11 10102
T0 [0, 4, 0, 2, 1, 1, 0, 0, 1, 0] [851, 126, 126, 124, 244, 243, 477, 476, 476, 843] Thread-1 10103
T6 [0, 3, 0, 2, 1, 2, 0, 0, 0, 0] [851, 126, 126, 124, 244, 243, 478, 476, 476, 843] Thread-7 10103
T7 [0, 3, 0, 2, 1, 1, 1, 0, 0, 0] [851, 126, 126, 124, 244, 243, 478, 477, 476, 843] Thread-8 10105
T5 [0, 3, 0, 2, 0, 1, 1, 1, 1, 1] [851, 126, 126, 124, 244, 244, 478, 477, 476, 843] Thread-5 10105
T4 [0, 2, 0, 2, 1, 1, 1, 0, 0, 1] [851, 126, 126, 124, 245, 244, 478, 477, 476, 843] Thread-6 10106
T9 [1, 2, 0, 2, 1, 1, 1, 0, 0, 0] [851, 126, 126, 124, 245, 244, 478, 477, 476, 844] Thread-9 10106
T0 [0, 3, 0, 2, 1, 1, 1, 0, 0, 0] [852, 126, 126, 124, 245, 244, 478, 477, 476, 844] Thread-2 10106
T8 [0, 3, 0, 2, 1, 1, 0, 0, 1, 1] [852, 126, 126, 124, 245, 244, 478, 477, 477, 844] Thread-8 10122
T9 [1, 3, 0, 2, 1, 1, 0, 0, 1, 0] [852, 126, 126, 124, 245, 244, 478, 477, 477, 845] Thread-10 10122
T0 [0, 4, 0, 2, 1, 1, 0, 0, 1, 0] [853, 126, 126, 124, 245, 244, 478, 477, 477, 845] Thread-0 10123
T6 [0, 3, 0, 2, 1, 2, 0, 0, 0, 0] [853, 126, 126, 124, 245, 244, 479, 477, 477, 845] Thread-8 10123
T7 [0, 3, 0, 2, 1, 1, 1, 0, 0, 0] [853, 126, 126, 124, 245, 244, 479, 478, 477, 845] Thread-7 10127
T8 [0, 3, 0, 2, 1, 1, 0, 0, 1, 1] [853, 126, 126, 124, 245, 244, 479, 478, 478, 845] Thread-7 10143
T9 [1, 3, 0, 2, 1, 1, 0, 0, 1, 0] [853, 126, 126, 124, 245, 244, 479, 478, 478, 846] Thread-11 10143
T0 [0, 4, 0, 2, 1, 1, 0, 0, 1, 0] [854, 126, 126, 124, 245, 244, 479, 478, 478, 846] Thread-1 10144
T6 [0, 3, 0, 2, 1, 2, 0, 0, 0, 0] [854, 126, 126, 124, 245, 244, 480, 478, 478, 846] Thread-7 10144
T5 [0, 3, 0, 2, 0, 2, 0, 1, 1, 1] [854, 126, 126, 124, 245, 245, 480, 478, 478, 846] Thread-6 10146
T4 [0, 2, 0, 2, 1, 2, 0, 0, 0, 1] [854, 126, 126, 124, 246, 245, 480, 478, 478, 846] Thread-5 10146
T9 [1, 2, 0, 2, 1, 2, 0, 0, 0, 0] [854, 126, 126, 124, 246, 245, 480, 478, 478, 847] Thread-9 10147
T0 [0, 3, 0, 2, 1, 2, 0, 0, 0, 0] [855, 126, 126, 124, 246, 245, 480, 478, 478, 847] Thread-2 10147
T7 [0, 3, 0, 2, 1, 1, 1, 0, 0, 0] [855, 126, 126, 124, 246, 245, 480, 479, 478, 847] Thread-8 10147
T3 [0, 3, 0, 1, 1, 1, 1, 1, 0, 1] [855, 126, 126, 125, 246, 245, 480, 479, 478, 847] Thread-3 10150
T9 [1, 3, 0, 1, 1, 1, 1, 1, 0, 0] [855, 126, 126, 125, 246, 245, 480, 479, 478, 848] Thread-10 10150
T0 [0, 4, 0, 1, 1, 1, 1, 1, 0, 0] [856, 126, 126, 125, 246, 245, 480, 479, 478, 848] Thread-0 10151
T1 [0, 3, 1, 1, 1, 1, 1, 0, 0, 0] [856, 127, 126, 125, 246, 245, 480, 479, 478, 848] Thread-3 10151
T2 [0, 3, 0, 2, 1, 1, 1, 0, 0, 0] [856, 127, 127, 125, 246, 245, 480, 479, 478, 848] Thread-3 10162
T8 [0, 3, 0, 2, 1, 1, 0, 0, 1, 1] [856, 127, 127, 125, 246, 245, 480, 479, 479, 848] Thread-8 10165
T9 [1, 3, 0, 2, 1, 1, 0, 0, 1, 0] [856, 127, 127, 125, 246, 245, 480, 479, 479, 849] Thread-11 10165
T0 [0, 4, 0, 2, 1, 1, 0, 0, 1, 0] [857, 127, 127, 125, 246, 245, 480, 479, 479, 849] Thread-1 10166
T6 [0, 3, 0, 2, 1, 2, 0, 0, 0, 0] [857, 127, 127, 125, 246, 245, 481, 479, 479, 849] Thread-8 10166
T7 [0, 3, 0, 2, 1, 1, 1, 0, 0, 0] [857, 127, 127, 125, 246, 245, 481, 480, 479, 849] Thread-7 10167
T8 [0, 3, 0, 2, 1, 1, 0, 0, 1, 1] [857, 127, 127, 125, 246, 245, 481, 480, 480, 849] Thread-7 10184
T9 [1, 3, 0, 2, 1, 1, 0, 0, 1, 0] [857, 127, 127, 125, 246, 245, 481, 480, 480, 850] Thread-9 10184
T0 [0, 4, 0, 2, 1, 1, 0, 0, 1, 0] [858, 127, 127, 125, 246, 245, 481, 480, 480, 850] Thread-2 10185
T6 [0, 3, 0, 2, 1, 2, 0, 0, 0, 0] [858, 127, 127, 125, 246, 245, 482, 480, 480, 850] Thread-7 10185
T5 [0, 3, 0, 2, 0, 2, 0, 1, 1, 1] [858, 127, 127, 125, 246, 246, 482, 480, 480, 850] Thread-5 10187
T4 [0, 2, 0, 2, 1, 2, 0, 0, 0, 1] [858, 127, 127, 125, 247, 246, 482, 480, 480, 850] Thread-6 10187
T9 [1, 2, 0, 2, 1, 2, 0, 0, 0, 0] [858, 127, 127, 125, 247, 246, 482, 480, 480, 851] Thread-10 10188
T0 [0, 3, 0, 2, 1, 2, 0, 0, 0, 0] [859, 127, 127, 125, 247, 246, 482, 480, 480, 851] Thread-0 10188
T7 [0, 3, 0, 2, 1, 1, 1, 0, 0, 0] [859, 127, 127, 125, 247, 246, 482, 481, 480, 851] Thread-7 10189
T8 [0, 3, 0, 2, 1, 1, 0, 0, 1, 1] [859, 127, 127, 125, 247, 246, 482, 481, 481, 851] Thread-7 10205
T9 [1, 3, 0, 2, 1, 1, 0, 0, 1, 0] [859, 127, 127, 125, 247, 246, 482, 481, 481, 852] Thread-11 10205
T0 [0, 4, 0, 2, 1, 1, 0, 0, 1, 0] [860, 127, 127, 125, 247, 246, 482, 481, 481, 852] Thread-1 10206
T6 [0, 3, 0, 2, 1, 2, 0, 0, 0, 0] [860, 127, 127, 125, 247, 246, 483, 481, 481, 852] Thread-7 10206
T7 [0, 3, 0, 2, 1, 1, 1, 0, 0, 0] [860, 127, 127, 125, 247, 246, 483, 482, 481, 852] Thread-7 10209
T8 [0, 3, 0, 2, 1, 1, 0, 0, 1, 1] [860, 127, 127, 125, 247, 246, 483, 482, 482, 852] Thread-7 10226
T9 [1, 3, 0, 2, 1, 1, 0, 0, 1, 0] [860, 127, 127, 125, 247, 246, 483, 482, 482, 853] Thread-9 10226
T0 [0, 4, 0, 2, 1, 1, 0, 0, 1, 0] [861, 127, 127, 125, 247, 246, 483, 482, 482, 853] Thread-2 10227
T6 [0, 3, 0, 2, 1, 2, 0, 0, 0, 0] [861, 127, 127, 125, 247, 246, 484, 482, 482, 853] Thread-7 10227
T5 [0, 3, 0, 2, 0, 2, 0, 1, 1, 1] [861, 127, 127, 125, 247, 247, 484, 482, 482, 853] Thread-6 10229
T4 [0, 2, 0, 2, 1, 2, 0, 0, 0, 1] [861, 127, 127, 125, 248, 247, 484, 482, 482, 853] Thread-5 10229
T9 [1, 2, 0, 2, 1, 2, 0, 0, 0, 0] [861, 127, 127, 125, 248, 247, 484, 482, 482, 854] Thread-10 10230
T0 [0, 3, 0, 2, 1, 2, 0, 0, 0, 0] [862, 127, 127, 125, 248, 247, 484, 482, 482, 854] Thread-0 10230
T7 [0, 3, 0, 2, 1, 1, 1, 0, 0, 0] [862, 127, 127, 125, 248, 247, 484, 483, 482, 854] Thread-7 10230
T3 [0, 3, 0, 1, 1, 1, 1, 1, 0, 1] [862, 127, 127, 126, 248, 247, 484, 483, 482, 854] Thread-4 10231
T9 [1, 3, 0, 1, 1, 1, 1, 1, 0, 0] [862, 127, 127, 126, 248, 247, 484, 483, 482, 855] Thread-11 10231
T0 [0, 4, 0, 1, 1, 1, 1, 1, 0, 0] [863, 127, 127, 126, 248, 247, 484, 483, 482, 855] Thread-1 10231
T1 [0, 3, 1, 1, 1, 1, 1, 0, 0, 0] [863, 128, 127, 126, 248, 247, 484, 483, 482, 855] Thread-4 10232
T2 [0, 3, 0, 2, 1, 1, 1, 0, 0, 0] [863, 128, 128, 126, 248, 247, 484, 483, 482, 855] Thread-4 10243
T8 [0, 3, 0, 2, 1, 1, 0, 0, 1, 1] [863, 128, 128, 126, 248, 247, 484, 483, 483, 855] Thread-7 10247
T9 [1, 3, 0, 2, 1, 1, 0, 0, 1, 0] [863, 128, 128, 126, 248, 247, 484, 483, 483, 856] Thread-9 10247
T0 [0, 4, 0, 2, 1, 1, 0, 0, 1, 0] [864, 128, 128, 126, 248, 247, 484, 483, 483, 856] Thread-2 10248
T6 [0, 3, 0, 2, 1, 2, 0, 0, 0, 0] [864, 128, 128, 126, 248, 247, 485, 483, 483, 856] Thread-7 10248
T7 [0, 3, 0, 2, 1, 1, 1, 0, 0, 0] [864, 128, 128, 126, 248, 247, 485, 484, 483, 856] Thread-7 10251
T8 [0, 3, 0, 2, 1, 1, 0, 0, 1, 1] [864, 128, 128, 126, 248, 247, 485, 484, 484, 856] Thread-7 10268
T9 [1, 3, 0, 2, 1, 1, 0, 0, 1, 0] [864, 128, 128, 126, 248, 247, 485, 484, 484, 857] Thread-10 10268
T0 [0, 4, 0, 2, 1, 1, 0, 0, 1, 0] [865, 128, 128, 126, 248, 247, 485, 484, 484, 857] Thread-0 10269
T6 [0, 3, 0, 2, 1, 2, 0, 0, 0, 0] [865, 128, 128, 126, 248, 247, 486, 484, 484, 857] Thread-7 10269
T5 [0, 3, 0, 2, 0, 2, 0, 1, 1, 1] [865, 128, 128, 126, 248, 248, 486, 484, 484, 857] Thread-5 10270
T4 [0, 2, 0, 2, 1, 2, 0, 0, 0, 1] [865, 128, 128, 126, 249, 248, 486, 484, 484, 857] Thread-6 10270
T9 [1, 2, 0, 2, 1, 2, 0, 0, 0, 0] [865, 128, 128, 126, 249, 248, 486, 484, 484, 858] Thread-11 10270
T0 [0, 3, 0, 2, 1, 2, 0, 0, 0, 0] [866, 128, 128, 126, 249, 248, 486, 484, 484, 858] Thread-1 10272
T7 [0, 3, 0, 2, 1, 1, 1, 0, 0, 0] [866, 128, 128, 126, 249, 248, 486, 485, 484, 858] Thread-8 10272
T8 [0, 3, 0, 2, 1, 1, 0, 0, 1, 1] [866, 128, 128, 126, 249, 248, 486, 485, 485, 858] Thread-8 10289
T9 [1, 3, 0, 2, 1, 1, 0, 0, 1, 0] [866, 128, 128, 126, 249, 248, 486, 485, 485, 859] Thread-9 10289
T0 [0, 4, 0, 2, 1, 1, 0, 0, 1, 0] [867, 128, 128, 126, 249, 248, 486, 485, 485, 859] Thread-2 10290
T6 [0, 3, 0, 2, 1, 2, 0, 0, 0, 0] [867, 128, 128, 126, 249, 248, 487, 485, 485, 859] Thread-8 10290
T7 [0, 3, 0, 2, 1, 1, 1, 0, 0, 0] [867, 128, 128, 126, 249, 248, 487, 486, 485, 859] Thread-8 10293
T8 [0, 3, 0, 2, 1, 1, 0, 0, 1, 1] [867, 128, 128, 126, 249, 248, 487, 486, 486, 859] Thread-8 10310
T9 [1, 3, 0, 2, 1, 1, 0, 0, 1, 0] [867, 128, 128, 126, 249, 248, 487, 486, 486, 860] Thread-10 10310
T0 [0, 4, 0, 2, 1, 1, 0, 0, 1, 0] [868, 128, 128, 126, 249, 248, 487, 486, 486, 860] Thread-0 10310
T6 [0, 3, 0, 2, 1, 2, 0, 0, 0, 0] [868, 128, 128, 126, 249, 248, 488, 486, 486, 860] Thread-8 10311
T5 [0, 3, 0, 2, 0, 2, 0, 1, 1, 1] [868, 128, 128, 126, 249, 249, 488, 486, 486, 860] Thread-6 10311
T4 [0, 2, 0, 2, 1, 2, 0, 0, 0, 1] [868, 128, 128, 126, 250, 249, 488, 486, 486, 860] Thread-5 10312
T9 [1, 2, 0, 2, 1, 2, 0, 0, 0, 0] [868, 128, 128, 126, 250, 249, 488, 486, 486, 861] Thread-11 10312
T0 [0, 3, 0, 2, 1, 2, 0, 0, 0, 0] [869, 128, 128, 126, 250, 249, 488, 486, 486, 861] Thread-1 10312
T3 [0, 3, 0, 1, 1, 2, 0, 1, 0, 1] [869, 128, 128, 127, 250, 249, 488, 486, 486, 861] Thread-3 10313
T9 [1, 3, 0, 1, 1, 2, 0, 1, 0, 0] [869, 128, 128, 127, 250, 249, 488, 486, 486, 862] Thread-9 10313
T0 [0, 4, 0, 1, 1, 2, 0, 1, 0, 0] [870, 128, 128, 127, 250, 249, 488, 486, 486, 862] Thread-2 10313
T7 [0, 4, 0, 1, 1, 1, 1, 1, 0, 0] [870, 128, 128, 127, 250, 249, 488, 487, 486, 862] Thread-8 10314
T1 [0, 3, 1, 1, 1, 1, 1, 0, 0, 0] [870, 129, 128, 127, 250, 249, 488, 487, 486, 862] Thread-3 10314
T2 [0, 3, 0, 2, 1, 1, 1, 0, 0, 0] [870, 129, 129, 127, 250, 249, 488, 487, 486, 862] Thread-3 10325
T8 [0, 3, 0, 2, 1, 1, 0, 0, 1, 1] [870, 129, 129, 127, 250, 249, 488, 487, 487, 862] Thread-8 10330
T9 [1, 3, 0, 2, 1, 1, 0, 0, 1, 0] [870, 129, 129, 127, 250, 249, 488, 487, 487, 863] Thread-10 10330
T0 [0, 4, 0, 2, 1, 1, 0, 0, 1, 0] [871, 129, 129, 127, 250, 249, 488, 487, 487, 863] Thread-0 10331
T6 [0, 3, 0, 2, 1, 2, 0, 0, 0, 0] [871, 129, 129, 127, 250, 249, 489, 487, 487, 863] Thread-8 10331
T7 [0, 3, 0, 2, 1, 1, 1, 0, 0, 0] [871, 129, 129, 127, 250, 249, 489, 488, 487, 863] Thread-8 10334
T8 [0, 3, 0, 2, 1, 1, 0, 0, 1, 1] [871, 129, 129, 127, 250, 249, 489, 488, 488, 863] Thread-8 10351
T9 [1, 3, 0, 2, 1, 1, 0, 0, 1, 0] [871, 129, 129, 127, 250, 249, 489, 488, 488, 864] Thread-11 10351
T0 [0, 4, 0, 2, 1, 1, 0, 0, 1, 0] [872, 129, 129, 127, 250, 249, 489, 488, 488, 864] Thread-1 10352
T6 [0, 3, 0, 2, 1, 2, 0, 0, 0, 0] [872, 129, 129, 127, 250, 249, 490, 488, 488, 864] Thread-8 10352
T5 [0, 3, 0, 2, 0, 2, 0, 1, 1, 1] [872, 129, 129, 127, 250, 250, 490, 488, 488, 864] Thread-5 10353
T4 [0, 2, 0, 2, 1, 2, 0, 0, 0, 1] [872, 129, 129, 127, 251, 250, 490, 488, 488, 864] Thread-6 10353
T9 [1, 2, 0, 2, 1, 2, 0, 0, 0, 0] [872, 129, 129, 127, 251, 250, 490, 488, 488, 865] Thread-9 10353
T0 [0, 3, 0, 2, 1, 2, 0, 0, 0, 0] [873, 129, 129, 127, 251, 250, 490, 488, 488, 865] Thread-2 10354
T7 [0, 3, 0, 2, 1, 1, 1, 0, 0, 0] [873, 129, 129, 127, 251, 250, 490, 489, 488, 865] Thread-8 10354
T8 [0, 3, 0, 2, 1, 1, 0, 0, 1, 1] [873, 129, 129, 127, 251, 250, 490, 489, 489, 865] Thread-8 10371
T9 [1, 3, 0, 2, 1, 1, 0, 0, 1, 0] [873, 129, 129, 127, 251, 250, 490, 489, 489, 866] Thread-10 10371
T0 [0, 4, 0, 2, 1, 1, 0, 0, 1, 0] [874, 129, 129, 127, 251, 250, 490, 489, 489, 866] Thread-0 10372
T6 [0, 3, 0, 2, 1, 2, 0, 0, 0, 0] [874, 129, 129, 127, 251, 250, 491, 489, 489, 866] Thread-8 10372
T7 [0, 3, 0, 2, 1, 1, 1, 0, 0, 0] [874, 129, 129, 127, 251, 250, 491, 490, 489, 866] Thread-7 10374
T8 [0, 3, 0, 2, 1, 1, 0, 0, 1, 1] [874, 129, 129, 127, 251, 250, 491, 490, 490, 866] Thread-7 10391
T9 [1, 3, 0, 2, 1, 1, 0, 0, 1, 0] [874, 129, 129, 127, 251, 250, 491, 490, 490, 867] Thread-11 10391
T0 [0, 4, 0, 2, 1, 1, 0, 0, 1, 0] [875, 129, 129, 127, 251, 250, 491, 490, 490, 867] Thread-1 10392
T6 [0, 3, 0, 2, 1, 2, 0, 0, 0, 0] [875, 129, 129, 127, 251, 250, 492, 490, 490, 867] Thread-7 10392
T3 [0, 3, 0, 1, 1, 2, 0, 1, 0, 1] [875, 129, 129, 128, 251, 250, 492, 490, 490, 867] Thread-3 10393
T9 [1, 3, 0, 1, 1, 2, 0, 1, 0, 0] [875, 129, 129, 128, 251, 250, 492, 490, 490, 868] Thread-9 10393
T0 [0, 4, 0, 1, 1, 2, 0, 1, 0, 0] [876, 129, 129, 128, 251, 250, 492, 490, 490, 868] Thread-2 10394
T1 [0, 3, 1, 1, 1, 2, 0, 0, 0, 0] [876, 130, 129, 128, 251, 250, 492, 490, 490, 868] Thread-3 10394
T5 [0, 3, 1, 1, 0, 2, 0, 1, 1, 1] [876, 130, 129, 128, 251, 251, 492, 490, 490, 868] Thread-6 10394
T4 [0, 2, 1, 1, 1, 2, 0, 0, 0, 1] [876, 130, 129, 128, 252, 251, 492, 490, 490, 868] Thread-5 10395
T9 [1, 2, 1, 1, 1, 2, 0, 0, 0, 0] [876, 130, 129, 128, 252, 251, 492, 490, 490, 869] Thread-10 10395
T0 [0, 3, 1, 1, 1, 2, 0, 0, 0, 0] [877, 130, 129, 128, 252, 251, 492, 490, 490, 869] Thread-0 10396
T7 [0, 3, 1, 1, 1, 1, 1, 0, 0, 0] [877, 130, 129, 128, 252, 251, 492, 491, 490, 869] Thread-8 10396
T2 [0, 3, 0, 2, 1, 1, 1, 0, 0, 0] [877, 130, 130, 128, 252, 251, 492, 491, 490, 869] Thread-3 10406
T8 [0, 3, 0, 2, 1, 1, 0, 0, 1, 1] [877, 130, 130, 128, 252, 251, 492, 491, 491, 869] Thread-8 10413
T9 [1, 3, 0, 2, 1, 1, 0, 0, 1, 0] [877, 130, 130, 128, 252, 251, 492, 491, 491, 870] Thread-11 10413
T0 [0, 4, 0, 2, 1, 1, 0, 0, 1, 0] [878, 130, 130, 128, 252, 251, 492, 491, 491, 870] Thread-1 10414
T6 [0, 3, 0, 2, 1, 2, 0, 0, 0, 0] [878, 130, 130, 128, 252, 251, 493, 491, 491, 870] Thread-8 10414
T7 [0, 3, 0, 2, 1, 1, 1, 0, 0, 0] [878, 130, 130, 128, 252, 251, 493, 492, 491, 870] Thread-8 10417
T8 [0, 3, 0, 2, 1, 1, 0, 0, 1, 1] [878, 130, 130, 128, 252, 251, 493, 492, 492, 870] Thread-8 10434
T9 [1, 3, 0, 2, 1, 1, 0, 0, 1, 0] [878, 130, 130, 128, 252, 251, 493, 492, 492, 871] Thread-9 10434
T0 [0, 4, 0, 2, 1, 1, 0, 0, 1, 0] [879, 130, 130, 128, 252, 251, 493, 492, 492, 871] Thread-2 10435
T6 [0, 3, 0, 2, 1, 2, 0, 0, 0, 0] [879, 130, 130, 128, 252, 251, 494, 492, 492, 871] Thread-8 10435
T5 [0, 3, 0, 2, 0, 2, 0, 1, 1, 1] [879, 130, 130, 128, 252, 252, 494, 492, 492, 871] Thread-5 10436
T4 [0, 2, 0, 2, 1, 2, 0, 0, 0, 1] [879, 130, 130, 128, 253, 252, 494, 492, 492, 871] Thread-6 10436
T9 [1, 2, 0, 2, 1, 2, 0, 0, 0, 0] [879, 130, 130, 128, 253, 252, 494, 492, 492, 872] Thread-10 10437
T0 [0, 3, 0, 2, 1, 2, 0, 0, 0, 0] [880, 130, 130, 128, 253, 252, 494, 492, 492, 872] Thread-0 10437
T7 [0, 3, 0, 2, 1, 1, 1, 0, 0, 0] [880, 130, 130, 128, 253, 252, 494, 493, 492, 872] Thread-8 10438
T8 [0, 3, 0, 2, 1, 1, 0, 0, 1, 1] [880, 130, 130, 128, 253, 252, 494, 493, 493, 872] Thread-8 10455
T9 [1, 3, 0, 2, 1, 1, 0, 0, 1, 0] [880, 130, 130, 128, 253, 252, 494, 493, 493, 873] Thread-11 10455
T0 [0, 4, 0, 2, 1, 1, 0, 0, 1, 0] [881, 130, 130, 128, 253, 252, 494, 493, 493, 873] Thread-1 10456
T6 [0, 3, 0, 2, 1, 2, 0, 0, 0, 0] [881, 130, 130, 128, 253, 252, 495, 493, 493, 873] Thread-8 10456
T7 [0, 3, 0, 2, 1, 1, 1, 0, 0, 0] [881, 130, 130, 128, 253, 252, 495, 494, 493, 873] Thread-8 10459
T3 [0, 3, 0, 1, 1, 1, 1, 1, 0, 1] [881, 130, 130, 129, 253, 252, 495, 494, 493, 873] Thread-3 10473
T9 [1, 3, 0, 1, 1, 1, 1, 1, 0, 0] [881, 130, 130, 129, 253, 252, 495, 494, 493, 874] Thread-9 10473
T0 [0, 4, 0, 1, 1, 1, 1, 1, 0, 0] [882, 130, 130, 129, 253, 252, 495, 494, 493, 874] Thread-2 10474
T1 [0, 3, 1, 1, 1, 1, 1, 0, 0, 0] [882, 131, 130, 129, 253, 252, 495, 494, 493, 874] Thread-3 10474
T8 [0, 3, 1, 1, 1, 1, 0, 0, 1, 1] [882, 131, 130, 129, 253, 252, 495, 494, 494, 874] Thread-8 10476
T9 [1, 3, 1, 1, 1, 1, 0, 0, 1, 0] [882, 131, 130, 129, 253, 252, 495, 494, 494, 875] Thread-10 10476
T0 [0, 4, 1, 1, 1, 1, 0, 0, 1, 0] [883, 131, 130, 129, 253, 252, 495, 494, 494, 875] Thread-0 10477
T6 [0, 3, 1, 1, 1, 2, 0, 0, 0, 0] [883, 131, 130, 129, 253, 252, 496, 494, 494, 875] Thread-8 10477
T5 [0, 3, 1, 1, 0, 2, 0, 1, 1, 1] [883, 131, 130, 129, 253, 253, 496, 494, 494, 875] Thread-6 10477
T4 [0, 2, 1, 1, 1, 2, 0, 0, 0, 1] [883, 131, 130, 129, 254, 253, 496, 494, 494, 875] Thread-5 10477
T9 [1, 2, 1, 1, 1, 2, 0, 0, 0, 0] [883, 131, 130, 129, 254, 253, 496, 494, 494, 876] Thread-11 10479
T0 [0, 3, 1, 1, 1, 2, 0, 0, 0, 0] [884, 131, 130, 129, 254, 253, 496, 494, 494, 876] Thread-1 10479
T7 [0, 3, 1, 1, 1, 1, 1, 0, 0, 0] [884, 131, 130, 129, 254, 253, 496, 495, 494, 876] Thread-8 10480
T2 [0, 3, 0, 2, 1, 1, 1, 0, 0, 0] [884, 131, 131, 129, 254, 253, 496, 495, 494, 876] Thread-3 10485
T8 [0, 3, 0, 2, 1, 1, 0, 0, 1, 1] [884, 131, 131, 129, 254, 253, 496, 495, 495, 876] Thread-8 10495
T9 [1, 3, 0, 2, 1, 1, 0, 0, 1, 0] [884, 131, 131, 129, 254, 253, 496, 495, 495, 877] Thread-9 10495
T0 [0, 4, 0, 2, 1, 1, 0, 0, 1, 0] [885, 131, 131, 129, 254, 253, 496, 495, 495, 877] Thread-2 10496
T6 [0, 3, 0, 2, 1, 2, 0, 0, 0, 0] [885, 131, 131, 129, 254, 253, 497, 495, 495, 877] Thread-8 10496
T7 [0, 3, 0, 2, 1, 1, 1, 0, 0, 0] [885, 131, 131, 129, 254, 253, 497, 496, 495, 877] Thread-7 10499
T8 [0, 3, 0, 2, 1, 1, 0, 0, 1, 1] [885, 131, 131, 129, 254, 253, 497, 496, 496, 877] Thread-7 10516
T9 [1, 3, 0, 2, 1, 1, 0, 0, 1, 0] [885, 131, 131, 129, 254, 253, 497, 496, 496, 878] Thread-10 10516
T0 [0, 4, 0, 2, 1, 1, 0, 0, 1, 0] [886, 131, 131, 129, 254, 253, 497, 496, 496, 878] Thread-0 10517
T6 [0, 3, 0, 2, 1, 2, 0, 0, 0, 0] [886, 131, 131, 129, 254, 253, 498, 496, 496, 878] Thread-7 10517
T5 [0, 3, 0, 2, 0, 2, 0, 1, 1, 1] [886, 131, 131, 129, 254, 254, 498, 496, 496, 878] Thread-5 10517
T4 [0, 2, 0, 2, 1, 2, 0, 0, 0, 1] [886, 131, 131, 129, 255, 254, 498, 496, 496, 878] Thread-6 10518
T9 [1, 2, 0, 2, 1, 2, 0, 0, 0, 0] [886, 131, 131, 129, 255, 254, 498, 496, 496, 879] Thread-11 10518
T0 [0, 3, 0, 2, 1, 2, 0, 0, 0, 0] [887, 131, 131, 129, 255, 254, 498, 496, 496, 879] Thread-1 10519
T7 [0, 3, 0, 2, 1, 1, 1, 0, 0, 0] [887, 131, 131, 129, 255, 254, 498, 497, 496, 879] Thread-7 10519
T8 [0, 3, 0, 2, 1, 1, 0, 0, 1, 1] [887, 131, 131, 129, 255, 254, 498, 497, 497, 879] Thread-7 10535
T9 [1, 3, 0, 2, 1, 1, 0, 0, 1, 0] [887, 131, 131, 129, 255, 254, 498, 497, 497, 880] Thread-9 10535
T0 [0, 4, 0, 2, 1, 1, 0, 0, 1, 0] [888, 131, 131, 129, 255, 254, 498, 497, 497, 880] Thread-2 10536
T6 [0, 3, 0, 2, 1, 2, 0, 0, 0, 0] [888, 131, 131, 129, 255, 254, 499, 497, 497, 880] Thread-7 10536
T7 [0, 3, 0, 2, 1, 1, 1, 0, 0, 0] [888, 131, 131, 129, 255, 254, 499, 498, 497, 880] Thread-8 10539
T3 [0, 3, 0, 1, 1, 1, 1, 1, 0, 1] [888, 131, 131, 130, 255, 254, 499, 498, 497, 880] Thread-4 10554
T9 [1, 3, 0, 1, 1, 1, 1, 1, 0, 0] [888, 131, 131, 130, 255, 254, 499, 498, 497, 881] Thread-10 10554
T0 [0, 4, 0, 1, 1, 1, 1, 1, 0, 0] [889, 131, 131, 130, 255, 254, 499, 498, 497, 881] Thread-0 10555
T1 [0, 3, 1, 1, 1, 1, 1, 0, 0, 0] [889, 132, 131, 130, 255, 254, 499, 498, 497, 881] Thread-4 10555
T8 [0, 3, 1, 1, 1, 1, 0, 0, 1, 1] [889, 132, 131, 130, 255, 254, 499, 498, 498, 881] Thread-8 10556
T9 [1, 3, 1, 1, 1, 1, 0, 0, 1, 0] [889, 132, 131, 130, 255, 254, 499, 498, 498, 882] Thread-11 10556
T0 [0, 4, 1, 1, 1, 1, 0, 0, 1, 0] [890, 132, 131, 130, 255, 254, 499, 498, 498, 882] Thread-1 10556
T6 [0, 3, 1, 1, 1, 2, 0, 0, 0, 0] [890, 132, 131, 130, 255, 254, 500, 498, 498, 882] Thread-8 10557
T5 [0, 3, 1, 1, 0, 2, 0, 1, 1, 1] [890, 132, 131, 130, 255, 255, 500, 498, 498, 882] Thread-6 10559
T4 [0, 2, 1, 1, 1, 2, 0, 0, 0, 1] [890, 132, 131, 130, 256, 255, 500, 498, 498, 882] Thread-5 10559
T9 [1, 2, 1, 1, 1, 2, 0, 0, 0, 0] [890, 132, 131, 130, 256, 255, 500, 498, 498, 883] Thread-9 10559
T0 [0, 3, 1, 1, 1, 2, 0, 0, 0, 0] [891, 132, 131, 130, 256, 255, 500, 498, 498, 883] Thread-2 10561
T7 [0, 3, 1, 1, 1, 1, 1, 0, 0, 0] [891, 132, 131, 130, 256, 255, 500, 499, 498, 883] Thread-7 10561
T2 [0, 3, 0, 2, 1, 1, 1, 0, 0, 0] [891, 132, 132, 130, 256, 255, 500, 499, 498, 883] Thread-4 10566
T8 [0, 3, 0, 2, 1, 1, 0, 0, 1, 1] [891, 132, 132, 130, 256, 255, 500, 499, 499, 883] Thread-7 10578
T9 [1, 3, 0, 2, 1, 1, 0, 0, 1, 0] [891, 132, 132, 130, 256, 255, 500, 499, 499, 884] Thread-10 10578
T0 [0, 4, 0, 2, 1, 1, 0, 0, 1, 0] [892, 132, 132, 130, 256, 255, 500, 499, 499, 884] Thread-0 10579
T6 [0, 3, 0, 2, 1, 2, 0, 0, 0, 0] [892, 132, 132, 130, 256, 255, 501, 499, 499, 884] Thread-7 10579
T7 [0, 3, 0, 2, 1, 1, 1, 0, 0, 0] [892, 132, 132, 130, 256, 255, 501, 500, 499, 884] Thread-7 10582
T8 [0, 3, 0, 2, 1, 1, 0, 0, 1, 1] [892, 132, 132, 130, 256, 255, 501, 500, 500, 884] Thread-7 10599
T9 [1, 3, 0, 2, 1, 1, 0, 0, 1, 0] [892, 132, 132, 130, 256, 255, 501, 500, 500, 885] Thread-11 10599
T0 [0, 4, 0, 2, 1, 1, 0, 0, 1, 0] [893, 132, 132, 130, 256, 255, 501, 500, 500, 885] Thread-1 10600
T6 [0, 3, 0, 2, 1, 2, 0, 0, 0, 0] [893, 132, 132, 130, 256, 255, 502, 500, 500, 885] Thread-7 10600
T5 [0, 3, 0, 2, 0, 2, 0, 1, 1, 1] [893, 132, 132, 130, 256, 256, 502, 500, 500, 885] Thread-5 10600
T4 [0, 2, 0, 2, 1, 2, 0, 0, 0, 1] [893, 132, 132, 130, 257, 256, 502, 500, 500, 885] Thread-6 10601
T9 [1, 2, 0, 2, 1, 2, 0, 0, 0, 0] [893, 132, 132, 130, 257, 256, 502, 500, 500, 886] Thread-9 10601
T0 [0, 3, 0, 2, 1, 2, 0, 0, 0, 0] [894, 132, 132, 130, 257, 256, 502, 500, 500, 886] Thread-2 10601
T7 [0, 3, 0, 2, 1, 1, 1, 0, 0, 0] [894, 132, 132, 130, 257, 256, 502, 501, 500, 886] Thread-7 10602
T8 [0, 3, 0, 2, 1, 1, 0, 0, 1, 1] [894, 132, 132, 130, 257, 256, 502, 501, 501, 886] Thread-7 10619
T9 [1, 3, 0, 2, 1, 1, 0, 0, 1, 0] [894, 132, 132, 130, 257, 256, 502, 501, 501, 887] Thread-10 10619
T0 [0, 4, 0, 2, 1, 1, 0, 0, 1, 0] [895, 132, 132, 130, 257, 256, 502, 501, 501, 887] Thread-0 10620
T6 [0, 3, 0, 2, 1, 2, 0, 0, 0, 0] [895, 132, 132, 130, 257, 256, 503, 501, 501, 887] Thread-7 10620
T7 [0, 3, 0, 2, 1, 1, 1, 0, 0, 0] [895, 132, 132, 130, 257, 256, 503, 502, 501, 887] Thread-8 10622
T3 [0, 3, 0, 1, 1, 1, 1, 1, 0, 1] [895, 132, 132, 131, 257, 256, 503, 502, 501, 887] Thread-3 10635
T9 [1, 3, 0, 1, 1, 1, 1, 1, 0, 0] [895, 132, 132, 131, 257, 256, 503, 502, 501, 888] Thread-11 10635
T0 [0, 4, 0, 1, 1, 1, 1, 1, 0, 0] [896, 132, 132, 131, 257, 256, 503, 502, 501, 888] Thread-1 10636
T1 [0, 3, 1, 1, 1, 1, 1, 0, 0, 0] [896, 133, 132, 131, 257, 256, 503, 502, 501, 888] Thread-3 10636
T8 [0, 3, 1, 1, 1, 1, 0, 0, 1, 1] [896, 133, 132, 131, 257, 256, 503, 502, 502, 888] Thread-8 10639
T9 [1, 3, 1, 1, 1, 1, 0, 0, 1, 0] [896, 133, 132, 131, 257, 256, 503, 502, 502, 889] Thread-9 10639
T0 [0, 4, 1, 1, 1, 1, 0, 0, 1, 0] [897, 133, 132, 131, 257, 256, 503, 502, 502, 889] Thread-2 10640
T6 [0, 3, 1, 1, 1, 2, 0, 0, 0, 0] [897, 133, 132, 131, 257, 256, 504, 502, 502, 889] Thread-8 10640
T5 [0, 3, 1, 1, 0, 2, 0, 1, 1, 1] [897, 133, 132, 131, 257, 257, 504, 502, 502, 889] Thread-6 10641
T4 [0, 2, 1, 1, 1, 2, 0, 0, 0, 1] [897, 133, 132, 131, 258, 257, 504, 502, 502, 889] Thread-5 10641
T9 [1, 2, 1, 1, 1, 2, 0, 0, 0, 0] [897, 133, 132, 131, 258, 257, 504, 502, 502, 890] Thread-10 10641
T0 [0, 3, 1, 1, 1, 2, 0, 0, 0, 0] [898, 133, 132, 131, 258, 257, 504, 502, 502, 890] Thread-0 10642
T7 [0, 3, 1, 1, 1, 1, 1, 0, 0, 0] [898, 133, 132, 131, 258, 257, 504, 503, 502, 890] Thread-7 10642
T2 [0, 3, 0, 2, 1, 1, 1, 0, 0, 0] [898, 133, 133, 131, 258, 257, 504, 503, 502, 890] Thread-3 10647
T8 [0, 3, 0, 2, 1, 1, 0, 0, 1, 1] [898, 133, 133, 131, 258, 257, 504, 503, 503, 890] Thread-7 10659
T9 [1, 3, 0, 2, 1, 1, 0, 0, 1, 0] [898, 133, 133, 131, 258, 257, 504, 503, 503, 891] Thread-11 10659
T0 [0, 4, 0, 2, 1, 1, 0, 0, 1, 0] [899, 133, 133, 131, 258, 257, 504, 503, 503, 891] Thread-1 10660
T6 [0, 3, 0, 2, 1, 2, 0, 0, 0, 0] [899, 133, 133, 131, 258, 257, 505, 503, 503, 891] Thread-7 10660
T7 [0, 3, 0, 2, 1, 1, 1, 0, 0, 0] [899, 133, 133, 131, 258, 257, 505, 504, 503, 891] Thread-8 10662
T8 [0, 3, 0, 2, 1, 1, 0, 0, 1, 1] [899, 133, 133, 131, 258, 257, 505, 504, 504, 891] Thread-8 10679
T9 [1, 3, 0, 2, 1, 1, 0, 0, 1, 0] [899, 133, 133, 131, 258, 257, 505, 504, 504, 892] Thread-9 10679
T0 [0, 4, 0, 2, 1, 1, 0, 0, 1, 0] [900, 133, 133, 131, 258, 257, 505, 504, 504, 892] Thread-2 10680
T6 [0, 3, 0, 2, 1, 2, 0, 0, 0, 0] [900, 133, 133, 131, 258, 257, 506, 504, 504, 892] Thread-8 10680
T5 [0, 3, 0, 2, 0, 2, 0, 1, 1, 1] [900, 133, 133, 131, 258, 258, 506, 504, 504, 892] Thread-5 10682
T4 [0, 2, 0, 2, 1, 2, 0, 0, 0, 1] [900, 133, 133, 131, 259, 258, 506, 504, 504, 892] Thread-6 10682
T9 [1, 2, 0, 2, 1, 2, 0, 0, 0, 0] [900, 133, 133, 131, 259, 258, 506, 504, 504, 893] Thread-10 10682
T0 [0, 3, 0, 2, 1, 2, 0, 0, 0, 0] [901, 133, 133, 131, 259, 258, 506, 504, 504, 893] Thread-0 10683
T7 [0, 3, 0, 2, 1, 1, 1, 0, 0, 0] [901, 133, 133, 131, 259, 258, 506, 505, 504, 893] Thread-8 10683
T8 [0, 3, 0, 2, 1, 1, 0, 0, 1, 1] [901, 133, 133, 131, 259, 258, 506, 505, 505, 893] Thread-8 10701
T9 [1, 3, 0, 2, 1, 1, 0, 0, 1, 0] [901, 133, 133, 131, 259, 258, 506, 505, 505, 894] Thread-11 10701
T0 [0, 4, 0, 2, 1, 1, 0, 0, 1, 0] [902, 133, 133, 131, 259, 258, 506, 505, 505, 894] Thread-1 10702
T6 [0, 3, 0, 2, 1, 2, 0, 0, 0, 0] [902, 133, 133, 131, 259, 258, 507, 505, 505, 894] Thread-8 10702
T7 [0, 3, 0, 2, 1, 1, 1, 0, 0, 0] [902, 133, 133, 131, 259, 258, 507, 506, 505, 894] Thread-7 10704
T3 [0, 3, 0, 1, 1, 1, 1, 1, 0, 1] [902, 133, 133, 132, 259, 258, 507, 506, 505, 894] Thread-4 10715
T9 [1, 3, 0, 1, 1, 1, 1, 1, 0, 0] [902, 133, 133, 132, 259, 258, 507, 506, 505, 895] Thread-9 10715
T0 [0, 4, 0, 1, 1, 1, 1, 1, 0, 0] [903, 133, 133, 132, 259, 258, 507, 506, 505, 895] Thread-2 10716
T1 [0, 3, 1, 1, 1, 1, 1, 0, 0, 0] [903, 134, 133, 132, 259, 258, 507, 506, 505, 895] Thread-4 10716
T8 [0, 3, 1, 1, 1, 1, 0, 0, 1, 1] [903, 134, 133, 132, 259, 258, 507, 506, 506, 895] Thread-7 10721
T9 [1, 3, 1, 1, 1, 1, 0, 0, 1, 0] [903, 134, 133, 132, 259, 258, 507, 506, 506, 896] Thread-10 10721
T0 [0, 4, 1, 1, 1, 1, 0, 0, 1, 0] [904, 134, 133, 132, 259, 258, 507, 506, 506, 896] Thread-0 10722
T6 [0, 3, 1, 1, 1, 2, 0, 0, 0, 0] [904, 134, 133, 132, 259, 258, 508, 506, 506, 896] Thread-7 10722
T5 [0, 3, 1, 1, 0, 2, 0, 1, 1, 1] [904, 134, 133, 132, 259, 259, 508, 506, 506, 896] Thread-6 10723
T4 [0, 2, 1, 1, 1, 2, 0, 0, 0, 1] [904, 134, 133, 132, 260, 259, 508, 506, 506, 896] Thread-5 10723
T9 [1, 2, 1, 1, 1, 2, 0, 0, 0, 0] [904, 134, 133, 132, 260, 259, 508, 506, 506, 897] Thread-11 10724
T0 [0, 3, 1, 1, 1, 2, 0, 0, 0, 0] [905, 134, 133, 132, 260, 259, 508, 506, 506, 897] Thread-1 10724
T7 [0, 3, 1, 1, 1, 1, 1, 0, 0, 0] [905, 134, 133, 132, 260, 259, 508, 507, 506, 897] Thread-7 10725
T2 [0, 3, 0, 2, 1, 1, 1, 0, 0, 0] [905, 134, 134, 132, 260, 259, 508, 507, 506, 897] Thread-4 10727
T8 [0, 3, 0, 2, 1, 1, 0, 0, 1, 1] [905, 134, 134, 132, 260, 259, 508, 507, 507, 897] Thread-7 10742
T9 [1, 3, 0, 2, 1, 1, 0, 0, 1, 0] [905, 134, 134, 132, 260, 259, 508, 507, 507, 898] Thread-9 10742
T0 [0, 4, 0, 2, 1, 1, 0, 0, 1, 0] [906, 134, 134, 132, 260, 259, 508, 507, 507, 898] Thread-2 10743
T6 [0, 3, 0, 2, 1, 2, 0, 0, 0, 0] [906, 134, 134, 132, 260, 259, 509, 507, 507, 898] Thread-7 10743
T7 [0, 3, 0, 2, 1, 1, 1, 0, 0, 0] [906, 134, 134, 132, 260, 259, 509, 508, 507, 898] Thread-7 10746
T8 [0, 3, 0, 2, 1, 1, 0, 0, 1, 1] [906, 134, 134, 132, 260, 259, 509, 508, 508, 898] Thread-7 10763
T9 [1, 3, 0, 2, 1, 1, 0, 0, 1, 0] [906, 134, 134, 132, 260, 259, 509, 508, 508, 899] Thread-10 10763
T0 [0, 4, 0, 2, 1, 1, 0, 0, 1, 0] [907, 134, 134, 132, 260, 259, 509, 508, 508, 899] Thread-0 10764
T6 [0, 3, 0, 2, 1, 2, 0, 0, 0, 0] [907, 134, 134, 132, 260, 259, 510, 508, 508, 899] Thread-7 10764
T5 [0, 3, 0, 2, 0, 2, 0, 1, 1, 1] [907, 134, 134, 132, 260, 260, 510, 508, 508, 899] Thread-5 10765
T4 [0, 2, 0, 2, 1, 2, 0, 0, 0, 1] [907, 134, 134, 132, 261, 260, 510, 508, 508, 899] Thread-6 10765
T9 [1, 2, 0, 2, 1, 2, 0, 0, 0, 0] [907, 134, 134, 132, 261, 260, 510, 508, 508, 900] Thread-11 10765
T0 [0, 3, 0, 2, 1, 2, 0, 0, 0, 0] [908, 134, 134, 132, 261, 260, 510, 508, 508, 900] Thread-1 10766
T7 [0, 3, 0, 2, 1, 1, 1, 0, 0, 0] [908, 134, 134, 132, 261, 260, 510, 509, 508, 900] Thread-7 10766
T8 [0, 3, 0, 2, 1, 1, 0, 0, 1, 1] [908, 134, 134, 132, 261, 260, 510, 509, 509, 900] Thread-7 10783
T9 [1, 3, 0, 2, 1, 1, 0, 0, 1, 0] [908, 134, 134, 132, 261, 260, 510, 509, 509, 901] Thread-9 10784
T0 [0, 4, 0, 2, 1, 1, 0, 0, 1, 0] [909, 134, 134, 132, 261, 260, 510, 509, 509, 901] Thread-2 10784
T6 [0, 3, 0, 2, 1, 2, 0, 0, 0, 0] [909, 134, 134, 132, 261, 260, 511, 509, 509, 901] Thread-7 10785
T7 [0, 3, 0, 2, 1, 1, 1, 0, 0, 0] [909, 134, 134, 132, 261, 260, 511, 510, 509, 901] Thread-8 10786
T3 [0, 3, 0, 1, 1, 1, 1, 1, 0, 1] [909, 134, 134, 133, 261, 260, 511, 510, 509, 901] Thread-3 10797
T9 [1, 3, 0, 1, 1, 1, 1, 1, 0, 0] [909, 134, 134, 133, 261, 260, 511, 510, 509, 902] Thread-10 10797
T0 [0, 4, 0, 1, 1, 1, 1, 1, 0, 0] [910, 134, 134, 133, 261, 260, 511, 510, 509, 902] Thread-0 10798
T1 [0, 3, 1, 1, 1, 1, 1, 0, 0, 0] [910, 135, 134, 133, 261, 260, 511, 510, 509, 902] Thread-3 10798
T8 [0, 3, 1, 1, 1, 1, 0, 0, 1, 1] [910, 135, 134, 133, 261, 260, 511, 510, 510, 902] Thread-8 10803
T9 [1, 3, 1, 1, 1, 1, 0, 0, 1, 0] [910, 135, 134, 133, 261, 260, 511, 510, 510, 903] Thread-11 10803
T0 [0, 4, 1, 1, 1, 1, 0, 0, 1, 0] [911, 135, 134, 133, 261, 260, 511, 510, 510, 903] Thread-1 10804
T6 [0, 3, 1, 1, 1, 2, 0, 0, 0, 0] [911, 135, 134, 133, 261, 260, 512, 510, 510, 903] Thread-8 10804
T5 [0, 3, 1, 1, 0, 2, 0, 1, 1, 1] [911, 135, 134, 133, 261, 261, 512, 510, 510, 903] Thread-6 10806
T4 [0, 2, 1, 1, 1, 2, 0, 0, 0, 1] [911, 135, 134, 133, 262, 261, 512, 510, 510, 903] Thread-5 10806
T9 [1, 2, 1, 1, 1, 2, 0, 0, 0, 0] [911, 135, 134, 133, 262, 261, 512, 510, 510, 904] Thread-9 10806
T0 [0, 3, 1, 1, 1, 2, 0, 0, 0, 0] [912, 135, 134, 133, 262, 261, 512, 510, 510, 904] Thread-2 10808
T7 [0, 3, 1, 1, 1, 1, 1, 0, 0, 0] [912, 135, 134, 133, 262, 261, 512, 511, 510, 904] Thread-7 10808
T2 [0, 3, 0, 2, 1, 1, 1, 0, 0, 0] [912, 135, 135, 133, 262, 261, 512, 511, 510, 904] Thread-3 10809
T8 [0, 3, 0, 2, 1, 1, 0, 0, 1, 1] [912, 135, 135, 133, 262, 261, 512, 511, 511, 904] Thread-7 10825
T9 [1, 3, 0, 2, 1, 1, 0, 0, 1, 0] [912, 135, 135, 133, 262, 261, 512, 511, 511, 905] Thread-10 10825
T0 [0, 4, 0, 2, 1, 1, 0, 0, 1, 0] [913, 135, 135, 133, 262, 261, 512, 511, 511, 905] Thread-0 10826
T6 [0, 3, 0, 2, 1, 2, 0, 0, 0, 0] [913, 135, 135, 133, 262, 261, 513, 511, 511, 905] Thread-7 10826
T7 [0, 3, 0, 2, 1, 1, 1, 0, 0, 0] [913, 135, 135, 133, 262, 261, 513, 512, 511, 905] Thread-8 10829
T8 [0, 3, 0, 2, 1, 1, 0, 0, 1, 1] [913, 135, 135, 133, 262, 261, 513, 512, 512, 905] Thread-8 10846
T9 [1, 3, 0, 2, 1, 1, 0, 0, 1, 0] [913, 135, 135, 133, 262, 261, 513, 512, 512, 906] Thread-11 10846
T0 [0, 4, 0, 2, 1, 1, 0, 0, 1, 0] [914, 135, 135, 133, 262, 261, 513, 512, 512, 906] Thread-1 10847
T6 [0, 3, 0, 2, 1, 2, 0, 0, 0, 0] [914, 135, 135, 133, 262, 261, 514, 512, 512, 906] Thread-8 10847
T5 [0, 3, 0, 2, 0, 2, 0, 1, 1, 1] [914, 135, 135, 133, 262, 262, 514, 512, 512, 906] Thread-5 10847
T4 [0, 2, 0, 2, 1, 2, 0, 0, 0, 1] [914, 135, 135, 133, 263, 262, 514, 512, 512, 906] Thread-6 10847
T9 [1, 2, 0, 2, 1, 2, 0, 0, 0, 0] [914, 135, 135, 133, 263, 262, 514, 512, 512, 907] Thread-9 10848
T0 [0, 3, 0, 2, 1, 2, 0, 0, 0, 0] [915, 135, 135, 133, 263, 262, 514, 512, 512, 907] Thread-2 10848
T7 [0, 3, 0, 2, 1, 1, 1, 0, 0, 0] [915, 135, 135, 133, 263, 262, 514, 513, 512, 907] Thread-7 10850
T8 [0, 3, 0, 2, 1, 1, 0, 0, 1, 1] [915, 135, 135, 133, 263, 262, 514, 513, 513, 907] Thread-7 10868
T9 [1, 3, 0, 2, 1, 1, 0, 0, 1, 0] [915, 135, 135, 133, 263, 262, 514, 513, 513, 908] Thread-10 10868
T0 [0, 4, 0, 2, 1, 1, 0, 0, 1, 0] [916, 135, 135, 133, 263, 262, 514, 513, 513, 908] Thread-0 10869
T6 [0, 3, 0, 2, 1, 2, 0, 0, 0, 0] [916, 135, 135, 133, 263, 262, 515, 513, 513, 908] Thread-7 10869
T7 [0, 3, 0, 2, 1, 1, 1, 0, 0, 0] [916, 135, 135, 133, 263, 262, 515, 514, 513, 908] Thread-7 10871
T3 [0, 3, 0, 1, 1, 1, 1, 1, 0, 1] [916, 135, 135, 134, 263, 262, 515, 514, 513, 908] Thread-3 10878
T9 [1, 3, 0, 1, 1, 1, 1, 1, 0, 0] [916, 135, 135, 134, 263, 262, 515, 514, 513, 909] Thread-11 10878
T0 [0, 4, 0, 1, 1, 1, 1, 1, 0, 0] [917, 135, 135, 134, 263, 262, 515, 514, 513, 909] Thread-1 10879
T1 [0, 3, 1, 1, 1, 1, 1, 0, 0, 0] [917, 136, 135, 134, 263, 262, 515, 514, 513, 909] Thread-3 10879
T8 [0, 3, 1, 1, 1, 1, 0, 0, 1, 1] [917, 136, 135, 134, 263, 262, 515, 514, 514, 909] Thread-7 10888
T9 [1, 3, 1, 1, 1, 1, 0, 0, 1, 0] [917, 136, 135, 134, 263, 262, 515, 514, 514, 910] Thread-9 10888
T0 [0, 4, 1, 1, 1, 1, 0, 0, 1, 0] [918, 136, 135, 134, 263, 262, 515, 514, 514, 910] Thread-2 10889
T6 [0, 3, 1, 1, 1, 2, 0, 0, 0, 0] [918, 136, 135, 134, 263, 262, 516, 514, 514, 910] Thread-7 10889
T5 [0, 3, 1, 1, 0, 2, 0, 1, 1, 1] [918, 136, 135, 134, 263, 263, 516, 514, 514, 910] Thread-6 10889
T4 [0, 2, 1, 1, 1, 2, 0, 0, 0, 1] [918, 136, 135, 134, 264, 263, 516, 514, 514, 910] Thread-5 10890
T9 [1, 2, 1, 1, 1, 2, 0, 0, 0, 0] [918, 136, 135, 134, 264, 263, 516, 514, 514, 911] Thread-10 10890
T0 [0, 3, 1, 1, 1, 2, 0, 0, 0, 0] [919, 136, 135, 134, 264, 263, 516, 514, 514, 911] Thread-0 10891
T7 [0, 3, 1, 1, 1, 1, 1, 0, 0, 0] [919, 136, 135, 134, 264, 263, 516, 515, 514, 911] Thread-7 10891
T2 [0, 3, 0, 2, 1, 1, 1, 0, 0, 0] [919, 136, 136, 134, 264, 263, 516, 515, 514, 911] Thread-3 10891
T8 [0, 3, 0, 2, 1, 1, 0, 0, 1, 1] [919, 136, 136, 134, 264, 263, 516, 515, 515, 911] Thread-7 10909
T9 [1, 3, 0, 2, 1, 1, 0, 0, 1, 0] [919, 136, 136, 134, 264, 263, 516, 515, 515, 912] Thread-11 10909
T0 [0, 4, 0, 2, 1, 1, 0, 0, 1, 0] [920, 136, 136, 134, 264, 263, 516, 515, 515, 912] Thread-1 10910
T6 [0, 3, 0, 2, 1, 2, 0, 0, 0, 0] [920, 136, 136, 134, 264, 263, 517, 515, 515, 912] Thread-7 10910
T7 [0, 3, 0, 2, 1, 1, 1, 0, 0, 0] [920, 136, 136, 134, 264, 263, 517, 516, 515, 912] Thread-7 10912
T8 [0, 3, 0, 2, 1, 1, 0, 0, 1, 1] [920, 136, 136, 134, 264, 263, 517, 516, 516, 912] Thread-7 10929
T9 [1, 3, 0, 2, 1, 1, 0, 0, 1, 0] [920, 136, 136, 134, 264, 263, 517, 516, 516, 913] Thread-9 10929
T0 [0, 4, 0, 2, 1, 1, 0, 0, 1, 0] [921, 136, 136, 134, 264, 263, 517, 516, 516, 913] Thread-2 10930
T6 [0, 3, 0, 2, 1, 2, 0, 0, 0, 0] [921, 136, 136, 134, 264, 263, 518, 516, 516, 913] Thread-7 10930
T5 [0, 3, 0, 2, 0, 2, 0, 1, 1, 1] [921, 136, 136, 134, 264, 264, 518, 516, 516, 913] Thread-5 10930
T4 [0, 2, 0, 2, 1, 2, 0, 0, 0, 1] [921, 136, 136, 134, 265, 264, 518, 516, 516, 913] Thread-6 10931
T9 [1, 2, 0, 2, 1, 2, 0, 0, 0, 0] [921, 136, 136, 134, 265, 264, 518, 516, 516, 914] Thread-10 10931
T0 [0, 3, 0, 2, 1, 2, 0, 0, 0, 0] [922, 136, 136, 134, 265, 264, 518, 516, 516, 914] Thread-0 10932
T7 [0, 3, 0, 2, 1, 1, 1, 0, 0, 0] [922, 136, 136, 134, 265, 264, 518, 517, 516, 914] Thread-7 10932
T8 [0, 3, 0, 2, 1, 1, 0, 0, 1, 1] [922, 136, 136, 134, 265, 264, 518, 517, 517, 914] Thread-7 10949
T9 [1, 3, 0, 2, 1, 1, 0, 0, 1, 0] [922, 136, 136, 134, 265, 264, 518, 517, 517, 915] Thread-11 10949
T0 [0, 4, 0, 2, 1, 1, 0, 0, 1, 0] [923, 136, 136, 134, 265, 264, 518, 517, 517, 915] Thread-1 10950
T6 [0, 3, 0, 2, 1, 2, 0, 0, 0, 0] [923, 136, 136, 134, 265, 264, 519, 517, 517, 915] Thread-7 10950
T7 [0, 3, 0, 2, 1, 1, 1, 0, 0, 0] [923, 136, 136, 134, 265, 264, 519, 518, 517, 915] Thread-7 10954
T3 [0, 3, 0, 1, 1, 1, 1, 1, 0, 1] [923, 136, 136, 135, 265, 264, 519, 518, 517, 915] Thread-4 10959
T9 [1, 3, 0, 1, 1, 1, 1, 1, 0, 0] [923, 136, 136, 135, 265, 264, 519, 518, 517, 916] Thread-9 10959
T0 [0, 4, 0, 1, 1, 1, 1, 1, 0, 0] [924, 136, 136, 135, 265, 264, 519, 518, 517, 916] Thread-2 10960
T1 [0, 3, 1, 1, 1, 1, 1, 0, 0, 0] [924, 137, 136, 135, 265, 264, 519, 518, 517, 916] Thread-4 10960
T8 [0, 3, 1, 1, 1, 1, 0, 0, 1, 1] [924, 137, 136, 135, 265, 264, 519, 518, 518, 916] Thread-7 10970
T9 [1, 3, 1, 1, 1, 1, 0, 0, 1, 0] [924, 137, 136, 135, 265, 264, 519, 518, 518, 917] Thread-10 10970
T0 [0, 4, 1, 1, 1, 1, 0, 0, 1, 0] [925, 137, 136, 135, 265, 264, 519, 518, 518, 917] Thread-0 10971
T6 [0, 3, 1, 1, 1, 2, 0, 0, 0, 0] [925, 137, 136, 135, 265, 264, 520, 518, 518, 917] Thread-7 10971
T2 [0, 3, 0, 2, 1, 2, 0, 0, 0, 0] [925, 137, 137, 135, 265, 264, 520, 518, 518, 917] Thread-4 10972
T5 [0, 3, 0, 2, 0, 2, 0, 1, 1, 1] [925, 137, 137, 135, 265, 265, 520, 518, 518, 917] Thread-6 10972
T4 [0, 2, 0, 2, 1, 2, 0, 0, 0, 1] [925, 137, 137, 135, 266, 265, 520, 518, 518, 917] Thread-5 10972
T9 [1, 2, 0, 2, 1, 2, 0, 0, 0, 0] [925, 137, 137, 135, 266, 265, 520, 518, 518, 918] Thread-11 10973
T0 [0, 3, 0, 2, 1, 2, 0, 0, 0, 0] [926, 137, 137, 135, 266, 265, 520, 518, 518, 918] Thread-1 10973
T7 [0, 3, 0, 2, 1, 1, 1, 0, 0, 0] [926, 137, 137, 135, 266, 265, 520, 519, 518, 918] Thread-8 10975
T8 [0, 3, 0, 2, 1, 1, 0, 0, 1, 1] [926, 137, 137, 135, 266, 265, 520, 519, 519, 918] Thread-8 10991
T9 [1, 3, 0, 2, 1, 1, 0, 0, 1, 0] [926, 137, 137, 135, 266, 265, 520, 519, 519, 919] Thread-9 10991
T0 [0, 4, 0, 2, 1, 1, 0, 0, 1, 0] [927, 137, 137, 135, 266, 265, 520, 519, 519, 919] Thread-2 10992
T6 [0, 3, 0, 2, 1, 2, 0, 0, 0, 0] [927, 137, 137, 135, 266, 265, 521, 519, 519, 919] Thread-8 10992
T7 [0, 3, 0, 2, 1, 1, 1, 0, 0, 0] [927, 137, 137, 135, 266, 265, 521, 520, 519, 919] Thread-7 10995
T8 [0, 3, 0, 2, 1, 1, 0, 0, 1, 1] [927, 137, 137, 135, 266, 265, 521, 520, 520, 919] Thread-7 11012
T9 [1, 3, 0, 2, 1, 1, 0, 0, 1, 0] [927, 137, 137, 135, 266, 265, 521, 520, 520, 920] Thread-10 11012
T0 [0, 4, 0, 2, 1, 1, 0, 0, 1, 0] [928, 137, 137, 135, 266, 265, 521, 520, 520, 920] Thread-0 11013
T6 [0, 3, 0, 2, 1, 2, 0, 0, 0, 0] [928, 137, 137, 135, 266, 265, 522, 520, 520, 920] Thread-7 11013
T5 [0, 3, 0, 2, 0, 2, 0, 1, 1, 1] [928, 137, 137, 135, 266, 266, 522, 520, 520, 920] Thread-5 11014
T4 [0, 2, 0, 2, 1, 2, 0, 0, 0, 1] [928, 137, 137, 135, 267, 266, 522, 520, 520, 920] Thread-6 11014
T9 [1, 2, 0, 2, 1, 2, 0, 0, 0, 0] [928, 137, 137, 135, 267, 266, 522, 520, 520, 921] Thread-11 11014
T0 [0, 3, 0, 2, 1, 2, 0, 0, 0, 0] [929, 137, 137, 135, 267, 266, 522, 520, 520, 921] Thread-1 11015
T7 [0, 3, 0, 2, 1, 1, 1, 0, 0, 0] [929, 137, 137, 135, 267, 266, 522, 521, 520, 921] Thread-7 11015
T8 [0, 3, 0, 2, 1, 1, 0, 0, 1, 1] [929, 137, 137, 135, 267, 266, 522, 521, 521, 921] Thread-7 11033
T9 [1, 3, 0, 2, 1, 1, 0, 0, 1, 0] [929, 137, 137, 135, 267, 266, 522, 521, 521, 922] Thread-9 11033
T0 [0, 4, 0, 2, 1, 1, 0, 0, 1, 0] [930, 137, 137, 135, 267, 266, 522, 521, 521, 922] Thread-2 11034
T6 [0, 3, 0, 2, 1, 2, 0, 0, 0, 0] [930, 137, 137, 135, 267, 266, 523, 521, 521, 922] Thread-7 11034
T7 [0, 3, 0, 2, 1, 1, 1, 0, 0, 0] [930, 137, 137, 135, 267, 266, 523, 522, 521, 922] Thread-7 11036
T3 [0, 3, 0, 1, 1, 1, 1, 1, 0, 1] [930, 137, 137, 136, 267, 266, 523, 522, 521, 922] Thread-3 11041
T9 [1, 3, 0, 1, 1, 1, 1, 1, 0, 0] [930, 137, 137, 136, 267, 266, 523, 522, 521, 923] Thread-10 11041
T0 [0, 4, 0, 1, 1, 1, 1, 1, 0, 0] [931, 137, 137, 136, 267, 266, 523, 522, 521, 923] Thread-0 11042
T1 [0, 3, 1, 1, 1, 1, 1, 0, 0, 0] [931, 138, 137, 136, 267, 266, 523, 522, 521, 923] Thread-3 11042
T2 [0, 3, 0, 2, 1, 1, 1, 0, 0, 0] [931, 138, 138, 136, 267, 266, 523, 522, 521, 923] Thread-3 11053
T8 [0, 3, 0, 2, 1, 1, 0, 0, 1, 1] [931, 138, 138, 136, 267, 266, 523, 522, 522, 923] Thread-7 11054
T9 [1, 3, 0, 2, 1, 1, 0, 0, 1, 0] [931, 138, 138, 136, 267, 266, 523, 522, 522, 924] Thread-11 11054
T0 [0, 4, 0, 2, 1, 1, 0, 0, 1, 0] [932, 138, 138, 136, 267, 266, 523, 522, 522, 924] Thread-1 11054
T6 [0, 3, 0, 2, 1, 2, 0, 0, 0, 0] [932, 138, 138, 136, 267, 266, 524, 522, 522, 924] Thread-7 11055
T5 [0, 3, 0, 2, 0, 2, 0, 1, 1, 1] [932, 138, 138, 136, 267, 267, 524, 522, 522, 924] Thread-6 11056
T4 [0, 2, 0, 2, 1, 2, 0, 0, 0, 1] [932, 138, 138, 136, 268, 267, 524, 522, 522, 924] Thread-5 11056
T9 [1, 2, 0, 2, 1, 2, 0, 0, 0, 0] [932, 138, 138, 136, 268, 267, 524, 522, 522, 925] Thread-9 11057
T0 [0, 3, 0, 2, 1, 2, 0, 0, 0, 0] [933, 138, 138, 136, 268, 267, 524, 522, 522, 925] Thread-2 11057
T7 [0, 3, 0, 2, 1, 1, 1, 0, 0, 0] [933, 138, 138, 136, 268, 267, 524, 523, 522, 925] Thread-8 11057
T8 [0, 3, 0, 2, 1, 1, 0, 0, 1, 1] [933, 138, 138, 136, 268, 267, 524, 523, 523, 925] Thread-8 11074
T9 [1, 3, 0, 2, 1, 1, 0, 0, 1, 0] [933, 138, 138, 136, 268, 267, 524, 523, 523, 926] Thread-10 11074
T0 [0, 4, 0, 2, 1, 1, 0, 0, 1, 0] [934, 138, 138, 136, 268, 267, 524, 523, 523, 926] Thread-0 11075
T6 [0, 3, 0, 2, 1, 2, 0, 0, 0, 0] [934, 138, 138, 136, 268, 267, 525, 523, 523, 926] Thread-8 11075
T7 [0, 3, 0, 2, 1, 1, 1, 0, 0, 0] [934, 138, 138, 136, 268, 267, 525, 524, 523, 926] Thread-8 11078
T8 [0, 3, 0, 2, 1, 1, 0, 0, 1, 1] [934, 138, 138, 136, 268, 267, 525, 524, 524, 926] Thread-8 11095
T9 [1, 3, 0, 2, 1, 1, 0, 0, 1, 0] [934, 138, 138, 136, 268, 267, 525, 524, 524, 927] Thread-11 11095
T0 [0, 4, 0, 2, 1, 1, 0, 0, 1, 0] [935, 138, 138, 136, 268, 267, 525, 524, 524, 927] Thread-1 11096
T6 [0, 3, 0, 2, 1, 2, 0, 0, 0, 0] [935, 138, 138, 136, 268, 267, 526, 524, 524, 927] Thread-8 11096
T5 [0, 3, 0, 2, 0, 2, 0, 1, 1, 1] [935, 138, 138, 136, 268, 268, 526, 524, 524, 927] Thread-5 11097
T4 [0, 2, 0, 2, 1, 2, 0, 0, 0, 1] [935, 138, 138, 136, 269, 268, 526, 524, 524, 927] Thread-6 11097
T9 [1, 2, 0, 2, 1, 2, 0, 0, 0, 0] [935, 138, 138, 136, 269, 268, 526, 524, 524, 928] Thread-9 11098
T0 [0, 3, 0, 2, 1, 2, 0, 0, 0, 0] [936, 138, 138, 136, 269, 268, 526, 524, 524, 928] Thread-2 11098
T7 [0, 3, 0, 2, 1, 1, 1, 0, 0, 0] [936, 138, 138, 136, 269, 268, 526, 525, 524, 928] Thread-7 11099
T8 [0, 3, 0, 2, 1, 1, 0, 0, 1, 1] [936, 138, 138, 136, 269, 268, 526, 525, 525, 928] Thread-7 11116
T9 [1, 3, 0, 2, 1, 1, 0, 0, 1, 0] [936, 138, 138, 136, 269, 268, 526, 525, 525, 929] Thread-10 11116
T0 [0, 4, 0, 2, 1, 1, 0, 0, 1, 0] [937, 138, 138, 136, 269, 268, 526, 525, 525, 929] Thread-0 11117
T6 [0, 3, 0, 2, 1, 2, 0, 0, 0, 0] [937, 138, 138, 136, 269, 268, 527, 525, 525, 929] Thread-7 11117
T7 [0, 3, 0, 2, 1, 1, 1, 0, 0, 0] [937, 138, 138, 136, 269, 268, 527, 526, 525, 929] Thread-7 11121
T3 [0, 3, 0, 1, 1, 1, 1, 1, 0, 1] [937, 138, 138, 137, 269, 268, 527, 526, 525, 929] Thread-4 11122
T9 [1, 3, 0, 1, 1, 1, 1, 1, 0, 0] [937, 138, 138, 137, 269, 268, 527, 526, 525, 930] Thread-11 11122
T0 [0, 4, 0, 1, 1, 1, 1, 1, 0, 0] [938, 138, 138, 137, 269, 268, 527, 526, 525, 930] Thread-1 11122
T1 [0, 3, 1, 1, 1, 1, 1, 0, 0, 0] [938, 139, 138, 137, 269, 268, 527, 526, 525, 930] Thread-4 11123
T2 [0, 3, 0, 2, 1, 1, 1, 0, 0, 0] [938, 139, 139, 137, 269, 268, 527, 526, 525, 930] Thread-4 11134
T8 [0, 3, 0, 2, 1, 1, 0, 0, 1, 1] [938, 139, 139, 137, 269, 268, 527, 526, 526, 930] Thread-7 11138
T9 [1, 3, 0, 2, 1, 1, 0, 0, 1, 0] [938, 139, 139, 137, 269, 268, 527, 526, 526, 931] Thread-9 11138
T0 [0, 4, 0, 2, 1, 1, 0, 0, 1, 0] [939, 139, 139, 137, 269, 268, 527, 526, 526, 931] Thread-2 11139
T6 [0, 3, 0, 2, 1, 2, 0, 0, 0, 0] [939, 139, 139, 137, 269, 268, 528, 526, 526, 931] Thread-7 11139
T5 [0, 3, 0, 2, 0, 2, 0, 1, 1, 1] [939, 139, 139, 137, 269, 269, 528, 526, 526, 931] Thread-6 11139
T4 [0, 2, 0, 2, 1, 2, 0, 0, 0, 1] [939, 139, 139, 137, 270, 269, 528, 526, 526, 931] Thread-5 11140
T9 [1, 2, 0, 2, 1, 2, 0, 0, 0, 0] [939, 139, 139, 137, 270, 269, 528, 526, 526, 932] Thread-10 11140
T0 [0, 3, 0, 2, 1, 2, 0, 0, 0, 0] [940, 139, 139, 137, 270, 269, 528, 526, 526, 932] Thread-0 11140
T7 [0, 3, 0, 2, 1, 1, 1, 0, 0, 0] [940, 139, 139, 137, 270, 269, 528, 527, 526, 932] Thread-7 11141
T8 [0, 3, 0, 2, 1, 1, 0, 0, 1, 1] [940, 139, 139, 137, 270, 269, 528, 527, 527, 932] Thread-7 11158
T9 [1, 3, 0, 2, 1, 1, 0, 0, 1, 0] [940, 139, 139, 137, 270, 269, 528, 527, 527, 933] Thread-11 11158
T0 [0, 4, 0, 2, 1, 1, 0, 0, 1, 0] [941, 139, 139, 137, 270, 269, 528, 527, 527, 933] Thread-1 11159
T6 [0, 3, 0, 2, 1, 2, 0, 0, 0, 0] [941, 139, 139, 137, 270, 269, 529, 527, 527, 933] Thread-7 11159
T7 [0, 3, 0, 2, 1, 1, 1, 0, 0, 0] [941, 139, 139, 137, 270, 269, 529, 528, 527, 933] Thread-8 11162
T8 [0, 3, 0, 2, 1, 1, 0, 0, 1, 1] [941, 139, 139, 137, 270, 269, 529, 528, 528, 933] Thread-8 11179
T9 [1, 3, 0, 2, 1, 1, 0, 0, 1, 0] [941, 139, 139, 137, 270, 269, 529, 528, 528, 934] Thread-9 11179
T0 [0, 4, 0, 2, 1, 1, 0, 0, 1, 0] [942, 139, 139, 137, 270, 269, 529, 528, 528, 934] Thread-2 11180
T6 [0, 3, 0, 2, 1, 2, 0, 0, 0, 0] [942, 139, 139, 137, 270, 269, 530, 528, 528, 934] Thread-8 11180
T5 [0, 3, 0, 2, 0, 2, 0, 1, 1, 1] [942, 139, 139, 137, 270, 270, 530, 528, 528, 934] Thread-5 11180
T4 [0, 2, 0, 2, 1, 2, 0, 0, 0, 1] [942, 139, 139, 137, 271, 270, 530, 528, 528, 934] Thread-6 11181
T9 [1, 2, 0, 2, 1, 2, 0, 0, 0, 0] [942, 139, 139, 137, 271, 270, 530, 528, 528, 935] Thread-10 11181
T0 [0, 3, 0, 2, 1, 2, 0, 0, 0, 0] [943, 139, 139, 137, 271, 270, 530, 528, 528, 935] Thread-0 11182
T7 [0, 3, 0, 2, 1, 1, 1, 0, 0, 0] [943, 139, 139, 137, 271, 270, 530, 529, 528, 935] Thread-8 11182
T8 [0, 3, 0, 2, 1, 1, 0, 0, 1, 1] [943, 139, 139, 137, 271, 270, 530, 529, 529, 935] Thread-8 11199
T9 [1, 3, 0, 2, 1, 1, 0, 0, 1, 0] [943, 139, 139, 137, 271, 270, 530, 529, 529, 936] Thread-11 11199
T0 [0, 4, 0, 2, 1, 1, 0, 0, 1, 0] [944, 139, 139, 137, 271, 270, 530, 529, 529, 936] Thread-1 11200
T6 [0, 3, 0, 2, 1, 2, 0, 0, 0, 0] [944, 139, 139, 137, 271, 270, 531, 529, 529, 936] Thread-8 11200
T3 [0, 3, 0, 1, 1, 2, 0, 1, 0, 1] [944, 139, 139, 138, 271, 270, 531, 529, 529, 936] Thread-3 11202
T9 [1, 3, 0, 1, 1, 2, 0, 1, 0, 0] [944, 139, 139, 138, 271, 270, 531, 529, 529, 937] Thread-9 11202
T0 [0, 4, 0, 1, 1, 2, 0, 1, 0, 0] [945, 139, 139, 138, 271, 270, 531, 529, 529, 937] Thread-2 11203
T7 [0, 4, 0, 1, 1, 1, 1, 1, 0, 0] [945, 139, 139, 138, 271, 270, 531, 530, 529, 937] Thread-7 11203
T1 [0, 3, 1, 1, 1, 1, 1, 0, 0, 0] [945, 140, 139, 138, 271, 270, 531, 530, 529, 937] Thread-3 11203
T2 [0, 3, 0, 2, 1, 1, 1, 0, 0, 0] [945, 140, 140, 138, 271, 270, 531, 530, 529, 937] Thread-3 11214
T8 [0, 3, 0, 2, 1, 1, 0, 0, 1, 1] [945, 140, 140, 138, 271, 270, 531, 530, 530, 937] Thread-7 11221
T9 [1, 3, 0, 2, 1, 1, 0, 0, 1, 0] [945, 140, 140, 138, 271, 270, 531, 530, 530, 938] Thread-10 11221
T0 [0, 4, 0, 2, 1, 1, 0, 0, 1, 0] [946, 140, 140, 138, 271, 270, 531, 530, 530, 938] Thread-0 11222
T6 [0, 3, 0, 2, 1, 2, 0, 0, 0, 0] [946, 140, 140, 138, 271, 270, 532, 530, 530, 938] Thread-7 11222
T5 [0, 3, 0, 2, 0, 2, 0, 1, 1, 1] [946, 140, 140, 138, 271, 271, 532, 530, 530, 938] Thread-6 11223
T4 [0, 2, 0, 2, 1, 2, 0, 0, 0, 1] [946, 140, 140, 138, 272, 271, 532, 530, 530, 938] Thread-5 11223
T9 [1, 2, 0, 2, 1, 2, 0, 0, 0, 0] [946, 140, 140, 138, 272, 271, 532, 530, 530, 939] Thread-11 11223
T0 [0, 3, 0, 2, 1, 2, 0, 0, 0, 0] [947, 140, 140, 138, 272, 271, 532, 530, 530, 939] Thread-1 11224
T7 [0, 3, 0, 2, 1, 1, 1, 0, 0, 0] [947, 140, 140, 138, 272, 271, 532, 531, 530, 939] Thread-7 11224
T8 [0, 3, 0, 2, 1, 1, 0, 0, 1, 1] [947, 140, 140, 138, 272, 271, 532, 531, 531, 939] Thread-7 11241
T9 [1, 3, 0, 2, 1, 1, 0, 0, 1, 0] [947, 140, 140, 138, 272, 271, 532, 531, 531, 940] Thread-9 11241
T0 [0, 4, 0, 2, 1, 1, 0, 0, 1, 0] [948, 140, 140, 138, 272, 271, 532, 531, 531, 940] Thread-2 11242
T6 [0, 3, 0, 2, 1, 2, 0, 0, 0, 0] [948, 140, 140, 138, 272, 271, 533, 531, 531, 940] Thread-7 11242
T7 [0, 3, 0, 2, 1, 1, 1, 0, 0, 0] [948, 140, 140, 138, 272, 271, 533, 532, 531, 940] Thread-8 11244
T8 [0, 3, 0, 2, 1, 1, 0, 0, 1, 1] [948, 140, 140, 138, 272, 271, 533, 532, 532, 940] Thread-8 11261
T9 [1, 3, 0, 2, 1, 1, 0, 0, 1, 0] [948, 140, 140, 138, 272, 271, 533, 532, 532, 941] Thread-10 11261
T0 [0, 4, 0, 2, 1, 1, 0, 0, 1, 0] [949, 140, 140, 138, 272, 271, 533, 532, 532, 941] Thread-0 11262
T6 [0, 3, 0, 2, 1, 2, 0, 0, 0, 0] [949, 140, 140, 138, 272, 271, 534, 532, 532, 941] Thread-8 11262
T5 [0, 3, 0, 2, 0, 2, 0, 1, 1, 1] [949, 140, 140, 138, 272, 272, 534, 532, 532, 941] Thread-5 11264
T4 [0, 2, 0, 2, 1, 2, 0, 0, 0, 1] [949, 140, 140, 138, 273, 272, 534, 532, 532, 941] Thread-6 11264
T9 [1, 2, 0, 2, 1, 2, 0, 0, 0, 0] [949, 140, 140, 138, 273, 272, 534, 532, 532, 942] Thread-11 11265
T0 [0, 3, 0, 2, 1, 2, 0, 0, 0, 0] [950, 140, 140, 138, 273, 272, 534, 532, 532, 942] Thread-1 11265
T7 [0, 3, 0, 2, 1, 1, 1, 0, 0, 0] [950, 140, 140, 138, 273, 272, 534, 533, 532, 942] Thread-8 11266
T8 [0, 3, 0, 2, 1, 1, 0, 0, 1, 1] [950, 140, 140, 138, 273, 272, 534, 533, 533, 942] Thread-8 11282
T9 [1, 3, 0, 2, 1, 1, 0, 0, 1, 0] [950, 140, 140, 138, 273, 272, 534, 533, 533, 943] Thread-9 11282
T0 [0, 4, 0, 2, 1, 1, 0, 0, 1, 0] [951, 140, 140, 138, 273, 272, 534, 533, 533, 943] Thread-2 11283
T6 [0, 3, 0, 2, 1, 2, 0, 0, 0, 0] [951, 140, 140, 138, 273, 272, 535, 533, 533, 943] Thread-8 11283
T3 [0, 3, 0, 1, 1, 2, 0, 1, 0, 1] [951, 140, 140, 139, 273, 272, 535, 533, 533, 943] Thread-3 11283
T9 [1, 3, 0, 1, 1, 2, 0, 1, 0, 0] [951, 140, 140, 139, 273, 272, 535, 533, 533, 944] Thread-10 11284
T0 [0, 4, 0, 1, 1, 2, 0, 1, 0, 0] [952, 140, 140, 139, 273, 272, 535, 533, 533, 944] Thread-0 11284
T1 [0, 3, 1, 1, 1, 2, 0, 0, 0, 0] [952, 141, 140, 139, 273, 272, 535, 533, 533, 944] Thread-3 11284
T7 [0, 3, 1, 1, 1, 1, 1, 0, 0, 0] [952, 141, 140, 139, 273, 272, 535, 534, 533, 944] Thread-7 11285
T2 [0, 3, 0, 2, 1, 1, 1, 0, 0, 0] [952, 141, 141, 139, 273, 272, 535, 534, 533, 944] Thread-3 11296
T8 [0, 3, 0, 2, 1, 1, 0, 0, 1, 1] [952, 141, 141, 139, 273, 272, 535, 534, 534, 944] Thread-7 11302
T9 [1, 3, 0, 2, 1, 1, 0, 0, 1, 0] [952, 141, 141, 139, 273, 272, 535, 534, 534, 945] Thread-11 11302
T0 [0, 4, 0, 2, 1, 1, 0, 0, 1, 0] [953, 141, 141, 139, 273, 272, 535, 534, 534, 945] Thread-1 11303
T6 [0, 3, 0, 2, 1, 2, 0, 0, 0, 0] [953, 141, 141, 139, 273, 272, 536, 534, 534, 945] Thread-7 11303
T5 [0, 3, 0, 2, 0, 2, 0, 1, 1, 1] [953, 141, 141, 139, 273, 273, 536, 534, 534, 945] Thread-6 11305
T4 [0, 2, 0, 2, 1, 2, 0, 0, 0, 1] [953, 141, 141, 139, 274, 273, 536, 534, 534, 945] Thread-5 11305
T9 [1, 2, 0, 2, 1, 2, 0, 0, 0, 0] [953, 141, 141, 139, 274, 273, 536, 534, 534, 946] Thread-9 11305
T0 [0, 3, 0, 2, 1, 2, 0, 0, 0, 0] [954, 141, 141, 139, 274, 273, 536, 534, 534, 946] Thread-2 11306
T7 [0, 3, 0, 2, 1, 1, 1, 0, 0, 0] [954, 141, 141, 139, 274, 273, 536, 535, 534, 946] Thread-7 11306
T8 [0, 3, 0, 2, 1, 1, 0, 0, 1, 1] [954, 141, 141, 139, 274, 273, 536, 535, 535, 946] Thread-7 11323
T9 [1, 3, 0, 2, 1, 1, 0, 0, 1, 0] [954, 141, 141, 139, 274, 273, 536, 535, 535, 947] Thread-10 11323
T0 [0, 4, 0, 2, 1, 1, 0, 0, 1, 0] [955, 141, 141, 139, 274, 273, 536, 535, 535, 947] Thread-0 11324
T6 [0, 3, 0, 2, 1, 2, 0, 0, 0, 0] [955, 141, 141, 139, 274, 273, 537, 535, 535, 947] Thread-7 11324
T7 [0, 3, 0, 2, 1, 1, 1, 0, 0, 0] [955, 141, 141, 139, 274, 273, 537, 536, 535, 947] Thread-8 11327
T8 [0, 3, 0, 2, 1, 1, 0, 0, 1, 1] [955, 141, 141, 139, 274, 273, 537, 536, 536, 947] Thread-8 11345
T9 [1, 3, 0, 2, 1, 1, 0, 0, 1, 0] [955, 141, 141, 139, 274, 273, 537, 536, 536, 948] Thread-11 11345
T0 [0, 4, 0, 2, 1, 1, 0, 0, 1, 0] [956, 141, 141, 139, 274, 273, 537, 536, 536, 948] Thread-1 11346
T6 [0, 3, 0, 2, 1, 2, 0, 0, 0, 0] [956, 141, 141, 139, 274, 273, 538, 536, 536, 948] Thread-8 11346
T5 [0, 3, 0, 2, 0, 2, 0, 1, 1, 1] [956, 141, 141, 139, 274, 274, 538, 536, 536, 948] Thread-5 11347
T4 [0, 2, 0, 2, 1, 2, 0, 0, 0, 1] [956, 141, 141, 139, 275, 274, 538, 536, 536, 948] Thread-6 11347
T9 [1, 2, 0, 2, 1, 2, 0, 0, 0, 0] [956, 141, 141, 139, 275, 274, 538, 536, 536, 949] Thread-9 11348
T0 [0, 3, 0, 2, 1, 2, 0, 0, 0, 0] [957, 141, 141, 139, 275, 274, 538, 536, 536, 949] Thread-2 11348
T7 [0, 3, 0, 2, 1, 1, 1, 0, 0, 0] [957, 141, 141, 139, 275, 274, 538, 537, 536, 949] Thread-8 11348
T3 [0, 3, 0, 1, 1, 1, 1, 1, 0, 1] [957, 141, 141, 140, 275, 274, 538, 537, 536, 949] Thread-3 11364
T9 [1, 3, 0, 1, 1, 1, 1, 1, 0, 0] [957, 141, 141, 140, 275, 274, 538, 537, 536, 950] Thread-10 11364
T0 [0, 4, 0, 1, 1, 1, 1, 1, 0, 0] [958, 141, 141, 140, 275, 274, 538, 537, 536, 950] Thread-0 11365
T1 [0, 3, 1, 1, 1, 1, 1, 0, 0, 0] [958, 142, 141, 140, 275, 274, 538, 537, 536, 950] Thread-3 11365
T8 [0, 3, 1, 1, 1, 1, 0, 0, 1, 1] [958, 142, 141, 140, 275, 274, 538, 537, 537, 950] Thread-8 11365
T9 [1, 3, 1, 1, 1, 1, 0, 0, 1, 0] [958, 142, 141, 140, 275, 274, 538, 537, 537, 951] Thread-11 11365
T0 [0, 4, 1, 1, 1, 1, 0, 0, 1, 0] [959, 142, 141, 140, 275, 274, 538, 537, 537, 951] Thread-1 11366
T6 [0, 3, 1, 1, 1, 2, 0, 0, 0, 0] [959, 142, 141, 140, 275, 274, 539, 537, 537, 951] Thread-8 11366
T7 [0, 3, 1, 1, 1, 1, 1, 0, 0, 0] [959, 142, 141, 140, 275, 274, 539, 538, 537, 951] Thread-7 11368
T2 [0, 3, 0, 2, 1, 1, 1, 0, 0, 0] [959, 142, 142, 140, 275, 274, 539, 538, 537, 951] Thread-3 11376
T8 [0, 3, 0, 2, 1, 1, 0, 0, 1, 1] [959, 142, 142, 140, 275, 274, 539, 538, 538, 951] Thread-7 11385
T9 [1, 3, 0, 2, 1, 1, 0, 0, 1, 0] [959, 142, 142, 140, 275, 274, 539, 538, 538, 952] Thread-9 11385
T0 [0, 4, 0, 2, 1, 1, 0, 0, 1, 0] [960, 142, 142, 140, 275, 274, 539, 538, 538, 952] Thread-2 11387
T6 [0, 3, 0, 2, 1, 2, 0, 0, 0, 0] [960, 142, 142, 140, 275, 274, 540, 538, 538, 952] Thread-7 11387
T5 [0, 3, 0, 2, 0, 2, 0, 1, 1, 1] [960, 142, 142, 140, 275, 275, 540, 538, 538, 952] Thread-6 11388
T4 [0, 2, 0, 2, 1, 2, 0, 0, 0, 1] [960, 142, 142, 140, 276, 275, 540, 538, 538, 952] Thread-5 11388
T9 [1, 2, 0, 2, 1, 2, 0, 0, 0, 0] [960, 142, 142, 140, 276, 275, 540, 538, 538, 953] Thread-10 11389
T0 [0, 3, 0, 2, 1, 2, 0, 0, 0, 0] [961, 142, 142, 140, 276, 275, 540, 538, 538, 953] Thread-0 11389
T7 [0, 3, 0, 2, 1, 1, 1, 0, 0, 0] [961, 142, 142, 140, 276, 275, 540, 539, 538, 953] Thread-7 11389
T8 [0, 3, 0, 2, 1, 1, 0, 0, 1, 1] [961, 142, 142, 140, 276, 275, 540, 539, 539, 953] Thread-7 11405
T9 [1, 3, 0, 2, 1, 1, 0, 0, 1, 0] [961, 142, 142, 140, 276, 275, 540, 539, 539, 954] Thread-11 11405
T0 [0, 4, 0, 2, 1, 1, 0, 0, 1, 0] [962, 142, 142, 140, 276, 275, 540, 539, 539, 954] Thread-1 11406
T6 [0, 3, 0, 2, 1, 2, 0, 0, 0, 0] [962, 142, 142, 140, 276, 275, 541, 539, 539, 954] Thread-7 11406
T7 [0, 3, 0, 2, 1, 1, 1, 0, 0, 0] [962, 142, 142, 140, 276, 275, 541, 540, 539, 954] Thread-7 11410
T8 [0, 3, 0, 2, 1, 1, 0, 0, 1, 1] [962, 142, 142, 140, 276, 275, 541, 540, 540, 954] Thread-7 11427
T9 [1, 3, 0, 2, 1, 1, 0, 0, 1, 0] [962, 142, 142, 140, 276, 275, 541, 540, 540, 955] Thread-9 11427
T0 [0, 4, 0, 2, 1, 1, 0, 0, 1, 0] [963, 142, 142, 140, 276, 275, 541, 540, 540, 955] Thread-2 11427
T6 [0, 3, 0, 2, 1, 2, 0, 0, 0, 0] [963, 142, 142, 140, 276, 275, 542, 540, 540, 955] Thread-7 11428
T5 [0, 3, 0, 2, 0, 2, 0, 1, 1, 1] [963, 142, 142, 140, 276, 276, 542, 540, 540, 955] Thread-5 11428
T4 [0, 2, 0, 2, 1, 2, 0, 0, 0, 1] [963, 142, 142, 140, 277, 276, 542, 540, 540, 955] Thread-6 11429
T9 [1, 2, 0, 2, 1, 2, 0, 0, 0, 0] [963, 142, 142, 140, 277, 276, 542, 540, 540, 956] Thread-10 11429
T0 [0, 3, 0, 2, 1, 2, 0, 0, 0, 0] [964, 142, 142, 140, 277, 276, 542, 540, 540, 956] Thread-0 11429
T7 [0, 3, 0, 2, 1, 1, 1, 0, 0, 0] [964, 142, 142, 140, 277, 276, 542, 541, 540, 956] Thread-7 11431
T3 [0, 3, 0, 1, 1, 1, 1, 1, 0, 1] [964, 142, 142, 141, 277, 276, 542, 541, 540, 956] Thread-4 11445
T9 [1, 3, 0, 1, 1, 1, 1, 1, 0, 0] [964, 142, 142, 141, 277, 276, 542, 541, 540, 957] Thread-11 11445
T0 [0, 4, 0, 1, 1, 1, 1, 1, 0, 0] [965, 142, 142, 141, 277, 276, 542, 541, 540, 957] Thread-1 11446
T1 [0, 3, 1, 1, 1, 1, 1, 0, 0, 0] [965, 143, 142, 141, 277, 276, 542, 541, 540, 957] Thread-4 11446
T8 [0, 3, 1, 1, 1, 1, 0, 0, 1, 1] [965, 143, 142, 141, 277, 276, 542, 541, 541, 957] Thread-7 11449
T9 [1, 3, 1, 1, 1, 1, 0, 0, 1, 0] [965, 143, 142, 141, 277, 276, 542, 541, 541, 958] Thread-9 11449
T0 [0, 4, 1, 1, 1, 1, 0, 0, 1, 0] [966, 143, 142, 141, 277, 276, 542, 541, 541, 958] Thread-2 11450
T6 [0, 3, 1, 1, 1, 2, 0, 0, 0, 0] [966, 143, 142, 141, 277, 276, 543, 541, 541, 958] Thread-7 11450
T7 [0, 3, 1, 1, 1, 1, 1, 0, 0, 0] [966, 143, 142, 141, 277, 276, 543, 542, 541, 958] Thread-7 11452
T2 [0, 3, 0, 2, 1, 1, 1, 0, 0, 0] [966, 143, 143, 141, 277, 276, 543, 542, 541, 958] Thread-4 11457
T8 [0, 3, 0, 2, 1, 1, 0, 0, 1, 1] [966, 143, 143, 141, 277, 276, 543, 542, 542, 958] Thread-7 11469
T9 [1, 3, 0, 2, 1, 1, 0, 0, 1, 0] [966, 143, 143, 141, 277, 276, 543, 542, 542, 959] Thread-10 11469
T0 [0, 4, 0, 2, 1, 1, 0, 0, 1, 0] [967, 143, 143, 141, 277, 276, 543, 542, 542, 959] Thread-0 11470
T6 [0, 3, 0, 2, 1, 2, 0, 0, 0, 0] [967, 143, 143, 141, 277, 276, 544, 542, 542, 959] Thread-7 11470
T5 [0, 3, 0, 2, 0, 2, 0, 1, 1, 1] [967, 143, 143, 141, 277, 277, 544, 542, 542, 959] Thread-6 11470
T4 [0, 2, 0, 2, 1, 2, 0, 0, 0, 1] [967, 143, 143, 141, 278, 277, 544, 542, 542, 959] Thread-5 11471
T9 [1, 2, 0, 2, 1, 2, 0, 0, 0, 0] [967, 143, 143, 141, 278, 277, 544, 542, 542, 960] Thread-11 11471
T0 [0, 3, 0, 2, 1, 2, 0, 0, 0, 0] [968, 143, 143, 141, 278, 277, 544, 542, 542, 960] Thread-1 11472
T7 [0, 3, 0, 2, 1, 1, 1, 0, 0, 0] [968, 143, 143, 141, 278, 277, 544, 543, 542, 960] Thread-7 11472
T8 [0, 3, 0, 2, 1, 1, 0, 0, 1, 1] [968, 143, 143, 141, 278, 277, 544, 543, 543, 960] Thread-7 11489
T9 [1, 3, 0, 2, 1, 1, 0, 0, 1, 0] [968, 143, 143, 141, 278, 277, 544, 543, 543, 961] Thread-9 11489
T0 [0, 4, 0, 2, 1, 1, 0, 0, 1, 0] [969, 143, 143, 141, 278, 277, 544, 543, 543, 961] Thread-2 11490
T6 [0, 3, 0, 2, 1, 2, 0, 0, 0, 0] [969, 143, 143, 141, 278, 277, 545, 543, 543, 961] Thread-7 11490
T7 [0, 3, 0, 2, 1, 1, 1, 0, 0, 0] [969, 143, 143, 141, 278, 277, 545, 544, 543, 961] Thread-8 11493
T8 [0, 3, 0, 2, 1, 1, 0, 0, 1, 1] [969, 143, 143, 141, 278, 277, 545, 544, 544, 961] Thread-8 11510
T9 [1, 3, 0, 2, 1, 1, 0, 0, 1, 0] [969, 143, 143, 141, 278, 277, 545, 544, 544, 962] Thread-10 11510
T0 [0, 4, 0, 2, 1, 1, 0, 0, 1, 0] [970, 143, 143, 141, 278, 277, 545, 544, 544, 962] Thread-0 11511
T6 [0, 3, 0, 2, 1, 2, 0, 0, 0, 0] [970, 143, 143, 141, 278, 277, 546, 544, 544, 962] Thread-8 11511
T5 [0, 3, 0, 2, 0, 2, 0, 1, 1, 1] [970, 143, 143, 141, 278, 278, 546, 544, 544, 962] Thread-5 11512
T4 [0, 2, 0, 2, 1, 2, 0, 0, 0, 1] [970, 143, 143, 141, 279, 278, 546, 544, 544, 962] Thread-6 11512
T9 [1, 2, 0, 2, 1, 2, 0, 0, 0, 0] [970, 143, 143, 141, 279, 278, 546, 544, 544, 963] Thread-11 11512
T0 [0, 3, 0, 2, 1, 2, 0, 0, 0, 0] [971, 143, 143, 141, 279, 278, 546, 544, 544, 963] Thread-1 11513
T7 [0, 3, 0, 2, 1, 1, 1, 0, 0, 0] [971, 143, 143, 141, 279, 278, 546, 545, 544, 963] Thread-8 11513
T3 [0, 3, 0, 1, 1, 1, 1, 1, 0, 1] [971, 143, 143, 142, 279, 278, 546, 545, 544, 963] Thread-3 11525
T9 [1, 3, 0, 1, 1, 1, 1, 1, 0, 0] [971, 143, 143, 142, 279, 278, 546, 545, 544, 964] Thread-9 11525
T0 [0, 4, 0, 1, 1, 1, 1, 1, 0, 0] [972, 143, 143, 142, 279, 278, 546, 545, 544, 964] Thread-2 11527
T1 [0, 3, 1, 1, 1, 1, 1, 0, 0, 0] [972, 144, 143, 142, 279, 278, 546, 545, 544, 964] Thread-3 11527
T8 [0, 3, 1, 1, 1, 1, 0, 0, 1, 1] [972, 144, 143, 142, 279, 278, 546, 545, 545, 964] Thread-8 11530
T9 [1, 3, 1, 1, 1, 1, 0, 0, 1, 0] [972, 144, 143, 142, 279, 278, 546, 545, 545, 965] Thread-10 11530
T0 [0, 4, 1, 1, 1, 1, 0, 0, 1, 0] [973, 144, 143, 142, 279, 278, 546, 545, 545, 965] Thread-0 11531
T6 [0, 3, 1, 1, 1, 2, 0, 0, 0, 0] [973, 144, 143, 142, 279, 278, 547, 545, 545, 965] Thread-8 11531
T7 [0, 3, 1, 1, 1, 1, 1, 0, 0, 0] [973, 144, 143, 142, 279, 278, 547, 546, 545, 965] Thread-7 11534
T2 [0, 3, 0, 2, 1, 1, 1, 0, 0, 0] [973, 144, 144, 142, 279, 278, 547, 546, 545, 965] Thread-3 11538
T8 [0, 3, 0, 2, 1, 1, 0, 0, 1, 1] [973, 144, 144, 142, 279, 278, 547, 546, 546, 965] Thread-7 11551
T9 [1, 3, 0, 2, 1, 1, 0, 0, 1, 0] [973, 144, 144, 142, 279, 278, 547, 546, 546, 966] Thread-11 11551
T0 [0, 4, 0, 2, 1, 1, 0, 0, 1, 0] [974, 144, 144, 142, 279, 278, 547, 546, 546, 966] Thread-1 11552
T6 [0, 3, 0, 2, 1, 2, 0, 0, 0, 0] [974, 144, 144, 142, 279, 278, 548, 546, 546, 966] Thread-7 11552
T5 [0, 3, 0, 2, 0, 2, 0, 1, 1, 1] [974, 144, 144, 142, 279, 279, 548, 546, 546, 966] Thread-6 11553
T4 [0, 2, 0, 2, 1, 2, 0, 0, 0, 1] [974, 144, 144, 142, 280, 279, 548, 546, 546, 966] Thread-5 11553
T9 [1, 2, 0, 2, 1, 2, 0, 0, 0, 0] [974, 144, 144, 142, 280, 279, 548, 546, 546, 967] Thread-9 11554
T0 [0, 3, 0, 2, 1, 2, 0, 0, 0, 0] [975, 144, 144, 142, 280, 279, 548, 546, 546, 967] Thread-2 11554
T7 [0, 3, 0, 2, 1, 1, 1, 0, 0, 0] [975, 144, 144, 142, 280, 279, 548, 547, 546, 967] Thread-8 11555
T8 [0, 3, 0, 2, 1, 1, 0, 0, 1, 1] [975, 144, 144, 142, 280, 279, 548, 547, 547, 967] Thread-8 11573
T9 [1, 3, 0, 2, 1, 1, 0, 0, 1, 0] [975, 144, 144, 142, 280, 279, 548, 547, 547, 968] Thread-10 11573
T0 [0, 4, 0, 2, 1, 1, 0, 0, 1, 0] [976, 144, 144, 142, 280, 279, 548, 547, 547, 968] Thread-0 11574
T6 [0, 3, 0, 2, 1, 2, 0, 0, 0, 0] [976, 144, 144, 142, 280, 279, 549, 547, 547, 968] Thread-8 11574
T7 [0, 3, 0, 2, 1, 1, 1, 0, 0, 0] [976, 144, 144, 142, 280, 279, 549, 548, 547, 968] Thread-7 11576
T8 [0, 3, 0, 2, 1, 1, 0, 0, 1, 1] [976, 144, 144, 142, 280, 279, 549, 548, 548, 968] Thread-7 11593
T9 [1, 3, 0, 2, 1, 1, 0, 0, 1, 0] [976, 144, 144, 142, 280, 279, 549, 548, 548, 969] Thread-11 11593
T0 [0, 4, 0, 2, 1, 1, 0, 0, 1, 0] [977, 144, 144, 142, 280, 279, 549, 548, 548, 969] Thread-1 11594
T6 [0, 3, 0, 2, 1, 2, 0, 0, 0, 0] [977, 144, 144, 142, 280, 279, 550, 548, 548, 969] Thread-7 11594
T5 [0, 3, 0, 2, 0, 2, 0, 1, 1, 1] [977, 144, 144, 142, 280, 280, 550, 548, 548, 969] Thread-5 11595
T4 [0, 2, 0, 2, 1, 2, 0, 0, 0, 1] [977, 144, 144, 142, 281, 280, 550, 548, 548, 969] Thread-6 11595
T9 [1, 2, 0, 2, 1, 2, 0, 0, 0, 0] [977, 144, 144, 142, 281, 280, 550, 548, 548, 970] Thread-9 11596
T0 [0, 3, 0, 2, 1, 2, 0, 0, 0, 0] [978, 144, 144, 142, 281, 280, 550, 548, 548, 970] Thread-2 11596
T7 [0, 3, 0, 2, 1, 1, 1, 0, 0, 0] [978, 144, 144, 142, 281, 280, 550, 549, 548, 970] Thread-7 11596
T3 [0, 3, 0, 1, 1, 1, 1, 1, 0, 1] [978, 144, 144, 143, 281, 280, 550, 549, 548, 970] Thread-3 11606
T9 [1, 3, 0, 1, 1, 1, 1, 1, 0, 0] [978, 144, 144, 143, 281, 280, 550, 549, 548, 971] Thread-10 11606
T0 [0, 4, 0, 1, 1, 1, 1, 1, 0, 0] [979, 144, 144, 143, 281, 280, 550, 549, 548, 971] Thread-0 11607
T1 [0, 3, 1, 1, 1, 1, 1, 0, 0, 0] [979, 145, 144, 143, 281, 280, 550, 549, 548, 971] Thread-3 11607
T8 [0, 3, 1, 1, 1, 1, 0, 0, 1, 1] [979, 145, 144, 143, 281, 280, 550, 549, 549, 971] Thread-7 11613
T9 [1, 3, 1, 1, 1, 1, 0, 0, 1, 0] [979, 145, 144, 143, 281, 280, 550, 549, 549, 972] Thread-11 11613
T0 [0, 4, 1, 1, 1, 1, 0, 0, 1, 0] [980, 145, 144, 143, 281, 280, 550, 549, 549, 972] Thread-1 11613
T6 [0, 3, 1, 1, 1, 2, 0, 0, 0, 0] [980, 145, 144, 143, 281, 280, 551, 549, 549, 972] Thread-7 11615
T7 [0, 3, 1, 1, 1, 1, 1, 0, 0, 0] [980, 145, 144, 143, 281, 280, 551, 550, 549, 972] Thread-7 11616
T2 [0, 3, 0, 2, 1, 1, 1, 0, 0, 0] [980, 145, 145, 143, 281, 280, 551, 550, 549, 972] Thread-3 11618
T8 [0, 3, 0, 2, 1, 1, 0, 0, 1, 1] [980, 145, 145, 143, 281, 280, 551, 550, 550, 972] Thread-7 11633
T9 [1, 3, 0, 2, 1, 1, 0, 0, 1, 0] [980, 145, 145, 143, 281, 280, 551, 550, 550, 973] Thread-9 11633
T0 [0, 4, 0, 2, 1, 1, 0, 0, 1, 0] [981, 145, 145, 143, 281, 280, 551, 550, 550, 973] Thread-2 11634
T6 [0, 3, 0, 2, 1, 2, 0, 0, 0, 0] [981, 145, 145, 143, 281, 280, 552, 550, 550, 973] Thread-7 11634
T5 [0, 3, 0, 2, 0, 2, 0, 1, 1, 1] [981, 145, 145, 143, 281, 281, 552, 550, 550, 973] Thread-6 11635
T4 [0, 2, 0, 2, 1, 2, 0, 0, 0, 1] [981, 145, 145, 143, 282, 281, 552, 550, 550, 973] Thread-5 11635
T9 [1, 2, 0, 2, 1, 2, 0, 0, 0, 0] [981, 145, 145, 143, 282, 281, 552, 550, 550, 974] Thread-10 11636
T0 [0, 3, 0, 2, 1, 2, 0, 0, 0, 0] [982, 145, 145, 143, 282, 281, 552, 550, 550, 974] Thread-0 11636
T7 [0, 3, 0, 2, 1, 1, 1, 0, 0, 0] [982, 145, 145, 143, 282, 281, 552, 551, 550, 974] Thread-7 11637
T8 [0, 3, 0, 2, 1, 1, 0, 0, 1, 1] [982, 145, 145, 143, 282, 281, 552, 551, 551, 974] Thread-7 11654
T9 [1, 3, 0, 2, 1, 1, 0, 0, 1, 0] [982, 145, 145, 143, 282, 281, 552, 551, 551, 975] Thread-11 11654
T0 [0, 4, 0, 2, 1, 1, 0, 0, 1, 0] [983, 145, 145, 143, 282, 281, 552, 551, 551, 975] Thread-1 11655
T6 [0, 3, 0, 2, 1, 2, 0, 0, 0, 0] [983, 145, 145, 143, 282, 281, 553, 551, 551, 975] Thread-7 11655
T7 [0, 3, 0, 2, 1, 1, 1, 0, 0, 0] [983, 145, 145, 143, 282, 281, 553, 552, 551, 975] Thread-7 11658
T8 [0, 3, 0, 2, 1, 1, 0, 0, 1, 1] [983, 145, 145, 143, 282, 281, 553, 552, 552, 975] Thread-7 11675
T9 [1, 3, 0, 2, 1, 1, 0, 0, 1, 0] [983, 145, 145, 143, 282, 281, 553, 552, 552, 976] Thread-9 11676
T0 [0, 4, 0, 2, 1, 1, 0, 0, 1, 0] [984, 145, 145, 143, 282, 281, 553, 552, 552, 976] Thread-2 11676
T6 [0, 3, 0, 2, 1, 2, 0, 0, 0, 0] [984, 145, 145, 143, 282, 281, 554, 552, 552, 976] Thread-7 11676
T5 [0, 3, 0, 2, 0, 2, 0, 1, 1, 1] [984, 145, 145, 143, 282, 282, 554, 552, 552, 976] Thread-5 11677
T4 [0, 2, 0, 2, 1, 2, 0, 0, 0, 1] [984, 145, 145, 143, 283, 282, 554, 552, 552, 976] Thread-6 11677
T9 [1, 2, 0, 2, 1, 2, 0, 0, 0, 0] [984, 145, 145, 143, 283, 282, 554, 552, 552, 977] Thread-10 11677
T0 [0, 3, 0, 2, 1, 2, 0, 0, 0, 0] [985, 145, 145, 143, 283, 282, 554, 552, 552, 977] Thread-0 11678
T7 [0, 3, 0, 2, 1, 1, 1, 0, 0, 0] [985, 145, 145, 143, 283, 282, 554, 553, 552, 977] Thread-7 11678
T3 [0, 3, 0, 1, 1, 1, 1, 1, 0, 1] [985, 145, 145, 144, 283, 282, 554, 553, 552, 977] Thread-4 11687
T9 [1, 3, 0, 1, 1, 1, 1, 1, 0, 0] [985, 145, 145, 144, 283, 282, 554, 553, 552, 978] Thread-11 11687
T0 [0, 4, 0, 1, 1, 1, 1, 1, 0, 0] [986, 145, 145, 144, 283, 282, 554, 553, 552, 978] Thread-1 11688
T1 [0, 3, 1, 1, 1, 1, 1, 0, 0, 0] [986, 146, 145, 144, 283, 282, 554, 553, 552, 978] Thread-4 11688
T8 [0, 3, 1, 1, 1, 1, 0, 0, 1, 1] [986, 146, 145, 144, 283, 282, 554, 553, 553, 978] Thread-7 11696
T9 [1, 3, 1, 1, 1, 1, 0, 0, 1, 0] [986, 146, 145, 144, 283, 282, 554, 553, 553, 979] Thread-9 11696
T0 [0, 4, 1, 1, 1, 1, 0, 0, 1, 0] [987, 146, 145, 144, 283, 282, 554, 553, 553, 979] Thread-2 11697
T6 [0, 3, 1, 1, 1, 2, 0, 0, 0, 0] [987, 146, 145, 144, 283, 282, 555, 553, 553, 979] Thread-7 11697
T7 [0, 3, 1, 1, 1, 1, 1, 0, 0, 0] [987, 146, 145, 144, 283, 282, 555, 554, 553, 979] Thread-7 11699
T2 [0, 3, 0, 2, 1, 1, 1, 0, 0, 0] [987, 146, 146, 144, 283, 282, 555, 554, 553, 979] Thread-4 11699
T8 [0, 3, 0, 2, 1, 1, 0, 0, 1, 1] [987, 146, 146, 144, 283, 282, 555, 554, 554, 979] Thread-7 11716
T9 [1, 3, 0, 2, 1, 1, 0, 0, 1, 0] [987, 146, 146, 144, 283, 282, 555, 554, 554, 980] Thread-10 11716
T0 [0, 4, 0, 2, 1, 1, 0, 0, 1, 0] [988, 146, 146, 144, 283, 282, 555, 554, 554, 980] Thread-0 11716
T6 [0, 3, 0, 2, 1, 2, 0, 0, 0, 0] [988, 146, 146, 144, 283, 282, 556, 554, 554, 980] Thread-7 11717
T5 [0, 3, 0, 2, 0, 2, 0, 1, 1, 1] [988, 146, 146, 144, 283, 283, 556, 554, 554, 980] Thread-6 11718
T4 [0, 2, 0, 2, 1, 2, 0, 0, 0, 1] [988, 146, 146, 144, 284, 283, 556, 554, 554, 980] Thread-5 11718
T9 [1, 2, 0, 2, 1, 2, 0, 0, 0, 0] [988, 146, 146, 144, 284, 283, 556, 554, 554, 981] Thread-11 11719
T0 [0, 3, 0, 2, 1, 2, 0, 0, 0, 0] [989, 146, 146, 144, 284, 283, 556, 554, 554, 981] Thread-1 11719
T7 [0, 3, 0, 2, 1, 1, 1, 0, 0, 0] [989, 146, 146, 144, 284, 283, 556, 555, 554, 981] Thread-8 11720
T8 [0, 3, 0, 2, 1, 1, 0, 0, 1, 1] [989, 146, 146, 144, 284, 283, 556, 555, 555, 981] Thread-8 11739
T9 [1, 3, 0, 2, 1, 1, 0, 0, 1, 0] [989, 146, 146, 144, 284, 283, 556, 555, 555, 982] Thread-9 11739
T0 [0, 4, 0, 2, 1, 1, 0, 0, 1, 0] [990, 146, 146, 144, 284, 283, 556, 555, 555, 982] Thread-2 11740
T6 [0, 3, 0, 2, 1, 2, 0, 0, 0, 0] [990, 146, 146, 144, 284, 283, 557, 555, 555, 982] Thread-8 11740
T7 [0, 3, 0, 2, 1, 1, 1, 0, 0, 0] [990, 146, 146, 144, 284, 283, 557, 556, 555, 982] Thread-8 11741
T8 [0, 3, 0, 2, 1, 1, 0, 0, 1, 1] [990, 146, 146, 144, 284, 283, 557, 556, 556, 982] Thread-8 11757
T9 [1, 3, 0, 2, 1, 1, 0, 0, 1, 0] [990, 146, 146, 144, 284, 283, 557, 556, 556, 983] Thread-10 11757
T0 [0, 4, 0, 2, 1, 1, 0, 0, 1, 0] [991, 146, 146, 144, 284, 283, 557, 556, 556, 983] Thread-0 11758
T6 [0, 3, 0, 2, 1, 2, 0, 0, 0, 0] [991, 146, 146, 144, 284, 283, 558, 556, 556, 983] Thread-8 11758
T5 [0, 3, 0, 2, 0, 2, 0, 1, 1, 1] [991, 146, 146, 144, 284, 284, 558, 556, 556, 983] Thread-5 11759
T4 [0, 2, 0, 2, 1, 2, 0, 0, 0, 1] [991, 146, 146, 144, 285, 284, 558, 556, 556, 983] Thread-6 11759
T9 [1, 2, 0, 2, 1, 2, 0, 0, 0, 0] [991, 146, 146, 144, 285, 284, 558, 556, 556, 984] Thread-11 11760
T0 [0, 3, 0, 2, 1, 2, 0, 0, 0, 0] [992, 146, 146, 144, 285, 284, 558, 556, 556, 984] Thread-1 11761
T7 [0, 3, 0, 2, 1, 1, 1, 0, 0, 0] [992, 146, 146, 144, 285, 284, 558, 557, 556, 984] Thread-7 11761
T3 [0, 3, 0, 1, 1, 1, 1, 1, 0, 1] [992, 146, 146, 145, 285, 284, 558, 557, 556, 984] Thread-4 11768
T9 [1, 3, 0, 1, 1, 1, 1, 1, 0, 0] [992, 146, 146, 145, 285, 284, 558, 557, 556, 985] Thread-9 11768
T0 [0, 4, 0, 1, 1, 1, 1, 1, 0, 0] [993, 146, 146, 145, 285, 284, 558, 557, 556, 985] Thread-2 11769
T1 [0, 3, 1, 1, 1, 1, 1, 0, 0, 0] [993, 147, 146, 145, 285, 284, 558, 557, 556, 985] Thread-4 11769
T8 [0, 3, 1, 1, 1, 1, 0, 0, 1, 1] [993, 147, 146, 145, 285, 284, 558, 557, 557, 985] Thread-7 11779
T9 [1, 3, 1, 1, 1, 1, 0, 0, 1, 0] [993, 147, 146, 145, 285, 284, 558, 557, 557, 986] Thread-10 11779
T0 [0, 4, 1, 1, 1, 1, 0, 0, 1, 0] [994, 147, 146, 145, 285, 284, 558, 557, 557, 986] Thread-0 11780
T6 [0, 3, 1, 1, 1, 2, 0, 0, 0, 0] [994, 147, 146, 145, 285, 284, 559, 557, 557, 986] Thread-7 11780
T2 [0, 3, 0, 2, 1, 2, 0, 0, 0, 0] [994, 147, 147, 145, 285, 284, 559, 557, 557, 986] Thread-4 11782
T7 [0, 3, 0, 2, 1, 1, 1, 0, 0, 0] [994, 147, 147, 145, 285, 284, 559, 558, 557, 986] Thread-7 11782
T8 [0, 3, 0, 2, 1, 1, 0, 0, 1, 1] [994, 147, 147, 145, 285, 284, 559, 558, 558, 986] Thread-7 11799
T9 [1, 3, 0, 2, 1, 1, 0, 0, 1, 0] [994, 147, 147, 145, 285, 284, 559, 558, 558, 987] Thread-11 11799
T0 [0, 4, 0, 2, 1, 1, 0, 0, 1, 0] [995, 147, 147, 145, 285, 284, 559, 558, 558, 987] Thread-1 11800
T6 [0, 3, 0, 2, 1, 2, 0, 0, 0, 0] [995, 147, 147, 145, 285, 284, 560, 558, 558, 987] Thread-7 11800
T5 [0, 3, 0, 2, 0, 2, 0, 1, 1, 1] [995, 147, 147, 145, 285, 285, 560, 558, 558, 987] Thread-6 11801
T4 [0, 2, 0, 2, 1, 2, 0, 0, 0, 1] [995, 147, 147, 145, 286, 285, 560, 558, 558, 987] Thread-5 11801
T9 [1, 2, 0, 2, 1, 2, 0, 0, 0, 0] [995, 147, 147, 145, 286, 285, 560, 558, 558, 988] Thread-9 11802
T0 [0, 3, 0, 2, 1, 2, 0, 0, 0, 0] [996, 147, 147, 145, 286, 285, 560, 558, 558, 988] Thread-2 11802
T7 [0, 3, 0, 2, 1, 1, 1, 0, 0, 0] [996, 147, 147, 145, 286, 285, 560, 559, 558, 988] Thread-7 11802
T8 [0, 3, 0, 2, 1, 1, 0, 0, 1, 1] [996, 147, 147, 145, 286, 285, 560, 559, 559, 988] Thread-7 11819
T9 [1, 3, 0, 2, 1, 1, 0, 0, 1, 0] [996, 147, 147, 145, 286, 285, 560, 559, 559, 989] Thread-10 11819
T0 [0, 4, 0, 2, 1, 1, 0, 0, 1, 0] [997, 147, 147, 145, 286, 285, 560, 559, 559, 989] Thread-0 11820
T6 [0, 3, 0, 2, 1, 2, 0, 0, 0, 0] [997, 147, 147, 145, 286, 285, 561, 559, 559, 989] Thread-7 11820
T7 [0, 3, 0, 2, 1, 1, 1, 0, 0, 0] [997, 147, 147, 145, 286, 285, 561, 560, 559, 989] Thread-7 11823
T8 [0, 3, 0, 2, 1, 1, 0, 0, 1, 1] [997, 147, 147, 145, 286, 285, 561, 560, 560, 989] Thread-7 11840
T9 [1, 3, 0, 2, 1, 1, 0, 0, 1, 0] [997, 147, 147, 145, 286, 285, 561, 560, 560, 990] Thread-11 11840
T0 [0, 4, 0, 2, 1, 1, 0, 0, 1, 0] [998, 147, 147, 145, 286, 285, 561, 560, 560, 990] Thread-1 11841
T6 [0, 3, 0, 2, 1, 2, 0, 0, 0, 0] [998, 147, 147, 145, 286, 285, 562, 560, 560, 990] Thread-7 11841
T5 [0, 3, 0, 2, 0, 2, 0, 1, 1, 1] [998, 147, 147, 145, 286, 286, 562, 560, 560, 990] Thread-5 11841
T4 [0, 2, 0, 2, 1, 2, 0, 0, 0, 1] [998, 147, 147, 145, 287, 286, 562, 560, 560, 990] Thread-6 11843
T9 [1, 2, 0, 2, 1, 2, 0, 0, 0, 0] [998, 147, 147, 145, 287, 286, 562, 560, 560, 991] Thread-9 11843
T0 [0, 3, 0, 2, 1, 2, 0, 0, 0, 0] [999, 147, 147, 145, 287, 286, 562, 560, 560, 991] Thread-2 11843
T7 [0, 3, 0, 2, 1, 1, 1, 0, 0, 0] [999, 147, 147, 145, 287, 286, 562, 561, 560, 991] Thread-7 11844
T3 [0, 3, 0, 1, 1, 1, 1, 1, 0, 1] [999, 147, 147, 146, 287, 286, 562, 561, 560, 991] Thread-3 11849
T9 [1, 3, 0, 1, 1, 1, 1, 1, 0, 0] [999, 147, 147, 146, 287, 286, 562, 561, 560, 992] Thread-10 11849
T0 [0, 4, 0, 1, 1, 1, 1, 1, 0, 0] [1000, 147, 147, 146, 287, 286, 562, 561, 560, 992] Thread-0 11850
T1 [0, 3, 1, 1, 1, 1, 1, 0, 0, 0] [1000, 148, 147, 146, 287, 286, 562, 561, 560, 992] Thread-3 11850
T8 [0, 3, 1, 1, 1, 1, 0, 0, 1, 1] [1000, 148, 147, 146, 287, 286, 562, 561, 561, 992] Thread-7 11860
T9 [1, 3, 1, 1, 1, 1, 0, 0, 1, 0] [1000, 148, 147, 146, 287, 286, 562, 561, 561, 993] Thread-11 11860
T6 [1, 2, 1, 1, 1, 2, 0, 0, 0, 0] [1000, 148, 147, 146, 287, 286, 563, 561, 561, 993] Thread-7 11861
T2 [1, 2, 0, 2, 1, 2, 0, 0, 0, 0] [1000, 148, 148, 146, 287, 286, 563, 561, 561, 993] Thread-3 11862
T7 [1, 2, 0, 2, 1, 1, 1, 0, 0, 0] [1000, 148, 148, 146, 287, 286, 563, 562, 561, 993] Thread-7 11864
T8 [1, 2, 0, 2, 1, 1, 0, 0, 1, 1] [1000, 148, 148, 146, 287, 286, 563, 562, 562, 993] Thread-7 11881
T9 [2, 2, 0, 2, 1, 1, 0, 0, 1, 0] [1000, 148, 148, 146, 287, 286, 563, 562, 562, 994] Thread-9 11881
T6 [2, 1, 0, 2, 1, 2, 0, 0, 0, 0] [1000, 148, 148, 146, 287, 286, 564, 562, 562, 994] Thread-7 11882
T5 [2, 1, 0, 2, 0, 2, 0, 1, 1, 1] [1000, 148, 148, 146, 287, 287, 564, 562, 562, 994] Thread-6 11882
T4 [2, 0, 0, 2, 1, 2, 0, 0, 0, 1] [1000, 148, 148, 146, 288, 287, 564, 562, 562, 994] Thread-5 11883
T9 [3, 0, 0, 2, 1, 2, 0, 0, 0, 0] [1000, 148, 148, 146, 288, 287, 564, 562, 562, 995] Thread-10 11883
T7 [3, 0, 0, 2, 1, 1, 1, 0, 0, 0] [1000, 148, 148, 146, 288, 287, 564, 563, 562, 995] Thread-7 11885
T8 [3, 0, 0, 2, 1, 1, 0, 0, 1, 1] [1000, 148, 148, 146, 288, 287, 564, 563, 563, 995] Thread-7 11902
T9 [4, 0, 0, 2, 1, 1, 0, 0, 1, 0] [1000, 148, 148, 146, 288, 287, 564, 563, 563, 996] Thread-11 11902
T7 [4, 0, 0, 2, 1, 0, 1, 0, 1, 0] [1000, 148, 148, 146, 288, 287, 564, 564, 563, 996] Thread-8 11906
T8 [4, 0, 0, 2, 1, 0, 0, 0, 2, 1] [1000, 148, 148, 146, 288, 287, 564, 564, 564, 996] Thread-8 11923
T9 [5, 0, 0, 2, 1, 0, 0, 0, 2, 0] [1000, 148, 148, 146, 288, 287, 564, 564, 564, 997] Thread-9 11923
T5 [5, 0, 0, 2, 0, 0, 0, 1, 3, 1] [1000, 148, 148, 146, 288, 288, 564, 564, 564, 997] Thread-5 11924
T9 [6, 0, 0, 2, 0, 0, 0, 1, 3, 0] [1000, 148, 148, 146, 288, 288, 564, 564, 564, 998] Thread-10 11924
T3 [6, 0, 0, 1, 0, 0, 0, 2, 3, 1] [1000, 148, 148, 147, 288, 288, 564, 564, 564, 998] Thread-3 11930
T9 [7, 0, 0, 1, 0, 0, 0, 2, 3, 0] [1000, 148, 148, 147, 288, 288, 564, 564, 564, 999] Thread-11 11930
T3 [7, 0, 0, 0, 0, 0, 0, 3, 3, 1] [1000, 148, 148, 148, 288, 288, 564, 564, 564, 999] Thread-4 12011
T9 [8, 0, 0, 0, 0, 0, 0, 3, 3, 0] [1000, 148, 148, 148, 288, 288, 564, 564, 564, 1000] Thread-9 12011
